200
54.3088 49.5961 48.6619 48.4272 50.6567 47.4617 50.9287 48.157 49.3133 49.2599 51.5356 53.0732 46.4881 47.4314 48.0068 49.2806 47.518 48.5433 50.9334 54.4429 46.327 51.0683 47.8434 49.313 49.5021 48.0738 49.7649 51.23 43.0621 52.3942 52.9109 47.2219 45.1422 52.5478 51.8521 55.9969 50.8313 51.8072 47.7327 51.17 47.6924 50.7063 54.2786 47.4467 53.6995 44.6819 46.0373 50.0215 51.101 50.9329 49.4643 54.0868 48.039 56.4526 49.1393 50.829 51.2595 48.0737 49.9624 48.712 50.6976 48.3657 52.3926 49.2647 48.9714 54.2797 50.7504 49.9096 49.9247 51.2791 46.8181 46.4099 48.4474 50.6611 49.5898 50.3069 53.334 47.8501 50.1227 50.1242 50.0265 50.0397 47.6544 52.3662 52.4845 52.0055 49.5363 46.4433 50.9021 50.6671 48.5932 52.476 50.5848 44.895 48.7033 51.7088 47.8573 47.665 51.0143 49.3129 52.1201 46.9661 52.2184 50.5574 49.525 50.501 47.5706 53.5028 49.3851 51.1271 50.6672 49.7236 52.3436 48.7533 45.3168 50.3345 46.2927 45.6107 51.5054 48.5303 53.2344 51.5055 46.2683 52.569 48.6564 47.8891 49.8233 50.8977 47.5975 51.4806 52.023 51.1432 53.1125 49.4212 52.0967 51.2034 48.3193 46.6026 51.0766 53.0416 50.5544 51.106 54.0547 46.6655 50.7634 48.0942 50.3541 52.8798 53.0959 50.9606 51.1384 47.8763 47.7368 48.3625 46.27 50.2524 49.936 50.6553 49.2084 50.5967 51.584 49.6117 49.1743 50.6402 46.8176 50.874 48.2211 49.4589 49.0072 50.5948 49.946 46.9125 49.0233 48.9328 49.4827 50.5096 49.2056 47.9481 44.3204 47.0032 49.7138 51.874 46.7834 51.7242 43.4361 46.7674 46.6496 49.0506 49.3493 53.2277 52.1419 52.734 46.2727 49.4517 46.0906 51.7171 50.8582 48.0214 49.0658 49.6718 
51.0619 46.1625 46.8411 48.0358 48.6785 47.214 50.5306 46.8892 48.3373 46.3064 49.8611 51.7351 47.5114 47.1362 47.3159 49.268 46.5913 47.7139 48.4489 50.0843 46.2287 47.8933 45.5048 47.7146 51.9297 45.5149 47.9016 47.571 43.5938 49.7426 49.331 48.1662 45.3885 50.3945 46.4799 53.4832 49.742 50.1313 45.2256 47.9425 46.8927 48.3661 49.621 45.6817 52.7425 45.7189 46.1082 46.9495 48.3017 49.6888 45.5331 52.4273 47.0869 52.5184 47.9352 47.4672 48.8218 45.2107 47.7135 48.3945 47.1447 47.5095 51.4387 48.3963 46.5811 50.9692 47.1113 49.1676 46.4192 45.4733 46.4044 43.4369 45.3673 49.9535 49.3729 47.6525 49.5469 46.9176 48.7986 47.7376 45.4536 47.8858 47.2822 49.0517 49.9435 50.4676 47.0841 45.1253 48.5454 46.3132 49.4239 49.6238 48.4962 43.7861 47.3295 50.7072 46.0758 43.4119 49.1201 47.2792 51.3241 45.0945 52.9536 48.2671 46.5657 48.3059 46.0445 52.54 47.8398 50.3665 48.2212 48.2361 50.3672 46.5661 44.621 48.7438 43.6837 43.5737 48.4569 44.9181 53.735 49.4504 45.3944 49.5332 47.0978 48.5303 49.0511 48.8264 47.5901 50.3506 48.0218 49.0648 51.3932 46.6666 50.0957 46.2626 48.8715 45.1072 51.8676 50.7278 48.2859 48.4995 50.7894 47.8536 50.2269 43.5302 47.4386 49.371 48.7562 47.5483 50.5669 45.8909 45.8033 48.6389 46.8093 48.5363 49.8091 48.906 47.1748 47.6003 48.8455 50.8737 45.1008 50.557 47.0116 50.8176 47.0024 47.4624 46.2081 47.6702 50.4037 43.5715 50.4691 44.5313 47.1429 48.9652 48.056 47.6436 43.8739 44.8501 47.8931 49.7516 47.8322 51.441 43.0249 45.9868 45.8976 48.105 49.0426 51.4675 49.431 49.5157 47.2407 47.5717 46.6637 51.1937 46.5605 46.3439 46.9945 47.0215 
49.4315 44.7064 49.8344 48.3615 47.1864 46.741 50.687 46.6047 48.8879 47.7892 49.9501 53.837 46.4676 48.0626 45.5257 50.0094 49.1362 48.2676 47.0131 50.6527 46.4051 48.6574 47.5237 48.0866 50.8053 46.7859 48.9288 47.8542 43.6047 48.4007 50.6157 49.4054 43.5602 50.87 50.7588 53.1278 49.9142 49.027 46.6602 46.3545 48.7622 49.712 50.7346 46.0861 52.2327 44.969 47.2679 47.4781 51.0253 51.5386 46.1075 51.0491 47.0448 53.0907 50.7377 50.1965 52.1083 45.3018 49.0099 45.4501 49.4432 49.4865 50.2808 48.1159 47.6584 52.3176 47.6767 50.8359 49.2831 47.248 47.591 45.0942 47.2308 50.2937 52.6075 48.1821 53.2523 46.9882 49.6023 48.0943 48.2135 48.4685 47.5579 51.4633 50.0357 50.4839 48.5393 47.4982 50.3808 47.2374 47.234 48.9466 49.6779 45.8687 47.2691 52.8007 46.191 45.4704 51.0667 49.1872 50.3963 44.2747 52.5714 47.9151 48.9786 49.2979 44.9703 50.3798 48.9812 48.7738 49.2297 49.2564 50.8478 45.3546 44.1393 47.1794 44.3272 45.2147 49.3548 48.1003 53.6509 50.6384 48.2171 48.7107 46.435 48.3731 50.2737 50.5515 48.3534 47.9356 47.114 51.1277 50.8591 46.9757 51.842 49.5023 47.754 44.6925 50.7275 49.8256 48.1696 49.8522 50.5103 47.8902 49.9589 44.277 45.7275 50.2809 50.3363 48.988 50.8688 45.8389 45.8527 47.1735 47.4307 47.831 49.867 50.2057 47.0917 46.6422 48.2859 52.0755 47.7301 50.2213 46.1705 49.4969 47.2144 49.5418 47.4108 49.0876 49.0051 45.5962 48.9266 44.0557 48.2177 48.9896 48.8017 44.5497 44.3913 44.2247 47.6604 50.7294 49.2749 48.6599 43.9096 44.2082 45.1462 47.6357 49.5227 50.4255 52.1026 48.9945 49.498 45.3488 46.3704 51.6875 49.8839 46.6882 50.1609 48.4207 
55.1006 52.374 50.0654 52.579 51.0312 51.1551 51.9753 50.4328 53.8392 51.2175 51.8119 55.609 49.5834 49.7692 49.3498 53.8016 48.2731 49.9145 52.9137 56.3399 48.1643 51.1998 50.5839 53.1463 53.2323 47.0229 49.9097 50.8039 47.027 51.9596 53.8776 51.98 46.2216 50.3786 53.686 55.0298 51.647 54.809 51.1961 51.353 51.6208 53.8599 51.4848 46.8815 54.2095 49.8683 49.2541 51.5142 51.8955 53.7271 48.2204 55.5032 50.6243 57.0091 50.1373 50.5335 53.8383 48.3684 52.7564 50.7466 50.1311 48.7143 51.5968 51.3881 51.6856 54.8493 51.3969 51.2235 48.3257 50.0631 50.5515 48.783 48.3217 52.2085 50.7709 50.3906 51.4041 50.3168 50.8373 51.2763 51.4927 51.1357 48.8298 54.5445 53.3251 52.8061 50.588 49.1158 52.6319 50.5019 51.1005 51.5728 52.4184 46.6202 48.5377 55.1779 49.2852 50.1111 53.2994 50.8509 51.1606 46.7064 53.9611 52.9548 49.9516 53.2985 48.9236 57.464 49.9854 51.4662 52.1119 50.0541 53.9948 48.7426 46.8109 50.8204 48.0503 50.332 51.5265 49.0845 54.7423 51.7742 47.3938 53.0245 47.7474 50.4956 52.2824 53.0194 50.7624 53.0855 53.2769 54.5335 53.2439 51.0628 54.6413 52.3863 49.4695 50.0549 53.9059 51.6527 52.181 53.0082 55.6336 49.6639 54.051 47.6941 52.2764 52.7085 54.7611 50.5883 56.3766 48.6354 49.0222 51.6893 46.6859 49.9106 53.2417 53.0974 48.9669 51.2851 53.8333 56.1714 49.7197 50.8588 50.1782 52.4268 52.596 51.4243 51.4842 49.909 51.4947 47.9408 50.6624 49.333 50.5472 52.0128 50.8031 48.5383 46.6907 48.1511 49.6021 53.5716 51.7151 53.8742 44.9503 48.6962 49.3076 50.3295 52.2548 57.5876 52.0971 52.7388 50.8579 50.6427 48.3512 55.1953 52.7067 48.8565 52.7151 50.3518 
51.9231 47.7535 47.1636 49.5133 46.6825 46.4236 49.544 47.0499 49.4257 46.86 50.0594 51.4376 46.9657 48.2882 49.5531 50.9129 47.5706 48.6925 46.9483 51.8509 46.2367 48.907 48.0316 51.7296 51.697 45.3524 48.1522 48.0422 44.4207 48.139 52.3592 49.2065 46.3554 50.8169 52.2204 54.3093 48.4323 47.5075 49.126 47.1998 47.3732 50.2892 49.2053 42.2996 50.7809 47.5542 47.418 46.9901 50.4251 50.7732 46.3636 51.9788 43.0265 53.9005 48.2625 46.1233 50.482 42.2331 49.2472 45.1257 47.0007 48.0749 48.9662 50.2019 46.0618 53.0479 49.1952 49.0039 46.5023 46.6848 45.3172 45.2525 46.2603 51.9567 47.2457 46.9211 51.1623 48.0349 48.4953 47.8001 44.538 49.5068 47.756 50.7253 50.6466 50.5733 45.8904 45.3159 48.9903 48.5989 49.72 49.6987 50.8044 44.6616 48.2931 50.5448 47.0609 46.7821 49.0721 48.4968 51.6744 45.1449 50.279 49.0743 50.583 50.0192 45.9949 51.1302 48.218 48.971 48.6442 49.5327 50.7032 46.559 46.5022 48.5432 45.6124 45.2771 48.0202 47.5204 52.8031 50.1984 45.0192 49.3147 46.1066 47.8871 49.7781 49.6553 46.8479 52.5019 49.4872 49.2566 50.5632 47.9788 51.0959 48.3246 48.9751 45.7282 50.2862 48.9641 47.8115 50.2106 51.0589 45.4755 51.3402 45.7374 47.4383 51.4175 51.3486 50.1892 50.763 43.8044 45.5692 48.6103 44.336 48.8521 49.8734 50.202 47.0884 48.6636 50.4906 51.7604 46.8878 51.0893 45.0944 50.0024 48.5723 48.6258 46.7584 48.9235 52.4546 46.0062 47.6655 46.7812 46.1177 49.7497 46.4257 45.0621 45.1185 44.3007 48.781 48.2581 49.8311 48.8598 44.4722 45.4352 47.0577 47.343 50.1742 51.5166 50.7429 48.9602 48.0094 48.2828 46.5965 51.0882 48.9606 47.1078 47.519 47.9942 
49.9814 45.3473 46.9896 48.7263 47.7401 45.0685 47.9029 46.0721 47.7169 48.3858 47.1687 49.9986 44.4321 49.0578 44.37 47.7756 47.0735 47.7858 45.3083 50.4454 44.9853 46.0406 48.9047 48.6997 48.6869 44.7954 46.9182 47.0896 42.1742 45.5905 50.6825 46.4615 44.0915 48.1225 49.3696 49.9963 49.8645 48.3519 48.6093 45.1008 45.0111 48.2904 46.9003 45.1168 50.9737 46.1458 46.8781 48.7601 50.0975 48.3246 45.3752 52.9978 45.5366 53.7015 47.2584 47.0093 48.4688 43.7033 47.4899 46.4871 44.9895 44.2785 47.8874 46.5081 46.2862 50.6694 46.5347 47.869 44.2067 46.7072 45.3108 43.6045 44.2237 49.0523 48.9614 46.2139 48.2562 48.1214 48.6726 46.7939 48.4627 48.052 45.9116 51.3181 50.0814 49.4581 46.6566 44.9698 49.2197 48.2398 49.5625 47.1528 48.6804 41.9788 47.0823 50.2627 44.5588 45.06 47.4706 46.0956 48.0227 41.3206 49.1463 45.3908 48.2355 48.6092 46.5907 51.0907 48.6237 48.1333 48.5163 50.6136 47.0127 45.5661 43.4589 48.2249 45.7584 46.3943 48.0495 45.4529 53.4367 47.7622 45.0157 46.4159 45.7325 47.3588 48.6371 49.067 45.1093 50.2623 48.1782 46.6205 47.5487 47.4016 49.1499 50.5093 47.1395 45.5578 48.6117 47.8418 47.0435 49.2191 50.8029 44.1859 48.9294 45.5226 45.7546 47.8834 46.3958 48.8289 50.0648 42.6717 43.2405 47.23 46.1112 43.9734 51.1756 48.4134 45.6343 49.0373 47.1176 51.3468 45.6331 49.0634 44.5055 47.536 48.5588 48.3615 45.9341 48.7721 47.3252 44.5074 47.6649 44.3925 45.3717 47.0121 47.4426 45.299 42.5858 43.6688 45.5439 47.8142 46.9017 48.1442 43.8181 42.4207 43.1139 43.2667 49.1198 50.7525 48.6957 48.5627 45.8541 44.9344 45.1206 49.9059 47.9292 46.3045 48.0183 46.5281 
56.5158 53.6447 53.6592 54.9981 55.8051 54.2224 56.0248 53.7102 54.2865 55.7857 54.2014 57.6575 51.7952 51.0283 53.0433 53.4576 53.5563 53.5212 51.9126 58.9293 52.9923 54.4526 54.9677 56.7992 58.9879 52.1107 56.6675 54.2289 50.4717 54.3344 57.5871 53.2022 49.2623 55.6605 57.2297 60.2914 55.6469 53.9901 55.3275 54.4148 50.3044 57.185 56.1748 50.6731 58.9062 52.1678 52.7877 56.1284 55.6176 55.3384 53.8199 57.9685 52.7501 60.2915 55.2861 54.8322 57.9286 50.3638 56.3629 54.192 52.9689 54.5169 56.6376 54.0821 53.0379 57.4934 55.6531 54.6231 53.4604 56.1224 49.3467 50.7577 50.6721 56.8638 56.9318 53.5237 56.8501 56.4224 56.0156 54.3804 52.6395 59.5759 53.3234 60.2559 56.9874 58.2376 55.1429 53.1415 56.079 53.8043 55.3607 56.3732 56.3843 49.6903 52.2644 57.4851 51.1122 52.9044 55.6285 55.3755 55.8191 47.9909 57.3153 53.2555 56.3723 54.8012 52.6031 57.0369 55.893 53.9257 57.2823 55.3505 57.7144 53.3495 51.4306 58.0728 51.1103 52.2305 55.3039 52.5865 59.0393 56.5767 50.131 55.1599 51.1391 54.87 56.4037 56.0601 54.7178 56.9589 55.5492 56.8757 56.569 55.1788 56.9814 55.9111 53.4898 51.7891 57.8356 56.6825 52.9646 60.4297 60.0372 51.8448 53.9738 52.6717 54.9573 57.1102 54.108 55.4774 56.2972 48.6999 50.3718 54.1397 49.2649 54.1715 59.1238 56.9011 52.9235 55.2223 56.2353 58.8408 52.5934 56.5257 51.2349 57.4909 55.5948 56.0333 53.7715 55.8486 55.0919 51.4035 54.7 51.774 53.6159 57.6397 51.7469 52.0631 50.6017 52.4624 53.5164 55.0474 54.7292 57.1759 50.6899 51.1583 51.1089 52.6773 55.1724 57.2862 55.6007 57.1642 54.6884 52.3547 50.8557 57.7313 55.7502 54.0032 54.3214 53.9529 
53.783 48.9167 50.747 51.0183 47.9656 48.4518 52.8982 48.258 49.0775 52.1791 50.2656 51.844 48.8996 48.3231 49.1482 52.0075 48.828 49.477 49.3226 55.7209 47.1787 50.6618 50.6493 51.1798 51.5392 49.7187 50.2836 51.6563 46.1092 52.1379 53.3873 51.0051 46.035 50.7505 50.5369 55.6056 50.9219 53.7541 46.9158 47.6919 46.1615 49.6015 53.197 48.0825 54.914 48.1644 47.9773 53.3393 51.418 50.0145 49.5707 55.6813 47.3615 53.8143 51.5838 51.5495 52.4696 47.1864 51.4765 49.24 49.6542 48.8034 54.4973 49.6327 48.204 52.2803 51.3477 52.2361 48.5797 48.9742 49.481 44.6551 48.9107 52.4264 51.5926 48.7443 53.7345 50.0532 50.1688 48.3086 49.9774 52.867 48.2485 53.0022 51.0448 51.2411 50.0285 46.9543 50.4756 50.5108 50.512 51.9099 51.8685 46.9675 49.2359 52.3191 50.6145 48.3489 52.2005 50.0293 53.2541 45.8274 52.4362 50.6058 53.01 50.7695 48.7333 52.9515 51.357 51.4913 49.5011 50.671 52.1011 49.2439 48.487 50.6544 47.7373 43.5641 48.4855 47.4305 54.9158 51.8415 47.4858 51.8476 48.5677 51.8691 49.7762 50.4697 50.6182 52.488 53.0376 52.6967 53.8609 49.6529 51.8941 51.8131 48.6553 48.5055 50.7901 54.9414 50.4122 53.485 56.6013 49.7845 52.1981 47.4445 48.6805 53.2276 51.8378 49.0298 54.0895 46.9303 47.4914 48.7649 45.9676 48.9221 53.7171 51.6909 47.8817 51.0628 52.1162 54.1237 48.3916 50.7259 50.5791 52.3886 50.3215 51.3117 50.376 51.3295 51.9081 47.3523 48.7479 45.7216 51.0114 50.6083 48.496 48.1832 48.093 47.4826 48.8335 52.6578 49.3566 50.283 45.2648 46.4101 46.8596 49.6379 51.1613 54.3265 51.1954 50.8025 51.5326 48.8855 45.719 52.0244 49.6215 50.7389 50.1908 48.6444 
50.3628 44.8977 47.4806 48.9766 48.3993 47.391 47.7475 45.7463 46.6702 50.6245 47.6887 48.9659 46.0404 43.2055 47.0094 47.1577 44.9192 46.727 42.6372 50.9736 45.5359 45.5261 45.0789 47.7315 47.8521 45.101 47.2999 47.8048 44.1214 46.4389 49.6593 45.3423 42.913 47.2648 48.5028 52.33 46.6448 51.1192 46.381 47.7236 44.5234 49.0336 49.3747 45.8529 53.5434 44.9662 43.1635 51.7413 49.4976 45.7595 48.4986 51.5265 46.2872 51.5077 45.3678 48.3727 49.1826 42.2534 49.9249 46.0178 48.3976 45.6834 48.0019 45.8648 44.5517 50.5572 46.1083 48.9305 47.2913 47.2099 46.8397 43.9598 45.493 48.0929 46.9239 47.4998 49.5384 45.9188 48.6384 45.9663 48.4334 46.4695 44.0353 50.8301 48.1325 47.6509 47.8268 44.6978 49.8132 47.2051 47.5998 47.495 47.7434 42.0136 44.5265 51.8245 46.2802 45.3594 48.3668 44.981 49.635 45.0068 48.3643 46.3564 46.8086 48.1054 46.4596 50.498 45.6005 47.3458 49.2336 49.8427 49.3511 43.1295 46.6519 48.8741 43.4071 45.0749 47.4433 48.9639 50.5418 49.6019 45.2343 49.5878 44.5047 46.7287 48.7049 48.4707 47.4501 49.3503 50.7649 49.5302 48.7657 48.1222 49.5593 48.2831 48.1911 48.0676 49.8641 48.564 49.46 51.4369 50.7306 46.8593 50.0927 45.0024 48.2222 50.4409 48.2899 46.5249 48.9362 42.945 44.3603 47.937 43.6237 48.5348 49.1583 46.3581 43.9554 48.4014 49.1446 50.3398 44.5704 47.9789 44.8528 49.793 49.1974 48.9775 46.9055 47.03 48.6762 44.5642 46.5496 45.3187 46.5768 47.7344 46.4037 44.6521 44.1092 44.6109 45.2325 48.603 46.8017 47.2378 41.5391 45.0516 42.8476 44.1233 48.3006 48.1888 48.5997 49.4756 46.5721 44.1096 46.9271 51.8548 46.948 44.1818 44.7969 46.4711 
49.8908 46.8023 49.011 49.8721 51.5106 47.4425 50.8913 45.706 49.4245 49.0479 50.2187 49.7858 44.4301 47.0358 48.3439 50.512 46.597 47.5483 48.023 51.9958 47.5034 46.7192 46.4106 48.5464 51.8194 46.7624 47.2164 50.1747 44.3742 50.7669 51.7729 45.436 43.849 51.7142 50.7463 52.3617 49.6133 48.3239 45.5153 48.3024 47.7972 47.7298 49.8484 45.2276 52.073 44.0922 47.874 51.217 51.541 48.4038 47.2528 50.3642 46.083 53.0484 48.0552 47.2189 52.3752 45.3423 49.9287 47.7185 47.7807 47.9978 48.7508 46.5839 50.3945 49.4149 49.3752 49.4875 47.2181 47.3366 44.4811 46.148 47.1979 49.5913 48.7239 45.9229 50.333 47.1106 47.2609 48.0447 47.4366 49.3372 44.6584 52.1277 48.0664 47.7809 48.0745 45.5728 49.0946 49.5925 50.4106 48.8 48.9467 42.6175 46.2154 50.816 48.4535 47.1034 51.4744 49.5918 49.8061 44.3127 50.5438 49.9632 49.0779 48.3703 44.2744 52.0414 49.1518 50.9429 49.399 48.7563 47.9544 47.0294 45.0638 49.0361 45.4329 46.2962 50.4933 45.5136 52.2938 50.812 45.8778 50.8715 45.4044 48.9727 48.4132 47.9752 48.541 50.1015 49.3438 50.9685 50.4734 46.9653 52.1513 48.4381 48.1151 46.3129 49.8095 50.8451 49.3061 50.7048 51.0488 45.0824 47.7837 45.6543 49.8151 51.6455 49.0722 49.7478 48.7585 45.0326 45.0963 48.9331 45.108 48.9305 51.5135 49.0144 46.6162 50.2525 50.3314 51.2414 48.5228 48.2493 47.1941 48.2962 47.2697 49.1133 46.2606 47.239 47.4151 44.2657 47.814 46.323 48.2421 48.6102 47.0888 45.3272 44.8247 42.9997 45.5665 49.0955 47.6464 49.5767 44.3201 47.7543 42.8926 45.8547 48.516 49.7769 49.581 48.107 46.7261 46.6683 45.4982 52.3541 48.6974 46.7161 47.5538 46.8847 
54.9149 53.0127 53.5839 54.3617 52.3611 51.2522 57.8932 52.7941 50.4417 51.8255 53.8043 57.0153 49.1997 49.4465 53.4714 52.7933 49.2438 52.0969 53.7052 55.9523 51.3794 52.7986 53.9342 54.3006 55.2741 48.7631 53.1034 52.1322 49.6721 54.2492 54.7297 50.5359 48.1806 54.1866 54.9799 59.2378 54.3429 55.1881 50.5559 52.7564 51.872 55.1854 54.2539 49.7664 56.8075 51.2822 48.8686 52.9499 55.7427 52.9517 52.8432 56.8693 51.0352 58.0571 54.7403 53.3968 55.1023 50.5168 54.6844 51.4543 53.4537 52.088 53.7438 52.5377 51.756 55.3485 50.3151 54.2576 52.4188 52.4359 51.4083 47.8296 52.3698 54.6044 53.9978 51.7158 56.0527 53.934 53.1741 50.2961 53.104 54.967 50.6129 57.4838 56.3195 53.7615 54.498 47.7767 53.6905 51.6136 51.1298 52.8918 54.912 46.9751 52.6692 57.5615 49.3416 52.1894 53.9497 52.9829 55.7417 47.8173 55.6356 52.0635 54.617 53.8535 48.3986 54.6709 52.8438 54.0437 52.9511 52.5354 55.5511 52.6996 50.1901 53.208 47.9434 47.963 51.28 52.2862 57.3781 55.8652 50.0272 55.802 50.2589 51.9857 53.1682 54.8017 52.3352 51.6126 55.0057 54.3416 56.6978 52.7262 54.6123 53.9223 51.6622 48.7696 54.7276 54.4027 53.9673 55.3123 56.4491 49.4651 53.3245 50.1393 53.8055 53.7862 54.6743 55.159 55.5379 50.7557 49.5477 54.814 47.0926 53.6263 54.6055 54.1237 50.5196 50.7545 54.1612 56.8675 53.0175 53.321 49.7356 54.3159 53.3257 52.5124 53.9492 52.5287 51.6266 49.8034 53.4774 49.1497 52.5859 52.2864 53.5083 49.3784 50.5936 49.6979 51.7226 54.6126 53.626 55.9415 46.8617 50.6574 49.1288 50.0937 51.0467 54.0578 55.9591 53.6496 50.6181 50.3195 49.7157 57.7182 55.2779 51.6482 52.4009 54.55 
48.4724 45.7138 46.3373 47.7234 48.5733 44.9492 46.6052 44.8879 46.8341 46.2342 47.9506 47.1839 44.9257 44.8186 46.958 44.1523 45.554 44.5466 46.0934 48.2302 43.9198 45.534 43.731 47.9254 49.0232 42.8382 46.6846 46.1294 42.3722 47.1484 48.403 45.5842 42.2513 48.8878 48.5083 51.3518 48.3244 47.9158 44.3893 47.45 45.283 46.9333 48.0382 43.9322 49.7067 43.6332 43.337 45.817 47.4524 46.6182 45.0454 51.658 45.5034 51.0539 47.379 50.2588 49.562 43.1168 46.3419 45.5371 45.1256 46.4591 47.309 45.2303 45.8706 49.198 46.0188 45.5096 45.2811 44.8302 44.2405 43.4504 43.715 47.8543 45.5791 47.4473 47.751 46.0972 46.3671 45.7424 44.7449 45.6439 44.916 48.4925 49.5322 47.1661 44.158 43.3163 46.4011 46.7833 46.0112 48.3287 48.3382 41.3264 43.7873 47.5871 46.5047 42.7964 45.9817 42.5026 48.4543 42.7932 48.4151 45.5794 47.4433 50.5568 43.2115 50.6812 46.4901 46.1026 47.8104 46.2782 47.7466 45.9474 43.9264 48.8946 42.5573 42.9773 43.9066 46.0983 51.3931 46.8716 44.079 48.3393 44.2724 45.4989 48.0173 45.4865 46.0685 49.0313 48.7691 46.0805 48.7652 46.3514 47.9023 47.3639 45.1593 44.9014 47.8817 47.7201 47.9999 48.2038 49.9157 45.0429 47.3841 45.8716 47.6665 48.3344 49.1222 47.4504 46.817 43.2143 42.5807 46.753 41.7903 44.4545 49.1486 48.9578 45.8078 48.5014 47.708 48.9622 45.6329 46.1058 45.5213 47.0673 44.2978 46.0807 44.6645 48.0174 48.3495 43.1701 47.0946 43.2697 44.2277 46.8374 44.519 46.0157 41.2178 44.2899 44.7777 48.87 44.97 45.1784 39.8094 45.3691 43.7711 43.457 46.8826 51.239 47.5466 48.0102 42.8373 43.4191 44.8023 48.2482 46.5458 45.09 44.3826 44.3879 
53.1863 48.2344 51.3778 49.6811 50.1258 47.7922 52.1446 48.0289 49.0327 49.7083 52.263 53.1436 46.883 50.3256 48.7139 50.7224 50.4301 51.4567 49.6824 54.6069 46.1306 49.6119 47.9781 49.2668 50.2033 46.2971 47.2766 51.8753 46.3916 48.8798 53.2719 45.4476 46.6646 52.4834 50.5346 55.9562 50.4485 51.8386 50.2036 51.2708 47.5785 51.5557 49.5067 48.0599 51.85 47.7205 47.194 51.0384 52.8005 50.3478 46.0485 54.5727 49.288 54.3648 48.8474 49.9577 53.2685 45.857 51.506 48.205 50.8201 48.0987 52.782 47.9281 49.5802 54.0859 49.8025 50.0422 48.845 48.085 44.686 45.0431 46.6419 52.4548 50.7529 48.6149 51.3988 47.9449 49.94 50.0169 48.5671 51.6024 45.7483 53.0926 51.728 53.1738 48.0562 47.6696 49.8735 48.3941 50.1968 51.2538 53.2625 46.7095 49.1344 53.0689 49.092 47.4233 50.8509 49.9816 53.3222 46.4173 51.4317 49.3482 51.2924 52.5584 45.3092 56.6015 51.8779 49.3781 48.0959 49.1965 52.9652 49.9618 48.6053 48.7748 46.2546 44.377 49.071 49.4617 53.4366 53.4533 46.3149 51.0497 49.5024 50.0822 50.7894 50.8361 49.3616 52.2807 51.1812 50.243 52.2484 48.1635 52.803 51.9533 49.7256 47.0244 52.7387 52.0505 50.6941 51.9383 54.5799 48.2355 52.6764 47.9523 51.8101 52.3867 49.8109 52.3552 51.5731 45.6524 48.0166 50.7393 48.024 50.9952 51.7394 52.3454 49.7673 51.4644 52.0223 53.4931 48.6926 50.4142 47.8086 52.0252 49.2504 49.9826 49.5936 52.3755 51.4297 47.8066 48.8663 46.1012 49.3135 50.6921 49.4877 47.2138 45.5801 47.272 46.2382 51.6301 49.9342 50.8824 43.8325 45.5342 48.6135 48.1001 47.8071 52.7251 51.154 52.1374 46.7776 47.6598 48.6419 52.4048 51.3012 51.0003 47.7403 49.9415 
50.6102 45.6329 47.826 48.5858 48.7241 46.3475 50.3813 46.7492 48.1053 48.0097 49.3489 50.892 45.0932 46.9018 46.5037 47.7974 48.8722 49.8212 45.9748 51.8601 45.9741 48.8536 47.3187 48.3269 49.3155 47.0959 47.1068 47.9036 44.0962 47.4267 50.1109 46.1391 46.4117 51.3034 48.1075 53.2553 49.3174 49.6406 46.5145 46.3851 46.3612 48.9397 47.3023 43.4834 51.5583 44.6956 45.9021 46.3766 50.498 48.3421 48.4564 50.9124 44.7348 53.872 49.7209 47.8932 47.9541 43.5799 49.9471 47.172 48.8783 45.1796 50.4977 46.5607 46.6872 50.9047 48.5328 46.5223 47.9641 47.241 44.6147 44.6798 45.625 50.4084 48.823 46.7172 51.1122 47.5971 47.1501 44.6285 45.3884 48.8083 47.6311 50.0904 49.926 48.1561 47.6709 43.7744 47.0672 47.2682 48.2424 49.4899 48.344 44.483 47.6836 48.3623 44.775 44.2995 48.3121 47.3186 49.0695 42.3001 50.6136 46.6476 50.8322 48.0924 44.5307 49.0508 48.342 49.5345 48.3544 47.401 51.5721 47.1537 44.9195 48.3258 45.8286 43.5714 47.2968 45.8708 52.185 47.9115 44.3873 48.8082 46.0324 48.8511 47.8602 48.1437 48.6676 52.6113 48.8924 49.8619 49.9198 46.1898 49.1332 47.6592 46.9886 43.1183 51.3401 48.9251 46.9046 50.048 50.9475 45.7566 50.0224 45.1382 47.946 50.9535 46.1486 49.9924 47.9136 42.778 44.3509 48.5825 42.4861 45.107 50.6173 49.7171 45.913 50.9794 46.875 51.2773 46.1244 50.0477 43.5325 50.0831 46.0599 47.5737 47.3906 48.7 47.7118 44.4231 47.3648 45.7931 49.6462 49.8335 45.841 44.5158 43.8532 44.1338 48.62 46.438 47.1716 50.2196 41.5683 45.374 45.9272 46.0559 47.627 49.6056 49.5893 49.622 46.0877 48.4478 47.1861 48.9557 48.4089 47.9188 46.727 45.697 
53.9286 51.2151 49.8465 52.4213 49.6547 49.9574 52.0389 50.261 50.6555 50.2663 50.5538 53.6626 47.6508 48.9537 49.6462 50.438 49.6906 49.7279 47.5472 50.7161 47.0662 50.3917 48.5549 50.4952 51.0211 49.394 50.9106 49.7637 46.2039 49.7276 51.6658 49.0397 46.2119 51.842 50.5236 55.3239 50.698 51.1836 47.836 48.6356 48.4146 51.2843 49.7586 48.4461 54.0054 48.0114 46.9215 51.8713 51.843 48.8293 48.8741 57.1471 47.5902 55.4464 51.2034 51.3861 52.8274 46.2923 51.2431 51.4852 50.3827 47.6233 52.8136 49.2992 48.6373 52.9791 47.5713 47.429 48.3288 50.8666 47.2301 46.4061 47.3295 49.9623 51.7438 50.2451 52.3751 51.0819 49.2128 49.292 48.5324 50.6957 48.1046 52.501 51.8907 50.9447 49.8697 48.9312 54.6443 49.9125 50.9803 49.8337 51.3712 45.4717 47.8564 54.2442 46.8836 48.1693 52.3058 49.5782 51.3803 46.4196 54.2628 50.2 49.4228 50.0343 46.3569 55.3585 49.9992 50.2109 52.2917 50.8849 53.6508 48.6492 47.7606 51.2882 44.5383 46.1271 48.8195 49.8969 56.3549 50.8156 47.4249 53.0899 48.1678 49.7123 51.1618 51.9252 49.1976 52.8588 53.692 51.1976 53.3417 50.0863 52.5587 50.909 49.6635 47.6026 51.7495 50.0972 50.5601 51.2579 54.3861 47.8739 50.5553 47.0496 50.9023 51.8085 52.256 48.908 51.6697 47.5219 46.7113 49.7379 46.8002 50.4766 52.7171 50.0457 48.8509 51.6944 51.331 52.7326 48.7973 52.1725 48.0657 51.2113 49.9239 50.6326 49.3156 50.1608 49.7547 47.4478 50.9213 48.3887 48.5601 50.3614 49.7071 48.7549 45.3326 45.5141 48.5635 49.6189 48.9948 53.3095 45.5184 48.6804 47.0763 46.8653 49.2458 51.0037 51.6907 50.7412 48.8175 47.1481 48.8397 54.9522 51.2429 45.882 50.4826 51.4055 
53.1297 51.2402 49.9946 48.0811 50.0447 49.0944 52.1713 46.769 49.6226 49.4135 52.885 53.6517 47.4719 48.773 48.2893 50.2991 48.9459 50.9393 49.4891 55.4879 48.3401 51.4816 49.927 50.7155 54.0478 47.0812 48.0815 50.4609 45.4044 53.2278 52.8845 49.1809 48.0882 52.7128 52.082 54.8841 52.5221 51.1558 49.9002 48.823 49.005 52.4946 52.3432 48.0037 54.406 47.5773 48.7675 50.7794 52.4415 52.1056 49.3158 52.7377 49.4836 54.3074 50.6732 49.9456 51.2127 45.8573 52.6984 48.8174 51.4644 48.2329 51.638 48.6139 48.7876 54.04 50.9066 50.2779 49.3363 48.279 49.4261 45.8159 49.2917 51.2825 50.3315 48.5523 54.9134 50.6583 51.2449 50.5277 49.4216 52.3396 48.8402 53.2515 51.1309 52.9152 48.7237 45.5709 50.6859 49.9845 48.9099 53.9653 51.6021 46.6913 49.4125 54.6378 49.4512 45.9354 51.1055 49.0147 53.6243 45.447 53.2268 50.5336 50.2754 52.9848 49.3076 54.8402 52.105 54.5487 50.6586 51.8447 53.0301 50.5553 49.1196 49.0949 46.0107 48.8436 50.0832 48.5247 55.9196 52.1483 47.8859 54.5349 47.2783 48.7731 51.7471 52.3574 49.5987 52.1833 51.6465 49.8285 51.8311 49.865 52.3247 51.3726 47.9475 48.2499 52.1416 54.4985 50.1132 52.6286 52.3058 49.3512 52.285 48.2242 51.8009 53.2916 51.288 50.418 53.0008 46.2996 46.0413 48.8727 45.6398 49.5731 53.104 52.0717 50.016 50.5963 52.6545 54.0946 50.1644 52.4956 47.0342 51.5533 48.5479 51.8997 48.8734 48.0572 51.049 48.901 49.687 46.2402 52.5476 49.4324 48.4893 46.8813 48.1733 46.6457 48.8288 53.19 49.5305 51.1578 45.7258 47.0943 47.1478 50.3017 49.4953 52.8 52.8284 50.6774 50.1652 50.4483 48.2421 53.519 50.1958 49.2479 49.681 49.0559 
50.1727 46.7248 49.156 48.2079 48.1176 44.5 48.3324 48.3779 48.4967 48.8957 49.5815 49.9249 45.0811 47.8959 47.5864 50.5632 45.7535 46.0974 47.6791 51.2072 46.7504 46.8887 47.2647 49.2229 49.2069 45.6632 49.3105 48.8125 45.6955 48.0963 50.4981 48.7695 43.2735 49.8228 50.1327 54.8714 48.6558 50.8597 48.9892 46.0785 47.1681 50.8455 49.198 43.1991 51.2611 45.549 46.424 50.2945 49.9636 50.8779 47.1926 54.4849 45.8968 56.7858 49.2112 48.0602 49.9581 45.2369 48.4606 46.815 47.4412 44.422 47.6888 45.7967 45.0697 53.0603 49.306 48.9934 46.0337 47.0408 45.1223 47.0023 44.851 48.8141 49.086 47.3225 49.0621 49.3169 48.7592 47.9502 46.0257 50.7401 46.9923 52.8751 49.3054 50.0329 50.6038 44.1142 48.2895 48.3991 48.2837 49.131 50.8014 44.1129 47.6488 50.8477 44.8544 46.1142 48.9665 48.8242 48.1432 42.6953 51.0234 44.5577 50.4872 51.4215 44.7602 51.8736 47.9155 50.6779 49.0286 50.6536 49.6152 48.5035 45.4681 48.2818 44.8594 43.0173 50.4595 45.2092 51.5009 48.0132 45.1352 50.5007 45.0983 46.876 48.5738 47.7445 46.9014 51.0633 46.3458 47.5562 47.3532 48.3461 50.2611 51.7771 47.2635 46.1244 47.9426 50.029 45.0522 50.2838 52.3198 44.644 49.0865 45.4661 48.9782 49.7461 50.0899 47.7049 49.8427 46.1777 44.4286 47.0926 44.9568 46.3194 51.5751 49.025 45.4104 48.7367 48.4734 51.1305 47.2501 50.3573 45.2311 51.0854 47.8828 47.709 48.3934 48.3366 49.6758 46.6144 49.3301 44.6167 47.084 48.9694 46.3441 45.9314 45.4049 46.4515 46.6392 49.1033 48.0367 49.5754 42.2141 43.2341 44.2509 44.7582 49.8461 52.3439 49.6002 51.1837 47.2338 48.1265 47.0833 51.4412 49.5218 47.9604 46.786 46.5071 
50.0956 47.8565 47.8671 48.5156 48.6763 45.23 48.104 44.9102 46.8049 48.894 48.5433 51.2435 46.5951 47.7148 45.0544 49.4713 49.1154 47.2469 45.0781 50.3322 46.5843 48.6733 48.2311 46.5235 47.7836 46.3584 47.6977 47.8714 43.0413 45.8902 50.4389 44.0998 46.8511 49.802 48.9467 53.0109 48.6979 50.1584 47.0431 47.3338 44.9705 47.5679 50.4907 44.5429 49.5504 45.6166 45.5659 48.6288 47.0452 48.0794 45.2234 52.4004 45.8339 51.5801 48.7208 48.1369 49.4961 43.2902 46.9531 45.1625 48.8831 45.9603 48.6683 46.6387 44.1158 51.931 48.451 49.7352 47.5862 47.9855 46.5496 44.7899 44.842 49.5407 48.6868 47.3955 49.2458 46.785 47.9275 48.8486 46.7765 46.5864 47.6988 50.6701 48.9441 50.4134 49.6584 43.7355 49.2445 46.017 47.4012 50.4686 49.0668 43.0616 46.8541 49.9026 44.9679 43.9517 49.0866 47.8127 49.1589 45.456 49.9784 45.6517 50.1659 48.2768 43.9037 50.8204 48.4237 46.8981 49.284 51.0528 49.114 48.7978 45.0752 48.4218 43.7284 42.9933 48.6256 45.9064 49.4793 50.1862 46.4919 49.5647 47.5292 47.4549 48.9656 49.4094 48.047 50.7232 45.6782 47.573 49.9241 47.0476 49.1652 48.5469 48.1701 47.244 51.6368 49.3372 47.6296 49.9114 53.1906 46.2216 52.7469 44.8279 49.118 47.853 48.6904 49.4825 50.4311 43.7131 42.5698 46.4775 42.6554 46.7607 48.2342 50.0077 46.7805 49.7524 49.9582 50.4459 45.1012 50.0125 46.7485 48.1749 47.128 50.7343 46.5981 49.8781 52.2278 45.2055 47.1579 44.0746 48.9018 48.1864 47.7585 44.5921 44.3518 45.8266 45.9617 50.1099 46.5179 48.5575 42.7725 44.6643 45.6426 44.7508 47.9961 49.7615 50.4858 48.2387 47.6066 46.153 45.4509 51.6454 49.343 46.6903 48.4606 44.7883 
56.7979 50.7163 51.3309 50.9384 51.3396 50.5999 55.1619 49.5064 51.0144 52.4258 53.0713 55.1972 48.921 52.2254 48.3628 52.054 50.1624 50.7331 51.3268 56.2201 49.2107 49.4902 51.4224 52.7289 55.3163 48.2348 49.5427 50.6516 44.7788 54.7214 53.6231 48.375 49.3761 53.7071 53.5997 56.7803 52.609 52.7488 52.3507 50.229 48.3473 52.0892 51.2424 49.6594 55.9386 49.0671 50.1352 53.3775 52.6846 54.986 50.4786 55.467 48.3129 56.9431 50.9283 50.522 51.3235 48.1916 52.0128 51.7797 52.9546 50.893 53.1626 52.4895 50.6611 54.6564 50.864 53.1792 50.099 50.6237 50.3989 48.2257 50.0991 52.5686 52.9642 50.556 53.3251 52.2549 52.4374 51.8074 48.9714 51.1387 49.2388 55.395 53.0961 51.9189 48.955 47.7985 53.5709 50.9292 50.8609 53.3204 51.8525 47.883 50.461 53.5563 48.9756 49.1938 51.7973 50.9909 55.0985 48.2943 53.7523 52.1833 53.9392 52.7165 47.781 54.209 52.061 52.9289 52.1274 53.2132 54.8103 50.9537 47.6892 51.7911 49.3475 46.5596 51.5905 49.6239 56.6156 51.3169 48.7691 53.5057 46.6002 51.2149 51.3637 51.1183 53.3499 53.0134 52.4685 54.0779 54.8108 51.8966 53.3742 50.8943 52.2298 49.3592 54.2858 53.9432 52.6803 52.2622 54.8962 48.5583 53.3165 48.6614 51.8709 53.6079 54.6757 53.5803 53.4092 49.8688 48.7376 51.9355 48.61 53.081 53.348 52.7728 49.9856 52.9281 55.1082 54.5085 49.2699 52.7258 48.2865 52.6823 50.0674 52.031 52.9446 53.1716 53.0072 47.7529 51.5957 49.7254 53.6205 51.97 49.3202 48.0063 48.6141 46.051 49.0665 53.1113 51.0799 53.3256 45.3042 51.994 47.4566 50.708 51.9832 53.5495 53.2336 52.4389 51.276 49.7675 48.4545 54.1384 49.6478 49.6431 50.7172 51.0749 
53.4636 51.8019 49.4243 50.2748 48.6091 46.9179 51.4218 44.2559 48.8473 51.1674 48.1523 51.9057 47.3385 47.4052 47.2827 47.9317 47.1151 47.9348 48.4986 55.4718 46.6916 49.5601 47.1497 47.9894 50.7813 48.3029 47.7787 49.6404 43.1593 50.8233 53.2274 49.9991 46.0499 53.1134 52.9226 52.0816 49.7585 48.6798 48.2298 50.3443 47.4356 48.8684 51.1029 45.7314 51.9088 48.2063 45.695 50.5688 48.4916 50.1252 47.4158 52.213 47.9054 53.0734 49.2612 49.8185 53.4594 45.7552 49.2616 51.5495 48.3908 49.3689 51.2137 50.8624 51.2873 52.083 49.5357 49.2373 48.2026 49.9329 45.5198 47.9331 46.4893 50.3202 49.4133 50.6104 51.759 48.8403 46.3256 47.7431 48.3088 51.8815 45.6306 52.1467 51.1328 51.7796 48.6107 48.1802 50.1919 48.6612 49.2969 53.1402 52.1153 43.7745 48.6204 52.335 47.2239 46.4462 49.6941 49.5446 52.9853 46.009 50.8073 48.8862 51.3219 50.5629 48.029 52.4233 48.6207 50.2684 49.1633 49.4324 51.7688 47.5882 45.3736 50.5207 44.182 43.2654 51.5264 50.3348 51.3842 50.7236 45.8877 51.0572 46.4603 48.5513 49.0675 49.2991 47.8503 51.5364 52.1547 51.5899 52.1243 49.0599 51.2083 49.6947 47.5108 48.3363 51.6048 50.8711 49.9688 51.4776 55.3265 47.0754 51.253 49.0444 48.2926 50.9759 52.3187 50.0721 50.3214 45.7601 46.5421 47.4265 43.4321 47.8336 51.1312 53.7622 48.0028 50.2117 53.5595 53.934 49.0662 51.2422 46.2585 48.9922 50.7151 49.2349 49.3317 49.1538 50.8893 45.4919 49.7916 47.2205 47.731 50.0673 49.7268 46.0606 48.2543 45.329 48.9594 51.2069 47.8246 52.9226 45.3415 47.7316 45.9972 46.7877 48.7426 51.9461 52.7899 51.3959 48.7308 47.5586 47.2638 52.3535 49.471 49.6207 48.0927 48.7051 
50.1338 46.6707 49.1022 49.4206 49.494 46.6678 50.9641 45.4924 48.1765 48.9298 51.3743 51.7058 44.994 45.3802 45.5223 49.7226 47.8697 48.3403 48.2635 50.7368 45.8013 46.2704 45.8205 48.3393 51.0571 47.0695 46.1957 48.6978 40.6785 49.2667 48.9627 45.3305 44.1588 47.3567 48.3946 53.6912 47.1313 49.9683 47.3478 46.8579 48.2456 48.9212 50.8674 46.0458 54.0916 44.8859 45.5473 48.7243 50.4175 49.2268 46.3455 51.8054 45.4459 51.374 47.7627 47.2422 51.5953 44.5885 49.7849 47.5727 49.0158 46.4489 51.5962 48.7099 44.4063 51.8257 47.8531 49.8503 46.88 46.7427 46.2165 45.4083 46.7875 51.0041 48.2343 46.1341 49.0033 47.3978 48.4408 48.3678 48.2477 48.1253 45.4267 52.3533 51.447 49.3492 47.9772 44.6387 47.1859 47.9444 46.9046 50.2835 49.1358 43.0289 48.11 49.6879 43.964 45.2144 50.1553 46.1395 50.8166 42.8849 50.1977 47.4642 49.3179 50.8734 43.7997 50.1616 47.6628 51.0257 49.0065 48.8896 50.3512 45.4984 44.9933 48.2396 44.3369 44.5665 48.0044 46.3321 53.1976 49.1121 47.9881 50.7187 46.7955 46.2962 49.0508 48.8949 47.2975 51.0519 48.874 49.4186 50.7941 48.9632 51.4419 49.6788 47.2085 45.624 50.4772 49.7508 49.5124 48.6359 49.6118 44.489 50.6045 46.2064 48.2121 50.5604 50.4823 50.2877 48.8931 47.5247 46.3864 46.0531 44.7274 44.4615 50.0019 50.5721 48.1348 47.3042 50.3897 50.9762 46.0646 48.5785 45.7758 47.9167 47.4617 48.2735 46.1987 47.8004 50.1421 44.9755 47.1949 46.7369 49.4384 48.0136 46.9466 47.9243 42.9192 45.5067 46.2972 50.0181 48.8565 50.378 44.9631 45.8524 45.624 46.3234 48.8469 50.6977 49.7222 49.1932 45.6608 45.7726 44.0545 51.8136 47.5276 48.1234 46.5362 46.458 
56.5694 53.4874 55.3536 55.1483 54.2057 51.6744 54.1392 53.444 53.415 53.8024 55.5071 55.6113 50.4629 50.7615 52.7133 53.5581 51.2461 52.0161 51.45 57.541 51.3898 54.6069 51.7546 54.6014 57.1844 52.088 55.7319 53.0549 47.1991 53.4892 59.1567 51.0231 49.0251 56.8929 55.4534 58.6422 53.9966 56.8667 50.9179 50.6525 52.1721 54.2783 53.6968 49.8352 57.9393 48.854 50.7931 56.9219 55.8567 55.0632 53.203 59.3817 49.2531 60.1563 52.7914 52.3394 56.6698 51.897 53.883 51.2363 53.0571 52.7065 54.365 52.3396 54.3575 57.7255 53.5714 55.6521 52.1015 53.6392 51.1829 51.1881 49.4683 56.9621 51.7538 53.0411 56.4318 52.506 52.9182 55.6566 53.2065 55.4706 52.0795 57.3313 54.5506 56.334 50.674 51.9404 53.169 53.9691 53.2986 54.925 54.8001 48.4328 52.0627 53.7869 51.5561 49.5585 54.3343 53.6304 57.6105 50.2337 53.7338 53.9031 53.9339 54.0516 51.2142 56.9898 52.018 55.7062 55.9004 55.9821 57.6613 51.647 50.5247 53.3371 51.1171 48.7171 55.3795 53.254 57.6391 53.752 52.0001 55.5521 50.8345 53.2267 55.0434 55.1009 55.1537 58.2492 55.134 56.22 58.5628 53.1216 57.4895 55.1288 52.624 49.866 54.2659 56.6151 52.9942 54.6719 56.486 52.4049 54.2052 53.0108 54.0233 55.032 55.6012 54.4453 52.1691 51.1748 50.2788 51.7691 46.8795 52.3327 58.3478 56.8526 52.4721 54.0471 54.3253 55.434 50.3691 52.867 51.3809 56.2812 51.9277 54.426 52.0836 54.7398 52.1648 48.888 53.3091 51.9207 54.1441 54.9791 52.7458 51.9587 50.0215 50.9104 53.3893 56.4376 53.2711 55.6817 47.158 50.0709 50.5111 51.1044 51.5845 57.5597 56.6856 55.2754 50.6381 53.3844 52.6507 59.563 53.3921 53.2649 50.9776 54.2901 
51.3889 47.7391 50.6865 48.7081 49.7295 48.4144 47.8135 47.8474 48.8729 49.9381 48.2873 51.3711 47.7386 48.5679 48.0953 50.4422 47.576 47.9575 47.2842 52.1876 49.1141 48.6826 46.1532 50.9766 50.9628 45.3322 49.994 49.3879 45.6729 49.4512 51.5948 49.9069 46.7414 54.4705 52.5356 54.2373 49.6556 51.9754 46.372 47.3329 48.6225 51.9538 49.9143 43.184 51.3504 47.1878 48.5805 49.2784 50.5857 49.1007 47.7377 52.819 48.0407 54.6795 49.3145 50.1311 50.6696 45.0229 48.3845 46.6752 49.854 46.7036 48.6229 47.5301 48.0701 50.8818 49.3108 51.8031 48.4925 46.4544 45.7987 46.0279 46.9742 49.3008 49.4324 47.0054 49.2615 47.7968 50.0313 49.5835 45.6082 49.7313 48.0548 52.0973 49.5727 49.9691 48.9096 46.7523 48.4545 49.1706 47.7178 50.0831 51.2594 45.6474 47.0739 50.7743 49.2215 45.8617 50.9699 48.2606 52.9222 45.314 53.1548 48.5032 49.7725 48.7561 47.2821 52.6042 48.1919 50.9139 51.4629 48.3487 52.2825 48.3645 46.1626 50.5627 43.2108 43.2002 49.4855 47.3664 53.3887 49.838 46.1496 49.3869 48.8244 49.4863 49.0095 49.4673 46.278 49.4565 49.5425 47.4513 50.126 46.9674 52.4032 50.1938 50.8819 45.989 52.6552 50.7893 50.4238 52.7448 51.255 47.0346 50.5118 45.9357 50.1311 50.3551 49.9567 48.5715 50.885 45.1567 45.929 49.1707 45.1305 48.2095 50.0501 52.6551 48.1452 50.9896 50.7337 51.961 47.1051 50.5312 47.4671 51.6247 46.4851 49.626 48.4235 50.5861 50.9357 44.9401 50.831 45.599 48.0748 49.4414 47.85 46.5152 45.7227 46.367 46.6243 50.1584 48.5074 48.3073 42.5163 47.2104 44.7707 47.6085 48.2369 51.6493 50.7902 50.152 48.9066 46.7464 47.1316 51.0699 50.2195 47.2189 48.4528 49.4231 
53.5247 48.68 52.4397 52.5286 51.1776 49.355 54.6709 49.8066 50.6418 52.2362 53.893 54.7343 49.9018 52.3796 48.6786 51.3893 50.6725 49.9442 50.6424 55.9513 48.4428 49.8592 51.659 49.5625 53.274 48.9826 50.6113 53.1601 46.0252 51.1899 54.6266 48.6394 48.4858 50.6929 51.4218 56.4313 53.5704 53.1566 49.7545 49.5259 47.2493 51.436 51.235 49.9355 55.771 50.3237 48.3629 53.2902 52.1511 50.2149 47.3322 54.8105 49.3955 55.536 50.9809 50.0093 54.4283 44.0158 51.6769 48.5523 51.3536 51.4554 52.879 49.7303 50.2285 55.7742 51.2482 53.127 50.4976 51.2184 48.2987 46.4429 48.645 53.4429 49.7601 50.4374 50.773 49.1732 50.1147 50.4903 48.4632 50.4344 47.9692 54.6621 52.6994 51.7498 50.8218 46.6546 52.0877 50.6792 50.9622 54.0392 51.9114 45.6284 49.6329 54.1386 49.5191 47.5754 52.7617 50.0652 52.3719 46.0329 55.2715 48.8605 52.1378 51.9853 47.7181 54.3527 52.7864 51.7155 51.6347 52.3058 53.9793 49.4782 46.7111 52.7351 46.5942 46.9945 51.5526 49.9943 55.1219 52.9284 48.0394 54.0773 48.1272 51.104 50.5359 53.2521 52.0663 52.8927 49.6681 52.0406 53.1789 51.8198 54.777 50.4438 50.0333 49.831 53.6598 52.5081 53.1576 52.9083 56.1373 47.2698 52.6642 48.2803 49.3066 55.0105 52.5074 52.9224 52.0938 47.0523 49.1252 51.1171 46.1027 52.2006 51.0274 52.4005 51.3259 51.9481 51.041 54.2742 48.9705 50.0957 50.7333 52.2629 52.3408 53.0313 50.179 53.666 50.8859 48.6577 50.6007 48.1673 49.7251 50.2638 50.3935 48.3497 46.4961 47.0551 49.0855 54.029 50.079 52.6706 46.7332 48.3171 46.5517 46.0473 49.934 52.5881 53.7182 50.1137 49.8555 47.1923 48.9719 54.9457 52.0641 50.566 49.969 51.5651 
53.2466 48.8571 51.0856 50.0888 50.5764 50.4401 52.0329 49.3521 49.5402 49.3694 51.9617 52.6934 48.2711 48.049 47.2005 51.4651 48.3039 49.8308 50.2069 54.8334 48.1234 48.3482 48.2831 50.3543 52.2497 46.9851 49.7233 49.1013 46.1134 48.5764 52.9331 49.7504 46.3686 50.8587 51.933 54.8113 50.5526 52.9382 48.468 50.6364 49.8585 52.3079 46.1349 45.3677 54.8107 49.1846 48.5513 49.8632 52.1546 50.2562 47.594 55.2147 46.0123 55.9159 51.4132 47.4006 52.3609 47.85 50.3495 48.1339 49.5438 49.6936 51.5407 46.789 48.2085 53.7336 51.1631 50.6166 49.4936 47.9691 48.6272 44.2975 47.6606 53.1971 50.7592 48.0856 53.1167 49.9539 49.1033 49.42 48.2546 51.981 46.3918 52.2018 52.7884 52.0771 50.49 49.114 50.8107 51.2007 49.0157 50.5835 53.1129 46.6791 47.5723 50.3475 46.7672 46.9371 51.9552 48.6982 51.1313 46.9914 52.1231 50.3082 52.7139 50.7119 46.335 53.8005 51.1914 50.1974 51.2986 49.5155 51.3436 49.524 47.1889 50.9729 47.3694 47.0072 51.8746 48.5046 52.5367 52.4277 46.9767 53.1125 47.0436 48.2722 50.0629 49.816 46.8289 53.5707 50.1975 52.0724 49.7019 51.3012 52.0187 48.826 49.1733 49.5217 50.275 50.4072 50.5419 52.5187 53.5175 48.07 51.5897 47.291 49.4138 52.0486 49.1292 49.5807 50.3813 46.6174 45.1253 49.9069 45.0236 51.4668 51.6775 52.2946 50.4604 51.4526 50.1533 55.082 50.1969 51.6844 48.1036 50.8998 49.6736 51.0619 49.9293 51.2224 50.2821 46.4395 48.706 47.1744 50.5762 50.5923 48.8523 47.7104 45.1117 47.8 48.1566 53.4249 50.2766 51.8991 44.6076 45.4215 46.8577 48.7088 51.5261 53.4006 50.1202 51.0541 49.0058 48.5686 46.2434 55.21 50.9425 48.8768 47.1543 51.0697 
52.6317 49.7245 52.2561 54.1758 50.3371 51.4318 54.9812 51.2989 52.5762 49.8331 52.0359 53.908 47.7795 50.4535 51.6279 50.5116 50.5404 51.8774 50.3981 55.9015 49.447 51.1844 52.4234 50.9919 52.6259 49.2438 51.6046 49.7587 44.8387 49.9794 54.545 49.4656 48.4052 52.4985 53.8146 56.6314 54.4755 53.2008 49.8896 52.9082 49.6882 51.6484 53.2709 47.295 56.1304 49.8225 48.9404 53.4004 52.5494 51.7859 49.3261 54.3349 49.6185 58.7962 51.3501 53.1601 55.1459 45.9313 51.7097 50.393 51.2081 49.4964 53.5943 49.6673 50.3412 53.2039 51.1901 51.2801 51.7308 51.5294 47.9961 45.4792 49.0386 54.7304 49.4601 48.4031 53.479 49.7574 50.7457 49.992 48.5224 51.6331 47.7469 53.1339 53.7456 53.9218 52.6184 46.7193 52.4497 50.6229 51.2837 54.047 52.5638 46.693 49.6186 53.5423 48.1214 47.7242 50.2164 50.0856 53.3717 46.0594 52.5217 53.2109 51.391 50.2057 45.6858 55.5911 50.4894 52.2448 51.4644 51.3299 55.1682 48.2685 47.6312 52.4242 47.593 48.1774 51.0581 50.4924 55.4028 53.6232 47.2259 51.6457 50.3093 49.9313 52.316 51.6386 50.014 52.4217 51.1851 52.2802 55.0254 49.284 54.9774 51.3003 52.6655 50.9311 53.552 53.5276 52.1377 54.6332 54.3425 49.2737 52.7411 50.399 50.5114 54.4017 52.7557 54.0136 52.8919 47.8747 49.1527 51.1947 49.5539 51.4364 53.9907 52.5388 51.0211 52.8096 51.4618 53.9184 48.6086 50.2819 48.6775 52.5052 52.5853 52.6394 50.3943 54.7473 51.5485 48.0839 51.5376 49.1009 50.1618 53.1519 51.5855 46.7513 45.807 49.0179 51.0988 51.91 51.2507 52.5968 43.7604 48.848 48.4603 48.4876 51.1624 54.507 52.7215 54.6232 49.3569 49.8726 50.4256 55.3346 51.39 48.4951 50.2568 50.6603 
50.0488 47.9997 52.1266 49.9018 51.2237 49.4577 51.7538 46.4498 48.5063 51.6035 49.5262 51.6846 46.4808 48.2929 47.5322 48.6315 47.2881 48.0018 48.0816 53.9896 47.9894 48.608 47.442 49.4867 52.5707 47.2023 48.5031 47.533 44.2923 49.8339 54.0222 48.2718 46.6183 52.0101 49.5461 53.0399 48.3119 48.765 45.9603 49.9546 48.0484 51.4715 50.1346 45.7803 54.2873 46.0086 47.1128 49.7005 51.8392 52.1475 49.2118 53.9254 47.4529 54.4172 49.4338 50.7201 54.9809 44.4931 48.3378 48.5324 50.081 48.968 48.4681 47.7153 48.2979 51.6784 49.5621 50.1351 48.423 48.1906 48.6156 46.6287 47.9625 53.6656 50.0531 47.8308 50.4451 48.5108 49.3037 50.8506 47.0757 51.6903 47.2386 52.6193 52.2176 50.2437 49.0673 46.2637 49.7017 51.1181 48.6015 49.8453 51.4625 44.5183 49.0583 50.0913 45.686 44.5232 50.8569 48.2091 51.9917 45.0552 51.2838 49.9256 50.6726 48.7066 44.5438 51.7749 49.9313 51.1869 50.3713 48.3091 52.6446 45.9479 44.3893 48.4824 47.0674 45.553 48.6065 48.7035 52.8277 50.8845 47.413 51.6062 49.7045 47.2548 47.6171 49.9885 47.1269 52.8057 49.9088 49.8019 52.2614 48.693 53.29 50.673 47.3704 48.4673 52.2896 51.6265 50.4367 51.2161 52.4222 46.4185 49.5184 46.0179 50.9684 50.1856 49.362 50.4349 48.8988 45.6379 46.2405 49.4829 43.1503 49.9247 49.246 51.5171 48.2783 52.0627 51.6422 52.8669 46.5335 48.3645 48.7439 51.0346 49.4817 50.8969 47.6249 51.442 50.573 46.2811 47.3237 47.6829 49.4198 49.8779 48.9612 45.9858 46.3893 44.2397 46.8229 52.8156 49.8415 49.1116 44.7173 46.6678 45.9225 46.974 48.5239 49.5594 52.5763 50.5944 49.5632 46.3988 47.1713 51.523 50.7978 47.0103 46.5483 48.7997 
54.2325 50.8399 50.7333 53.6888 50.2214 50.0658 52.7323 50.7303 49.9734 51.1336 52.1287 55.5836 49.1851 48.7535 50.165 50.9132 48.0363 51.1285 50.5915 55.5139 47.2043 51.5728 48.1938 51.5825 54.6719 49.2384 49.3804 51.5326 45.5281 51.0015 53.443 52.9556 48.3929 51.7366 54.179 54.694 52.3374 51.8419 48.4988 49.7808 50.2417 53.0213 51.9492 49.2102 54.7418 51.6811 46.258 52.0559 53.5929 50.8849 48.0147 56.118 48.7463 54.8728 52.8211 51.8719 53.8257 47.3175 53.2819 48.9844 49.6388 50.9025 51.9134 51.0553 53.3696 54.8266 49.9837 53.5737 51.2033 49.0162 48.6862 47.4362 46.4043 53.3072 48.8047 51.4917 53.9486 48.1723 51.9629 50.8285 50.891 51.2441 46.4888 52.9802 54.1131 53.4348 51.3864 47.0371 52.9727 50.2367 52.9974 51.8663 52.3437 45.8252 48.1896 52.7366 48.4058 46.6139 50.1657 50.1157 54.2923 46.5758 53.6233 52.0134 53.1318 52.0222 48.3697 53.3177 51.8837 51.4857 51.1689 49.2572 54.5734 46.5097 50.4749 51.2055 47.2467 48.6066 52.3559 50.9763 54.4079 51.2721 47.7506 55.3307 50.5339 50.1475 48.139 49.7801 48.8657 53.1434 53.2791 51.9189 53.5778 51.4979 54.7409 50.9187 48.8094 48.3545 54.9156 52.5367 51.098 53.4368 50.4826 51.0895 52.5627 47.3494 49.8747 52.3987 52.7792 50.3426 52.3518 48.1492 46.9696 50.8632 46.4448 50.5552 53.8946 51.7993 51.5627 51.2927 53.5413 54.3543 47.8908 52.7905 47.451 52.5664 49.8085 50.8872 51.761 50.9664 49.5755 48.5099 50.7389 45.8914 49.8156 52.6036 52.0565 49.7597 46.5664 46.589 51.772 53.8271 50.6799 52.1122 47.0296 48.7184 47.4365 49.5607 52.5288 53.3452 52.5812 53.1228 49.34 46.0539 48.3496 54.9286 49.9433 50.268 48.8848 49.6512 
53.4098 48.082 50.7553 48.6808 51.2107 48.6751 51.1909 44.7912 49.019 51.0312 51.9323 53.4524 45.4776 48.6762 47.2468 49.229 47.9026 50.8069 48.3572 53.0802 46.3924 47.943 49.2592 49.5554 49.5842 46.8649 48.3201 49.4046 44.7705 49.2678 53.8271 47.6581 46.5914 50.9264 50.6398 53.1949 51.1331 50.6442 50.4466 47.3611 46.0568 49.3692 50.1323 44.92 51.7639 46.0081 47.8832 49.0382 50.1008 49.8407 48.3317 52.7446 46.6754 53.9387 48.9824 48.1624 50.4897 45.6456 49.5821 48.0142 49.3748 48.9197 49.7606 47.9875 45.6469 54.2342 48.7704 47.4747 50.771 48.1528 49.6764 45.1713 49.9773 50.5939 51.8657 46.8011 51.3895 48.1049 50.5228 47.4581 49.3681 50.9291 47.8481 53.4375 51.4919 49.8035 49.0312 45.9107 51.0397 47.9324 49.6416 49.5009 50.4502 45.3814 48.1212 53.7133 48.4525 47.9655 53.7238 49.7572 51.0665 42.8209 51.9542 50.8051 51.0875 49.9437 44.8891 51.8459 51.451 50.6389 48.3535 50.2904 51.9906 48.9724 46.9799 48.1996 45.6286 45.9286 49.7951 46.6392 53.3451 48.7201 46.7836 51.4732 47.8074 49.8087 49.9642 50.0584 48.6247 48.3289 49.3889 50.7847 51.7701 49.0497 52.3611 51.0808 50.5403 43.953 50.4213 50.1193 49.5751 50.4221 53.2801 46.2963 51.4317 47.3679 50.1086 50.6893 50.3125 49.8319 52.0493 46.4108 47.5853 48.5007 44.8202 48.5687 49.5174 50.7189 48.9265 50.2052 49.1639 53.6552 48.0124 51.1504 46.9474 50.6663 48.3163 48.9524 49.8229 52.0358 49.5786 47.4172 49.3975 45.9911 50.9554 48.7469 48.0939 43.9061 43.0935 45.4564 47.9493 51.7873 48.9211 50.5155 43.9912 45.7541 49.7328 46.4366 47.5728 50.3856 50.6918 49.8242 47.12 46.5714 48.3357 54.5473 51.7477 46.188 49.4282 49.0159 
50.1839 48.6192 49.5224 49.2052 48.464 46.9817 50.3835 46.3357 48.0162 48.1535 52.4157 52.1392 48.0427 48.4812 48.241 49.4831 46.5651 48.9845 49.4234 52.2909 46.8312 49.0596 48.2622 49.2266 51.8303 46.6952 47.2453 51.6191 46.0622 51.3647 52.6619 48.8826 49.643 52.0382 51.082 54.6296 50.7244 50.7525 45.7812 48.4441 47.5526 48.6501 48.564 47.5288 52.491 47.4 46.6374 49.9083 51.5778 50.3648 47.578 53.3764 47.4538 54.6399 48.2269 48.5944 52.0622 44.9597 50.5859 46.3264 50.1212 49.0286 51.2897 49.0899 48.177 54.2702 48.6908 50.8093 48.103 48.4734 46.1735 45.2337 46.2041 50.3654 48.8901 48.671 51.4584 48.5146 48.7639 47.2573 47.6713 49.2128 47.972 51.9732 50.426 51.8129 50.0449 43.6296 50.8178 47.5317 51.3629 52.873 51.4449 45.0669 49.5249 53.8647 49.8997 46.9331 49.6031 51.3362 52.7611 46.4223 51.2494 49.1867 50.6442 49.1374 45.23 51.7482 50.3812 51.6874 50.1938 49.6976 52.3055 49.0128 45.6857 50.1967 45.1053 47.7594 48.2457 47.8267 55.6601 53.231 49.7027 50.3773 45.268 50.4825 49.8948 48.8652 48.4496 49.8206 50.2619 48.7172 51.4458 49.5782 50.8433 48.0205 48.9516 46.9915 50.3864 54.6014 51.2935 50.4451 54.0044 47.0766 51.0733 45.7314 48.9883 52.9014 52.2657 48.306 50.1316 48.2535 46.7213 49.1655 45.7215 49.3074 49.9993 50.1366 49.1304 48.3756 50.7976 50.6316 48.6669 51.4819 47.397 51.1712 49.4093 50.5692 48.2981 48.5752 50.4017 45.675 50.5936 44.0957 49.2399 49.096 48.6386 46.2457 48.0265 46.8154 49.0057 51.943 50.3228 49.2253 46.0371 46.4025 45.1321 49.2242 49.2681 51.9348 51.0631 49.685 48.0745 48.7188 47.5479 51.3561 48.5658 50.3968 48.9897 50.3028 
52.5561 51.1864 47.7563 50.5723 50.224 47.6364 51.94 47.0518 49.4492 50.126 48.9586 51.2697 47.7865 46.8174 47.4193 49.6279 47.9893 46.9267 46.0604 54.6988 46.0251 49.2324 46.6372 48.8941 50.3609 47.9541 49.0898 49.1359 43.6302 48.4311 52.1847 49.0553 42.7379 49.2611 51.729 53.1998 50.0097 48.9093 47.0831 48.1689 47.0453 48.7392 50.4647 46.8054 53.8963 45.4453 45.4332 52.3458 52.0204 50.0587 47.8825 54.124 46.1263 53.0954 47.4774 51.3607 51.2888 43.4007 49.1082 48.0599 48.37 49.5266 50.2102 48.691 49.1324 51.6264 48.7146 49.2196 49.5279 48.1489 46.5589 46.8632 46.2539 49.8433 49.8848 46.5936 51.6537 48.1164 48.9511 48.8784 46.7366 51.0763 47.0996 53.0712 51.5846 50.695 49.5335 49.2406 50.4056 51.9337 50.2295 51.4205 49.7885 44.4029 48.2281 51.2499 46.303 48.1733 49.2243 49.3721 50.6898 43.0023 50.7647 47.7215 50.666 49.9342 46.5802 53.8643 48.8537 50.1155 49.9262 51.1868 51.6248 47.0717 43.9509 50.2024 46.5216 46.0826 49.3809 47.8476 53.5369 50.2015 46.3753 49.0311 49.6446 48.2959 47.7292 51.4569 47.5237 52.8474 49.7161 49.712 51.6442 49.4069 52.31 48.7342 49.8736 48.1505 50.5779 48.306 49.1679 50.8672 53.1776 46.5237 49.0461 48.1279 47.9904 50.522 48.5439 51.4776 50.1912 46.8689 46.7816 49.5535 43.9851 47.233 52.8264 50.0528 45.8963 48.6629 50.6098 53.2247 46.5116 50.928 47.5251 49.9173 49.4575 49.4013 48.594 48.7311 50.4377 45.6055 48.6666 48.4611 47.0023 48.4698 47.7085 46.5136 46.3053 47.0825 46.8351 50.8361 49.1476 50.5259 44.2706 46.1429 46.9862 44.6184 47.5748 51.6654 50.3538 49.193 48.4916 46.085 47.2169 53.4765 48.3565 48.7323 48.2488 48.3588 
49.4786 47.7632 48.681 47.6002 48.5027 46.5448 51.7645 46.8131 47.8032 49.3874 50.5702 50.9254 46.6085 47.1352 45.8198 51.1804 48.7225 48.7754 50.1285 52.337 47.9653 49.5877 49.0261 50.2539 50.2335 45.916 48.0521 47.1211 45.7956 50.0281 50.2246 47.5898 45.5978 50.6611 50.2152 54.5687 50.5358 50.3655 49.5029 47.5289 48.4663 50.8321 50.8134 45.4128 51.5029 46.6199 44.7223 48.8062 51.8074 51.0193 48.3088 52.178 47.8729 53.9963 50.903 49.2362 50.7468 44.2316 49.9294 46.0771 51.3285 47.7646 50.412 47.329 47.2214 52.9299 48.6064 49.1889 48.1604 46.0736 46.8007 45.8916 48.0193 51.9869 49.4261 45.4457 51.1595 49.3281 47.0162 49.9285 47.2384 50.984 46.9109 49.9378 51.1913 49.2672 49.7323 46.7531 49.0096 49.0281 48.3687 51.2102 49.8961 45.2063 47.6085 50.5363 42.2765 48.0272 50.4002 49.4241 51.4777 44.8085 50.5552 50.246 49.9747 50.1549 45.6377 52.3157 48.6325 49.8229 49.8387 48.6319 53.4791 48.218 45.4559 48.8108 43.0559 45.4266 48.4628 45.456 53.7378 50.4266 46.0427 50.1451 47.7813 48.9015 49.3178 48.3605 49.0532 48.6751 48.135 48.1065 51.923 49.1125 51.2074 50.3668 48.228 45.4327 51.3013 47.9448 48.5821 49.5707 49.9676 45.3067 48.967 46.162 48.6998 49.5425 51.0324 49.4501 52.9074 45.7612 46.0415 49.319 45.9304 49.1819 50.5728 49.2946 48.4839 49.9162 51.9002 51.4093 50.8166 51.2741 47.4053 49.0577 47.2459 47.5781 50.4552 50.2091 49.6286 47.6046 48.0067 47.8849 49.0494 49.3219 47.1325 47.2721 46.3438 44.791 46.7453 49.6402 48.0443 49.405 42.8145 45.5963 46.9972 46.5079 47.7227 52.5925 51.7372 49.218 47.7038 48.5324 46.6535 50.8894 48.539 46.3378 50.4031 46.628 
53.4208 49.9636 51.115 53.0726 51.9004 49.5922 53.4872 50.1828 50.4253 50.4418 52.0581 54.4964 48.0143 48.7775 49.8037 49.3746 48.4978 49.1127 51.5848 54.4879 48.5679 50.205 49.29 52.5629 53.7092 48.4572 50.6929 48.5759 44.4834 50.378 53.7608 50.5761 47.6556 52.6948 51.0946 56.4027 52.3374 51.6177 49.2984 49.1375 50.248 52.0184 50.1468 47.7568 54.7416 49.7531 45.2076 51.0881 51.9017 52.5991 51.5814 57.0524 48.3138 57.5792 53.2189 51.5719 52.0325 48.9619 52.4919 49.7513 52.331 50.6042 52.8476 51.0524 49.8859 54.0763 48.3236 51.882 49.6753 50.9246 50.2697 46.6178 48.4302 52.3857 50.6987 51.2371 52.2032 50.3619 49.4832 50.5934 50.5188 49.5896 49.8584 55.7587 52.7919 53.5671 51.6182 48.5686 52.8596 52.0659 48.9011 51.8774 52.3053 45.8013 48.9348 49.7334 47.0105 48.7931 51.2617 49.6408 53.6194 46.4106 53.6662 47.405 51.4597 52.6955 48.438 52.7877 50.6611 54.3794 51.7503 51.8626 51.5582 49.3155 47.8697 51.6961 47.6103 47.6514 49.408 48.4237 54.4042 53.3957 49.1705 52.4786 48.2748 49.954 51.4447 51.4472 50.1193 54.5956 53.6577 52.8442 53.9571 51.7978 54.9979 51.5911 50.8719 49.587 54.2218 54.289 51.8989 53.3491 51.9977 49.426 51.9341 48.6383 50.0109 52.783 53.5742 51.2098 51.4957 49.6448 47.7457 49.7919 45.1467 48.5758 53.27 53.9491 51.178 51.4534 51.7911 55.3572 47.7703 52.8452 49.5479 51.6182 51.5733 50.5583 51.344 51.4353 51.9024 48.1001 48.4991 48.8006 51.4981 52.9839 49.8011 48.383 47.2909 48.2609 51.8077 51.5251 51.409 51.1766 45.2391 49.775 46.103 47.6698 52.0423 53.1708 51.5122 52.4177 47.8782 48.3764 48.6205 55.1697 51.067 49.3758 50.051 49.8956 
51.8844 49.1251 49.5496 51.5599 48.8791 44.948 51.3426 47.3686 49.4083 48.2602 51.4771 50.4872 47.3887 48.4257 46.1705 52.4288 44.846 49.071 48.4862 54.3163 47.8944 48.8554 47.9248 50.0774 52.0585 47.2094 47.1707 50.1579 44.0414 49.0702 53.4311 46.6616 46.3986 52.0369 51.0075 52.7129 50.6608 51.2092 50.9777 48.1449 48.5823 48.5488 48.9547 46.2977 53.5415 48.1127 46.4203 53.3776 49.8899 48.4305 45.9541 52.7813 45.859 52.7309 47.771 49.5037 49.0419 45.9645 52.1368 48.2722 48.8133 47.7499 51.043 48.6049 49.2161 52.2093 49.4747 50.3179 48.5768 49.2658 47.3589 48.0083 45.8036 50.5375 50.4853 47.2328 51.2441 47.5598 48.9193 48.882 47.9056 48.2744 45.7625 52.6316 48.8607 50.7909 50.0776 46.0002 48.6602 47.5194 48.9557 50.4773 50.0373 43.93 47.329 51.9379 45.6119 47.5091 50.2429 48.6496 51.3771 46.0422 52.3316 49.9136 47.5337 50.237 45.7324 52.7639 49.3035 52.2202 50.6512 49.7225 50.8375 47.2487 45.9 48.4611 46.3802 44.4662 50.616 49.9575 51.5332 48.7495 46.9789 51.2169 47.1973 48.3658 49.373 48.6866 48.1133 50.2893 49.4508 49.9783 50.1757 48.4498 51.2135 50.9516 48.9914 50.1572 51.4672 51.4344 49.466 49.7438 51.2116 46.9844 52.3965 47.4842 47.8525 50.433 49.4748 49.3383 52.1327 48.7697 43.7563 50.8299 44.9548 46.8749 51.0807 50.2967 48.8817 49.7557 50.6752 51.6307 47.4088 49.8767 45.5306 49.7109 47.1329 50.2813 51.5956 47.8833 50.1802 44.2377 49.2604 47.2299 49.1341 48.7198 47.6604 46.332 46.2906 46.0444 47.1145 50.0573 46.8192 50.3168 43.475 46.8199 45.3828 45.2488 50.6429 51.6907 51.155 49.8134 45.6458 47.5208 47.134 52.2955 48.2886 47.0491 47.505 48.7507 
52.8499 49.5458 51.7244 50.9034 52.3131 52.3853 51.5107 46.9544 50.9439 51.2012 50.9991 53.5007 49.435 50.2296 50.4216 50.2235 48.2197 48.7843 49.9396 56.4638 47.2884 50.7945 50.7092 52.6007 52.8522 48.4396 50.7813 52.9684 47.0435 51.1545 54.5043 48.9203 48.072 54.1713 51.2714 55.5559 50.3457 52.7717 49.5375 49.3098 49.4525 54.1732 51.2211 48.0505 55.0781 48.3875 49.9946 52.5891 49.7604 49.8665 51.5448 56.6098 47.6193 57.2144 52.407 50.9552 56.0315 45.704 53.6326 50.3573 52.232 48.3716 51.2189 50.2773 50.4598 56.5534 50.3028 51.6347 49.6713 50.6963 50.3243 46.0231 47.7868 53.4027 51.2316 50.0991 52.3311 50.9071 50.7831 50.6987 49.7379 50.5572 49.3105 53.427 50.5763 52.2057 51.3395 47.8523 50.6485 51.6084 53.0749 53.2792 52.6347 45.6198 49.429 53.4618 47.4301 48.83 52.9296 49.0261 52.2323 44.9919 54.0021 50.8443 52.5832 51.7204 48.6939 51.7442 52.2863 51.8573 51.118 51.2413 54.7294 48.3279 49.1523 52.5679 47.0386 45.3914 51.9085 48.074 56.2855 51.1061 47.8422 54.3492 48.93 49.379 53.1516 53.2607 51.9059 53.0466 53.1889 51.7718 52.4239 51.3201 53.2643 50.6279 49.1998 47.1068 52.3218 52.1498 54.0025 52.987 54.051 49.4466 48.9962 48.9048 50.3622 52.2701 51.8543 51.9628 52.635 44.9385 46.3792 50.7522 43.9206 50.6629 52.824 52.7171 51.9075 51.7332 53.5576 55.1986 47.6167 53.4084 48.6748 50.3086 51.2679 51.6344 50.5844 50.619 53.0697 46.0758 49.8662 49.1826 50.916 51.3523 49.5791 48.0451 47.9488 47.4461 46.3667 53.78 50.8746 50.771 46.2758 49.814 48.9532 49.1316 50.6503 51.8584 51.0616 50.4737 49.8667 48.2897 48.7665 55.1014 50.4938 50.1814 50.1237 50.8035 
52.0193 49.314 51.7258 50.372 49.7321 47.1169 51.2547 47.175 49.283 47.7507 49.7031 52.118 46.3293 46.4933 50.2825 47.3968 47.0294 49.6822 48.394 53.0506 48.2238 48.948 47.4415 49.3142 50.8432 45.2501 48.8128 48.6937 41.5118 50.1649 51.942 46.2543 45.863 50.8737 51.1968 53.8944 49.1995 51.6722 48.8399 48.3747 47.4073 50.7168 52.4162 44.4711 55.0405 45.9411 47.1208 49.5614 49.8444 50.1697 49.8908 50.8863 48.6414 54.5156 49.1967 52.2852 51.5387 44.6155 48.78 48.7645 48.1909 51.9742 51.3885 49.032 47.563 51.9577 48.0064 50.2899 48.0047 47.3186 47.4617 45.9678 48.1497 48.605 49.0617 47.3354 50.8263 48.3229 50.7709 48.9193 45.9546 47.723 47.5487 52.3653 52.3195 49.9045 49.6546 48.2971 49.7866 47.6938 47.4973 50.3076 51.063 46.2159 45.4165 50.7165 46.9581 46.3119 49.0095 45.8456 50.7879 43.3255 49.8342 48.3515 52.4973 48.8507 45.6906 50.4804 49.0332 51.5494 50.2369 50.0845 50.692 47.8453 47.3707 50.896 45.6109 46.0953 49.6718 47.7145 52.4377 51.8221 47.4153 51.1343 44.4802 47.2626 47.0556 49.3317 48.3884 51.4123 50.2842 51.8098 50.0171 51.2434 51.2132 48.305 48.2262 46.6504 53.0988 53.082 49.4237 51.961 52.5 48.3681 52.2705 46.0602 50.0105 52.1119 49.6482 50.1733 52.9189 43.731 46.1254 46.695 42.1569 47.3174 49.532 49.982 48.6862 49.992 50.799 54.145 48.491 50.3038 48.191 50.1004 48.6943 46.6916 47.3017 51.1535 50.502 46.5981 47.5483 47.1697 48.118 49.0803 47.0951 47.0169 43.0439 45.9061 48.1065 49.6131 51.0568 49.7118 44.2362 45.4014 46.4278 46.7531 49.9237 51.8799 50.2983 52.7022 48.5505 47.2248 46.4736 51.4063 50.9106 47.9195 46.8005 49.3629 
52.0316 48.3594 47.96 49.64 47.482 47.3006 49.0597 46.5133 48.8043 51.3791 48.3151 51.1018 45.071 48.5934 48.2765 49.8492 47.4276 49.7291 47.2337 53.6946 46.5734 48.3396 47.3477 50.0533 48.5373 47.3087 46.9493 51.1585 44.6725 49.0302 51.1109 45.6749 44.6916 51.8868 49.2699 53.1965 50.276 49.8053 47.9566 48.7611 47.6256 49.2761 48.4652 45.078 50.4072 45.6866 46.1835 51.8296 49.5732 48.1901 47.9589 54.3156 45.1546 52.5704 49.7427 47.2278 51.3209 47.4033 51.7806 49.2883 50.3956 47.1 51.1744 47.6628 49.0613 51.612 47.892 47.5321 48.6161 48.9025 46.1035 46.1265 46.1754 49.286 51.422 47.9687 51.4569 47.9075 47.7202 48.1316 47.2644 47.9983 45.988 48.4271 50.0947 51.3081 46.7466 46.6903 48.5382 51.166 48.6198 50.1395 50.5618 46.0107 46.7674 50.7806 47.2046 46.0655 53.0755 47.5153 51.7822 45.9093 51.3477 48.5391 50.704 46.5825 45.4815 50.463 48.0482 49.6358 50.6028 51.0205 50.6908 45.8164 47.2945 49.0434 48.0969 43.9954 49.2583 48.634 53.6444 50.1181 47.0506 51.7475 46.0267 48.9553 49.2015 46.6702 48.8046 51.5554 51.1863 51.3017 49.8493 47.365 49.0179 47.3998 49.9589 48.0226 49.6174 51.9658 51.1445 50.635 53.3499 47.496 49.8165 46.6679 47.7042 49.8058 50.1776 49.6432 49.1484 46.177 42.8698 48.9782 46.1992 48.4286 51.5534 51.7091 46.7061 47.8884 48.8601 52.8981 46.6674 50.5131 47.4073 49.38 47.3057 49.4692 48.236 47.3351 51.1534 45.4753 50.7079 47.7928 50.6999 47.7462 49.4292 44.9444 43.622 46.769 46.6052 51.5572 47.3383 49.7477 43.726 48.2793 45.9117 46.6812 48.9425 50.6736 47.6612 51.2581 44.8476 47.7709 45.2172 52.3281 49.331 47.2766 46.8416 47.3507 
50.5234 47.2631 49.8157 49.7516 49.2305 48.0285 50.5674 47.0254 47.0628 49.0952 48.2944 50.0864 46.0539 45.6598 44.1816 48.1294 48.5094 49.6772 47.7068 52.0355 48.0453 48.7029 47.8269 50.0872 48.8709 47.742 48.6432 49.0656 43.6431 51.9218 49.6729 48.4693 46.1088 48.9977 49.7741 51.098 50.2535 49.5341 47.6412 48.5538 47.7642 47.9441 49.2694 45.9595 52.9058 44.2287 44.4732 48.7362 46.8035 47.1717 46.4842 51.3428 46.3959 51.5911 48.2843 48.6417 49.0324 45.2178 48.4824 47.1459 49.3979 48.2355 50.4375 49.4381 49.369 51.7807 47.0801 48.4812 49.5892 48.3403 45.2467 44.9354 47.6054 47.8741 48.8477 47.9347 51.9147 48.5613 47.5781 43.5973 47.6494 47.3621 47.05 50.2585 51.2509 48.0677 48.9845 46.913 51.9747 47.9487 49.6412 46.1922 49.7996 42.7262 47.0478 50.7585 46.3571 45.438 48.6442 49.0676 50.8404 44.4229 51.0635 47.9181 48.3517 47.1801 47.1076 51.1282 49.9098 49.8424 48.8957 48.7251 50.0187 47.5418 45.2362 49.5073 44.8693 43.2854 47.9309 50.4037 54.9615 50.9147 45.8573 48.8519 45.0796 48.2147 48.8859 49.1129 48.7438 49.4609 51.0488 49.2796 50.2716 47.3823 49.9329 49.3426 46.3053 45.0892 50.5209 49.5585 48.6535 50.7393 52.3723 44.9464 50.937 45.6943 48.0347 50.7034 48.3562 49.8143 49.9254 43.6071 45.1279 49.3756 45.6828 46.7539 51.1125 49.5725 46.3652 50.4119 48.7961 49.9944 48.9913 50.2354 45.0323 48.9586 48.3816 48.0812 47.6843 47.7112 48.7282 43.9178 47.9681 45.8656 46.9812 48.2644 49.8707 46.7254 43.317 46.423 45.6789 49.4327 48.4215 49.5406 45.1701 45.2651 43.8664 46.2067 47.5203 50.6331 49.7324 50.9287 45.9799 47.5185 45.051 50.321 49.1706 48.8726 48.8851 47.84 
50.8417 49.9931 49.4253 49.8082 51.0268 48.1865 50.4191 46.9205 49.2275 49.4405 50.2371 51.3318 48.379 45.0724 48.7304 47.7789 47.4177 47.7181 48.1102 52.266 45.6287 46.0503 47.2376 50.9278 50.9897 48.4684 48.2426 50.4628 43.83 51.0374 53.9491 48.1073 45.2592 51.7346 50.5039 55.1453 49.8058 50.9413 46.5014 47.7267 49.1121 50.3442 50.947 48.1413 53.0771 47.0945 45.2663 50.1747 51.3573 52.696 47.6698 53.5283 47.0161 55.4147 49.9177 50.0164 52.7931 46.5077 48.6171 49.7167 49.5559 48.1411 50.6995 48.3833 48.4994 52.1288 48.9731 49.5327 48.5881 46.6746 48.6841 47.8117 47.9762 50.2947 50.3808 47.8302 52.6627 48.0868 50.1529 47.9848 45.1022 50.8055 48.9596 50.9777 50.3655 50.6708 48.5349 44.7901 49.4719 50.6847 49.7805 52.1052 50.4347 43.483 49.6243 49.4363 46.7377 46.9613 50.3517 50.6289 52.6554 44.2834 52.0558 46.1102 51.6052 50.5232 45.888 48.9087 48.6885 52.1152 50.6939 49.8199 50.0973 47.6501 46.7903 50.3608 45.9273 46.313 50.9368 47.2345 54.0456 50.2201 47.2634 48.864 46.2388 49.3766 48.9701 47.7443 48.1776 48.7315 49.7556 50.7717 50.9834 46.878 51.4378 50.6386 48.5712 45.9516 52.2983 52.7868 49.0374 52.7277 54.1574 47.988 50.5541 46.7657 47.7465 51.7802 51.3341 52.4046 51.7517 47.7578 45.4193 49.286 46.0769 47.3427 52.2425 50.1682 46.9466 48.2263 48.8592 52.0414 46.4272 49.5058 46.6175 50.3292 49.5425 48.4688 48.9519 48.2458 49.898 47.0356 48.2746 45.4724 49.6396 49.1071 46.8671 47.7825 44.6851 45.9015 49.699 51.4961 49.3972 50.3434 45.1086 45.7777 45.3138 46.41 49.6441 52.4724 49.7213 51.5594 47.6217 46.4963 45.9907 51.9317 49.1167 48.1786 45.4291 47.2723 
50.5576 47.9633 48.8811 50.9346 48.4089 45.6666 49.893 45.5606 47.6974 49.1638 48.6927 51.4678 44.0388 45.7482 47.5384 49.1438 47.3593 46.6701 48.8627 52.8141 45.9706 47.1524 49.2691 48.913 49.2064 46.9888 47.424 48.3583 45.4201 51.5184 52.1188 46.4836 46.6433 48.3644 49.1452 53.0088 47.989 48.6234 45.758 47.0105 48.7722 47.6848 49.1255 46.2114 52.0684 46.6085 46.7729 48.6386 50.7614 50.948 46.9119 53.4478 46.1415 51.3253 47.5674 45.9279 50.3006 44.3275 49.3649 48.0299 45.3744 46.9826 49.8579 48.0971 46.5236 51.5454 48.7138 49.8401 47.042 47.0338 47.8396 43.9596 43.0439 50.062 49.2947 48.1399 50.4632 47.136 46.9125 49.043 46.9152 48.3802 45.9694 53.8742 51.0127 49.279 47.1247 45.1243 49.8658 47.3621 46.7278 48.9883 47.9672 44.6867 46.9698 50.1479 46.1082 43.5115 48.4945 48.0491 49.9327 44.3532 50.0395 50.6663 48.5403 47.0491 45.1924 52.4943 47.9381 50.1106 49.8529 49.4587 50.6016 43.446 45.9589 51.3468 43.1637 44.836 49.266 46.221 50.6376 48.3119 46.7541 51.4858 45.3984 47.7286 47.8572 51.0904 49.3645 49.524 49.6611 48.4844 48.6758 48.7083 50.1258 48.8765 48.4956 45.898 48.1835 48.6734 48.1618 51.288 50.0591 47.5885 52.0742 45.7831 49.8805 51.037 50.3565 47.6264 48.8797 46.2416 44.9819 48.6836 43.4383 48.6462 50.2894 52.1331 48.1675 50.1897 51.6069 52.0342 46.0857 49.5323 47.0371 50.9265 47.9658 49.9041 47.8019 48.5549 49.3424 45.535 47.8184 46.4546 48.6473 49.9199 47.5221 46.9735 44.6572 45.5826 45.83 50.1144 49.2304 49.2003 42.4444 46.5378 45.1778 46.3684 50.3065 52.2417 49.0706 50.3946 46.0092 46.4839 44.7807 52.1946 49.007 46.9586 47.4348 46.2731 
48.656 44.5044 47.0618 46.3071 47.853 45.3047 46.4508 44.3057 45.3245 48.2855 46.5199 49.1184 47.3614 44.446 47.7343 48.1223 43.3285 44.8116 43.6604 50.0432 44.2391 46.7476 46.3441 47.8197 48.2841 45.7304 46.2798 48.191 42.9765 45.7245 51.5292 47.6303 43.2809 48.6473 47.7467 52.5712 46.3077 47.7189 47.4093 43.8597 44.5892 49.2034 47.0317 43.6 52.4924 46.3133 43.4269 47.4093 47.8874 46.8598 46.5745 51.8254 43.13 52.0557 47.6823 46.8827 47.5522 41.8119 48.3315 47.8194 46.7596 45.2225 47.2661 44.5758 45.4824 48.4503 44.7261 45.5441 45.341 43.9913 46.307 43.9863 45.1898 46.2139 45.8951 46.1398 49.1293 47.2684 47.3386 46.2812 44.3633 48.5734 46.7026 51.5151 46.5998 46.8559 47.8168 43.4187 47.9903 45.9031 45.8082 46.6823 47.8008 40.7215 43.9506 47.9433 43.5834 46.3442 47.1907 46.5191 47.6852 42.3514 48.3161 45.259 48.8115 49.5477 43.7262 48.9503 47.5615 47.776 47.1822 50.4257 47.5848 44.2635 44.468 47.5084 44.6031 43.5589 43.5479 47.3409 52.3333 47.1151 45.5347 47.0445 42.4192 46.1926 48.495 47.4836 45.0465 49.162 48.5316 50.2496 46.9382 48.9204 49.1939 46.4327 47.0339 44.7631 48.7498 48.6122 47.4226 46.6231 50.061 44.5898 48.0524 44.9182 48.1195 46.9985 51.0211 47.3736 47.9928 42.8703 41.7585 47.2774 40.9096 44.1064 49.1766 47.4749 45.1895 46.6627 45.7512 49.0514 42.7203 46.8927 44.1168 47.4935 47.8222 47.1935 46.4659 46.9338 47.7057 42.6017 45.0621 43.8644 46.4554 45.8494 46.9757 43.5024 43.1566 43.4718 46.6417 48.498 47.1803 46.4338 40.6525 44.8111 45.4003 43.1026 49.805 47.8235 48.2724 47.6108 46.7369 43.9088 45.4213 49.8567 45.5529 44.8968 45.958 45.7352 
51.6916 48.139 51.1076 52.4945 50.5815 49.6811 51.5031 48.6996 47.7119 50.9426 50.2563 52.2572 48.1543 48.2616 48.794 50.5957 48.6747 49.0441 48.3411 53.8434 48.3076 50.1153 48.6525 49.1786 54.1314 44.6998 48.4497 51.9778 47.8261 50.472 49.8641 47.9619 45.9817 51.5632 50.8734 55.1096 51.9066 50.2818 50.1832 48.5184 48.4983 51.1679 48.5984 46.9427 53.401 48.2436 47.0504 50.5963 53.8577 50.3764 47.5425 52.9474 47.2025 54.3153 51.724 49.1642 51.9956 46.6868 49.5233 48.3611 48.2374 49.1593 51.499 46.8609 50.5067 51.6423 50.5842 50.6527 50.2077 47.4781 48.0531 46.8371 47.0471 51.8444 49.9094 47.511 52.9287 50.8232 49.1043 50.1799 46.2007 51.1846 48.1788 50.9074 51.4233 52.6102 48.8099 47.4653 46.8043 48.9152 49.1513 49.2174 52.0318 45.9838 48.8131 53.4362 48.5065 46.611 50.5071 49.4288 52.3235 45.3272 51.3346 51.1156 51.7066 52.4293 44.2144 52.8326 49.7161 51.2425 51.6276 50.877 50.5763 49.8704 48.8737 52.4013 44.9264 45.1664 49.077 46.2564 56.1357 49.5874 49.0082 52.2997 48.059 50.0765 49.664 50.6462 51.2464 52.3731 51.0787 51.0363 52.1382 51.9323 51.5108 48.9724 50.9397 46.8315 52.3858 50.4049 50.4714 50.0236 53.8099 49.3132 51.1357 48.5392 49.3055 54.2826 49.5914 51.2818 49.6408 48.7468 45.7907 49.382 47.1918 50.4694 53.9788 53.7475 49.1022 52.0857 50.4898 52.2574 48.1437 52.5913 47.3404 53.8298 48.9023 48.0936 48.0662 48.9772 52.4419 45.0963 47.8319 48.7883 48.6021 50.4691 49.8088 46.6711 45.5795 46.9776 47.2944 50.7072 49.0487 51.2645 44.3848 48.7906 47.1119 47.3212 49.1491 50.1331 49.9808 51.2815 47.0175 48.4983 49.6774 53.6715 50.4243 49.5322 47.0439 49.4654 
53.7971 50.7555 51.2605 51.43 51.4539 51.8593 53.4336 47.2149 51.8729 53.8097 54.2547 52.711 47.5305 49.1859 49.0093 52.5652 49.2406 51.3105 49.3114 53.6373 49.1011 51.0649 50.6329 49.5189 52.9283 50.8317 50.048 50.1712 45.2915 51.3056 54.1766 48.6813 49.3392 53.0241 52.3723 55.2337 50.2728 53.4534 52.4291 51.6042 51.5198 52.3127 51.0021 48.3982 56.2288 48.5109 50.1026 52.9497 51.2564 53.8534 49.3874 55.8006 47.9642 56.2331 51.2378 51.477 53.5448 48.3914 51.1408 51.3815 49.9875 50.4088 52.8472 49.9042 48.8751 55.5752 52.5329 51.024 49.6423 51.4848 50.3897 49.4208 49.4376 54.1762 52.7259 49.7194 54.5639 49.8496 50.959 50.1845 50.1261 53.6254 49.1066 53.9086 54.7114 50.4384 51.0536 49.1365 52.1905 52.9353 51.2094 53.7034 53.0552 46.9065 49.348 53.9885 49.3967 47.6434 54.0413 50.3006 52.8629 47.3664 53.3688 52.8174 53.138 51.2339 50.0826 53.7341 53.1198 54.14 52.397 52.7413 52.948 50.7106 47.9798 52.991 47.3594 46.7101 50.3545 50.0303 53.3703 52.6789 50.7539 54.7657 49.201 50.1548 52.5501 52.2705 50.1088 52.6334 51.6293 53.0085 50.92 49.454 52.3835 52.0576 52.6926 49.1896 52.6681 55.9423 51.8871 54.5824 55.6218 50.7854 53.7285 49.9723 53.6179 54.1654 50.7161 51.0048 52.7941 48.6039 46.4256 49.775 45.9128 52.9791 53.3162 54.4686 50.9877 54.5834 53.4626 54.527 49.0592 51.8562 49.1807 51.3497 50.8531 51.907 50.4857 50.8132 53.3611 47.6353 51.6399 48.4751 52.4056 50.4584 51.0975 48.9417 48.4187 51.5271 49.1169 52.6388 54.5342 53.4048 46.3067 47.3708 46.3322 48.886 51.5153 55.8537 52.8614 54.4855 49.7184 51.17 48.2744 53.3993 51.863 50.6641 49.8437 50.3007 
55.276 49.1143 50.1475 52.2411 50.6293 49.9413 52.6454 50.2195 50.6619 55.2655 51.3441 55.1902 49.7404 50.0421 49.0637 51.8401 48.8346 51.2096 49.9857 55.4469 49.0399 50.9682 53.5843 51.5967 52.6867 50.009 50.0566 51.2387 46.7599 50.7414 53.363 49.7873 47.9477 53.4146 51.3753 55.9714 54.434 54.2894 52.0121 52.1491 48.0852 52.5458 52.9938 50.6732 53.9127 50.3868 46.5007 52.9538 54.488 53.1127 49.7434 59.0231 48.4342 56.0102 52.5114 52.9392 53.3667 47.0423 52.5283 50.719 52.1186 49.0901 55.4035 50.7566 50.4775 54.397 51.9732 50.39 51.4406 51.5381 49.3944 47.6743 49.6894 54.4621 51.8438 49.8208 55.7581 49.025 50.7437 49.9728 52.2329 53.9067 47.7688 52.2342 56.1504 52.1197 52.1055 47.5291 52.3569 52.438 53.7499 52.6037 52.6721 49.2328 50.9679 54.4206 47.4367 48.1083 52.4616 50.9723 53.9299 45.5686 53.0059 50.6543 54.2526 52.4576 49.3474 54.9182 51.736 52.9864 50.4476 52.1856 54.2092 51.5457 50.6088 53.0736 49.5732 48.7544 51.2536 49.7612 56.1053 52.6403 49.9176 53.6034 50.6715 52.2061 51.6552 52.0676 52.1283 52.703 53.3121 52.8045 54.5446 51.0586 54.0566 51.0952 51.5906 48.1645 52.6536 53.6703 49.9013 52.6737 56.2484 51.6086 52.9494 47.549 49.7664 54.3445 51.7942 51.8387 54.0785 48.0133 46.2804 51.005 48.918 52.162 53.6051 54.1657 51.0951 51.1778 50.7699 52.6806 49.8488 50.1972 48.1878 52.3509 50.8347 51.7924 53.7122 50.6972 52.1967 47.1815 52.3692 48.1181 51.0463 52.3902 52.5458 49.7586 48.6079 48.6611 51.9818 53.9999 52.7979 52.5742 47.8695 48.6507 46.4688 49.9084 48.8399 53.5904 52.9244 53.3152 51.1985 50.0765 48.7911 54.6621 52.1954 48.1714 49.5344 52.0427 
48.6922 46.3187 46.445 48.0379 46.07 48.1635 49.0034 44.1818 47.793 49.0418 50.0756 51.8791 44.717 45.2734 45.8964 48.3892 44.1092 47.9482 44.7503 52.8754 44.8251 48.3503 48.5851 47.4283 49.478 44.8963 46.6889 48.4834 43.7727 47.6895 50.9409 45.9566 44.2394 48.9209 50.1851 51.9044 47.3389 50.9384 46.5248 45.731 43.444 47.5966 45.9695 44.7557 51.2604 45.703 43.1477 47.8819 48.7116 49.2777 44.643 50.8859 43.2646 53.0707 48.8406 46.5817 48.1926 43.6604 48.4804 45.8315 46.9821 45.6761 47.8043 45.4069 44.4259 50.6039 48.4107 48.4532 46.9576 46.9016 45.6986 43.798 46.1121 49.4375 47.7129 45.6178 48.5105 45.5678 47.3327 45.2394 47.3926 51.1782 46.3711 50.7099 49.5389 49.9936 46.4235 44.1464 46.5545 46.6362 48.2407 46.62 49.5862 43.1538 45.6084 49.8001 43.9654 45.6394 46.1011 47.2716 50.009 41.6085 49.919 46.2415 47.2413 48.7653 42.8673 49.8503 48.0169 49.4335 47.1672 47.6386 48.9232 47.1205 45.1249 46.7275 44.1167 43.8566 46.1272 45.5197 49.4267 48.13 42.9448 49.3978 44.9453 47.9692 49.3885 47.5049 45.8514 49.1361 46.1764 48.7052 48.2616 45.8707 49.5959 48.5062 48.8106 45.2944 49.8109 49.2406 48.376 49.1554 52.4458 45.2526 48.2092 44.869 47.736 50.0755 49.1611 47.3286 49.6899 44.5489 44.3424 46.6253 42.3622 47.5272 48.7682 49.879 48.3829 48.6636 48.1789 51.475 45.8579 47.4951 46.656 47.8724 48.3615 48.2076 46.9575 47.6281 48.2169 42.9492 47.8444 43.3437 48.0744 47.4471 45.311 41.4173 44.6207 44.8258 45.0083 48.1857 47.2662 48.8891 42.4234 43.704 45.5382 42.7567 46.7157 49.0357 48.0961 48.9536 45.7405 47.1962 48.8127 50.5919 47.8171 44.8496 46.4128 46.927 
49.544 45.1816 47.3717 48.4827 44.5144 47.3224 49.9865 44.298 46.4814 47.341 46.3294 51.251 44.6011 45.219 44.8911 48.6597 43.4206 45.2984 45.3565 49.6564 43.8225 46.0659 47.5184 46.3467 47.6737 46.3809 46.4704 44.466 42.0801 47.6871 47.4608 45.9793 44.493 47.8069 47.5643 52.3181 45.3792 46.9235 43.8574 45.847 43.8619 47.4751 47.4024 42.6213 50.0598 45.3452 43.9421 46.6431 47.546 46.2726 44.2525 51.4542 44.5983 51.8615 46.5073 44.6381 50.0789 43.6694 46.6325 46.2856 46.2296 44.6062 50.0776 47.585 44.3094 48.4512 43.4204 46.5592 46.3105 46.0816 43.5509 43.3337 46.3572 48.7995 49.6572 44.4814 49.1694 46.9628 47.1293 45.0755 45.6685 48.8355 45.7222 51.8573 48.8817 49.5339 48.4968 43.975 48.2247 45.536 46.9855 47.6099 48.6593 41.3356 46.8523 46.9884 44.7067 46.148 47.6913 47.9958 48.8979 43.0844 50.2775 45.4332 48.7888 47.4091 46.6089 49.2013 48.773 44.8202 45.8898 48.5762 48.3422 45.8554 43.9803 46.9688 44.6424 41.1681 46.1893 46.0031 50.4523 49.7808 42.1966 47.9971 46.029 45.2869 48.1571 46.7142 46.7617 48.2408 47.882 48.7928 50.7487 46.7136 50.5702 46.3038 46.5693 44.4661 50.1287 48.0017 46.2507 49.4012 48.7002 42.867 47.3451 45.4736 45.3283 46.4466 46.9591 47.2123 46.9534 41.9942 44.0701 46.712 44.0383 45.7893 47.9174 49.5415 44.7333 47.5174 46.8065 50.3205 45.4666 48.6226 45.9276 48.1585 47.1888 47.9854 47.5494 48.8563 47.6599 44.0896 46.4596 44.225 47.4895 47.8622 45.1287 44.1198 40.957 44.6576 45.7132 48.7414 48.0206 48.33 42.282 44.4664 43.9026 43.1167 48.4405 48.0396 48.1794 47.9423 44.905 43.0934 43.1033 50.7201 48.4325 44.9043 44.5753 46.1193 
49.4198 46.2227 50.608 48.3251 49.8909 47.3649 48.6633 48.2026 49.9986 49.2221 48.0853 49.0403 45.3488 48.7483 47.7741 48.9871 47.344 46.8769 50.1804 52.8011 45.1791 48.0565 46.7344 47.6927 49.8966 45.203 47.4011 51.4689 44.7549 49.4197 53.3504 48.6601 45.0022 50.5021 52.1826 51.673 49.366 49.3727 48.7015 48.8255 47.4725 50.0746 50.9977 44.0588 52.5889 46.687 47.5916 49.316 49.794 49.7694 49.8349 51.5416 47.4734 53.0768 50.8972 48.3023 49.6657 45.7864 50.577 46.7247 51.1082 47.6721 50.6049 46.7627 46.1536 51.6529 48.5369 49.488 48.7474 47.5495 47.0906 43.6177 45.7563 49.9226 46.7019 48.7681 50.927 46.5624 48.271 47.6576 46.5538 49.1014 45.8768 51.3518 50.483 52.9178 47.7879 46.2438 49.0978 49.0888 49.1177 50.5821 50.4404 43.2911 47.0404 51.9948 47.2163 46.8084 52.4245 48.5224 53.1136 44.0904 50.9455 49.8762 50.3007 50.3669 45.9461 52.6238 48.784 50.2213 49.3602 47.4035 50.7304 48.1627 46.7123 47.6417 45.3184 45.7097 48.0916 46.9703 52.481 50.7978 45.8862 51.1921 48.2777 46.1951 47.6491 48.071 46.7986 50.6576 49.5423 48.8155 51.275 49.6366 52.8154 51.3612 47.9733 47.9655 51.3536 52.4807 51.2275 52.4478 53.429 46.0724 50.856 45.0856 49.7586 49.9779 50.1432 50.4396 50.314 46.6699 44.3274 50.1384 45.6467 47.1582 50.1235 51.4615 47.6431 50.8432 48.6676 52.5017 47.9408 50.1045 48.1524 48.8989 51.3857 49.6041 47.9011 48.0725 49.5425 44.3217 45.8745 45.318 51.2555 50.3251 47.806 46.1452 46.6335 46.3846 45.2173 49.6839 47.8162 48.3814 44.3505 47.6067 41.8279 47.3053 47.7293 51.812 48.2082 49.8719 46.5464 47.1573 47.1276 52.1974 48.0085 47.1271 46.7866 47.8028 
52.727 48.6594 47.9223 49.6994 49.435 47.2715 49.5081 46.5385 51.0983 47.9776 50.2912 50.2751 47.1804 49.2803 48.1779 49.7426 46.6741 47.4474 49.4579 51.7147 46.7295 50.5747 47.6329 47.696 51.387 47.158 47.5455 48.7145 42.5902 49.2223 51.9881 48.172 45.9667 51.4137 49.4858 54.3157 48.9287 49.7829 49.2621 47.6001 48.0364 48.7058 52.0545 45.7481 54.0879 48.6202 45.4531 48.5526 50.7237 50.3255 48.9974 54.4707 46.7989 54.1277 49.6808 50.3003 51.1028 43.0997 48.9235 48.3879 48.9806 47.8142 52.2338 48.7149 48.1528 52.1298 50.9813 48.7281 48.4563 46.8402 48.2474 44.1491 47.703 49.1109 50.3456 49.2429 52.7261 50.486 48.9966 48.9835 46.8564 49.3949 45.9359 51.9484 50.6387 48.9188 49.521 45.358 51.2298 46.7328 47.3374 51.5488 52.6238 45.6647 48.8966 51.8934 45.1579 46.4705 52.6392 47.5797 52.2305 44.8835 51.5324 49.3339 48.9312 50.5661 47.2532 53.484 50.3663 51.5624 51.01 50.322 50.6432 49.4736 47.1169 49.5252 44.4866 43.287 49.3289 47.9395 52.1503 49.1981 45.7779 52.8856 48.6898 49.4473 51.2553 51.277 47.342 51.7981 52.1147 48.1639 52.1023 48.845 49.6091 51.074 49.3979 47.3229 53.0052 50.2123 48.8718 51.0608 55.0366 46.6947 51.9898 47.1131 50.147 52.0286 50.3332 49.5037 52.218 45.6962 44.5416 49.2683 43.7626 48.4045 51.0899 48.7489 46.9795 49.2329 50.581 51.7268 47.4281 51.4998 45.8794 50.8893 50.0764 48.0978 49.9004 48.5641 48.5862 48.7303 48.3514 45.4463 49.9694 46.6033 48.7536 47.4236 46.39 46.8785 49.9731 49.4078 47.9509 52.3623 41.9215 46.8618 46.678 46.9468 49.9604 51.5885 50.6026 50.0683 48.9358 49.3303 48.9886 51.8922 51.064 47.332 50.5322 47.8812 
51.6602 45.7074 50.2591 50.2387 49.3783 49.0578 52.4751 48.5677 48.7626 51.0413 50.1086 52.2635 47.7969 47.5609 50.2097 50.7091 50.6363 49.2347 46.6279 53.6304 47.318 48.5681 48.2513 50.022 49.9962 47.0401 50.9158 48.874 45.5057 49.6995 50.4395 48.8769 47.1266 51.631 50.0736 54.7167 49.6504 50.8761 46.7012 50.2232 47.7934 51.0007 49.8483 46.3602 54.4701 47.4824 47.5621 50.3339 50.694 49.5092 46.6013 53.4419 45.7229 54.3684 49.8074 48.9108 52.1746 45.9787 50.8174 49.4689 50.8605 48.8731 51.9667 48.7766 48.5557 50.7031 48.4973 49.2707 48.5831 50.9321 46.7839 45.9161 47.2771 51.0298 51.4381 48.9391 51.715 47.4135 49.8342 48.471 47.4198 51.4147 45.7721 51.2156 50.3477 50.7132 52.3615 45.7752 51.7348 51.1271 50.8197 50.0464 50.0005 43.7724 45.9683 53.1657 46.5424 47.2887 50.9162 50.609 54.0441 45.7462 53.8895 49.2033 50.4632 48.3836 44.1352 52.7785 47.3301 50.6427 49.4056 50.5995 51.549 45.1812 44.6307 50.5815 47.8401 46.19 49.0993 49.3561 55.268 51.0802 46.0809 49.5617 47.5709 49.1019 48.3071 48.1678 46.1712 50.959 49.8987 51.9045 50.9899 47.9319 51.4953 49.1812 49.036 49.9059 53.0037 52.1733 51.0843 52.1946 55.3559 45.5393 48.8802 47.448 50.0693 50.4641 49.0472 50.7783 49.8428 45.4735 44.3031 52.1703 47.3208 50.7057 50.2783 49.0877 48.9126 50.7779 49.4243 53.3586 49.3639 50.1893 47.6408 50.6489 50.2885 51.7748 46.9771 49.9117 51.5357 45.3975 51.3971 47.2951 49.4461 50.5846 49.5018 45.406 44.0243 48.3563 47.0075 52.291 48.4759 50.7603 45.4898 44.7082 47.2211 45.0804 52.0905 51.6567 51.4009 49.332 48.4382 47.3666 46.4262 51.6912 51.2479 46.7779 47.2085 49.5286 
57.0841 51.249 53.4524 53.9486 53.2681 53.206 53.7571 49.2156 52.8941 54.22 54.546 59.0836 50.0727 51.7319 50.4274 51.6548 52.6389 53.0234 50.9227 57.8901 49.0645 52.0162 51.2403 52.9118 55.8466 51.0323 52.5399 53.693 47.5909 51.883 55.3187 53.0642 48.8372 53.4496 54.3599 57.9785 54.4123 52.7406 52.4195 52.4841 50.2667 55.1416 55.0459 49.7466 56.4403 48.7659 50.2362 53.2658 54.7962 54.5081 51.6399 57.1383 50.295 57.0565 52.6341 52.8799 54.9559 47.792 51.6161 51.61 52.014 53.3462 55.4852 50.1001 50.3997 56.3191 52.6699 54.1296 52.835 50.6791 51.2123 46.9327 50.7881 53.9926 53.382 52.0879 54.583 50.7069 54.6329 50.4697 51.2558 53.1128 50.9268 56.9193 56.2189 54.4468 52.2874 48.532 52.4055 51.5724 55.3548 53.8705 54.3798 47.9788 52.3608 55.5855 50.8751 51.2187 53.2421 52.0113 53.6469 47.9055 53.3035 52.5519 54.3741 54.291 48.3065 55.167 53.7161 52.4581 52.3568 53.7075 54.7899 51.6991 50.8311 53.4909 49.1134 49.8508 51.6404 51.1714 57.4345 53.791 50.4846 54.458 50.6654 49.9776 52.8914 53.6003 49.0431 55.2154 54.4252 53.4324 55.2305 54.6129 56.5431 55.183 54.1465 49.8674 54.7077 53.8976 51.63 54.1785 56.2641 52.6037 53.4832 50.7222 54.6372 54.4697 55.1911 54.1996 53.424 48.5097 49.1853 49.0207 47.8756 52.41 54.8556 56.2183 50.8845 53.3802 54.9943 56.8871 50.6259 51.6484 50.416 56.7213 50.1228 53.573 49.341 54.0378 54.7905 49.4747 53.1167 48.1868 54.7926 53.4868 52.7089 50.55 47.807 48.4344 50.6574 54.0556 54.4918 54.9457 47.4545 50.4509 48.5924 50.5865 52.9367 52.5498 53.5125 53.8557 49.6634 48.2184 50.428 54.2261 54.6402 52.3047 50.5833 50.2855 
53.2287 48.9087 51.6884 48.4726 50.2136 48.1649 55.095 49.4518 51.7573 51.2806 53.5241 55.2914 49.4107 47.3475 48.5698 50.2743 49.6123 47.7717 49.3778 55.8602 52.8395 49.972 50.1348 51.0052 53.1388 48.7313 51.3352 49.5664 44.3908 50.3526 55.3613 48.7214 47.9554 53.6823 51.813 56.3709 49.9777 51.0276 51.1801 50.405 49.9027 52.1275 51.7932 47.6275 54.8215 48.5579 48.1478 53.2628 53.1349 54.1296 49.0974 55.4675 49.0908 55.584 49.0798 51.1832 53.9208 45.2014 51.6632 48.926 50.3733 48.7088 50.2714 48.4384 51.0665 53.2602 49.9446 51.0674 52.49 48.7327 50.0592 47.5755 47.2214 52.7393 52.7845 49.1797 53.0957 50.448 51.4656 48.6441 49.5408 53.6853 48.1242 54.4604 53.2762 51.6664 51.4437 44.5304 52.0762 50.9719 50.5821 53.1389 52.2751 45.5938 50.4032 53.2794 46.1479 46.8811 52.3684 50.5851 52.8398 45.0564 52.7676 49.6108 52.4858 49.3907 47.6384 52.6372 52.4744 53.469 52.7189 51.387 54.713 48.8185 46.0879 51.4842 47.7944 48.1604 49.3757 47.7146 53.7515 52.2708 49.923 52.9974 48.6048 52.2256 53.283 50.3717 49.3335 52.3117 52.6772 50.3595 50.3571 51.5307 54.4548 51.3454 50.1176 47.3 51.2539 51.4435 50.7732 52.685 54.6724 48.0466 50.763 48.4882 50.6945 50.636 50.5066 51.0323 53.7159 47.6374 45.9928 51.0744 46.6567 47.3401 53.5631 53.2787 49.7084 51.6479 52.3255 54.356 49.3324 51.0408 48.5516 51.2979 52.6479 51.0621 51.2586 51.4751 52.9877 49.5244 50.7915 49.9137 52.0905 51.7686 50.8858 45.8751 48.0003 48.2585 51.0458 52.7774 51.6146 53.884 44.9126 47.6989 46.7696 48.489 50.7796 53.8546 55.8098 51.7354 48.4863 49.1285 49.7181 54.0107 50.2694 46.7685 51.7085 50.4875 
54.6491 48.4374 51.89 48.6055 50.6769 49.6933 52.9122 48.2885 49.1958 51.1611 52.067 53.681 47.1218 48.4887 48.878 51.0714 49.3041 50.8333 50.7971 55.0982 48.6345 51.6826 50.1099 50.9254 52.6545 45.5159 50.5889 49.7639 43.5561 51.1587 54.3825 47.4817 48.5005 49.8204 52.9172 55.4524 50.2324 52.0174 50.945 49.5422 51.1466 53.1227 54.1532 46.5582 53.6942 48.2623 48.953 51.1322 53.5655 50.7282 47.4219 54.4609 48.9792 54.3604 49.9202 50.532 52.705 48.2413 49.5342 49.4403 50.0005 50.2234 50.3825 48.759 50.6417 52.8191 52.0066 51.0184 51.9557 48.8996 49.2353 47.7117 48.8806 52.0133 51.0679 49.6386 52.9806 50.5155 50.9533 50.866 48.2584 51.6283 49.0513 54.463 51.6518 51.291 52.5193 48.5311 51.9702 48.4544 49.4726 52.5445 53.6774 45.3362 49.5417 52.2935 50.2034 48.0013 50.6937 47.195 52.3868 45.4995 51.5295 51.9685 52.4289 48.2378 48.6232 52.6279 51.5225 53.0331 51.594 51.2427 52.5332 49.9892 48.0687 52.1818 45.4302 45.8598 51.3887 49.122 54.507 49.0557 47.7426 52.8377 47.659 50.92 48.4432 50.3842 49.6977 51.3025 52.5629 50.9744 50.7944 50.4859 53.8907 51.2055 49.6127 48.2204 52.7091 52.2645 50.7207 51.876 55.5577 48.7704 52.4388 47.1745 50.9429 52.329 51.9646 51.9139 51.7979 47.9313 45.4205 50.101 47.4596 49.5829 51.8979 51.8691 49.6946 50.3108 50.4181 52.3224 45.9874 54.7538 47.4653 54.8116 48.5123 51.0034 49.6048 51.5615 53.5915 48.0973 50.2412 47.0837 50.568 50.7741 51.2649 47.8218 47.1865 47.7212 49.2407 50.8511 50.5987 51.2572 47.1715 48.5596 46.3694 49.9891 48.8248 53.1957 53.3159 51.4421 50.2269 46.6709 48.4662 51.9122 52.9116 47.8918 51.2779 50.6318 
49.5631 44.633 47.4187 45.0527 47.3575 47.0172 49.5643 45.1903 47.3585 45.8462 48.5673 48.7019 46.2067 46.4702 46.553 46.5122 47.7023 45.3326 45.3796 50.5004 45.2705 47.2855 45.9421 47.0521 50.2313 45.7011 46.5654 45.9247 40.7114 47.9415 49.3927 45.0957 44.1319 49.6224 47.6418 52.2336 49.0358 47.21 46.6045 47.4927 44.8237 48.49 49.6 44.702 51.3602 44.8162 44.5623 49.1146 47.799 48.8773 45.4148 51.0296 45.4362 52.1477 48.8468 47.8784 47.4511 44.4482 47.8963 46.1615 46.2204 46.2724 47.8577 47.5896 43.4956 50.6107 45.8596 47.9761 46.6486 45.6842 46.0385 45.4442 44.0605 50.2868 48.1604 47.1192 49.846 46.8771 49.152 47.8587 45.7369 48.9266 45.841 50.2016 49.638 48.6728 46.3822 43.7492 48.264 46.415 46.8017 49.1229 47.4947 42.235 46.4415 48.9476 42.9946 43.3604 47.8316 46.7712 49.8836 43.7483 50.3433 46.6388 48.1617 47.526 44.5199 50.3945 49.4704 49.4066 47.612 49.4232 48.3243 46.2602 43.8876 47.5782 44.0802 44.7359 47.8105 45.5514 51.808 47.9884 44.0046 47.1365 46.5746 46.8697 48.5659 47.8196 46.2004 49.1202 49.0727 48.6291 49.584 46.4327 49.5606 48.1347 47.7205 46.5371 50.519 48.5503 45.5976 49.4959 50.0768 45.3351 48.5811 44.7838 47.0476 48.4604 47.7762 48.2975 48.8324 42.0146 42.9033 46.9838 42.9647 45.1815 51.0169 49.8607 44.8216 48.4254 48.3955 50.539 44.6428 48.6233 43.4907 46.0359 47.2857 49.0218 46.0781 49.4126 51.3227 44.7292 48.6628 44.5476 47.9511 50.4897 47.0211 45.1715 42.8978 45.6492 47.8417 47.9168 47.2655 46.2582 42.8508 45.3389 44.1499 44.9005 48.2974 50.6222 48.8738 48.3541 44.1154 45.4602 43.0531 50.6076 48.159 46.4521 45.3495 46.3387 
52.8088 48.5745 48.7197 50.1706 51.3867 47.8837 51.3183 46.6885 51.5755 49.8751 51.6172 50.4837 45.7958 46.4874 49.0945 52.3163 46.7491 48.8025 48.4186 51.3648 47.533 51.0582 48.026 52.4573 52.7527 49.1155 49.6293 49.8612 43.5945 50.5172 54.9129 48.3287 44.8776 53.6821 50.7097 55.283 49.2918 51.3282 47.5809 48.4801 48.5367 50.2057 52.3878 44.8005 53.9591 48.863 46.0064 50.8036 51.5908 49.7167 47.2685 53.4572 47.3688 54.0356 50.4275 51.3845 52.0422 47.8754 47.7779 48.5923 49.412 50.9761 50.2477 48.265 48.7935 52.7445 49.6889 50.1115 49.2105 51.0226 46.998 47.1049 45.899 51.1884 48.8566 48.1807 53.0149 48.9004 49.0562 49.3759 47.9996 51.1237 48.9961 51.6691 52.8956 51.0533 47.687 48.1277 50.2291 50.903 50.7551 49.4544 50.184 46.2632 49.0036 50.8976 45.8224 46.8165 52.1152 49.9673 51.3583 45.3619 50.546 49.3654 48.5315 49.55 46.0799 52.4309 49.2254 53.8494 49.4928 50.0038 50.9869 46.7278 46.0544 52.732 47.2317 46.7401 47.8274 47.5406 51.5686 49.0131 49.2693 52.1696 50.7642 46.9062 49.1024 50.7665 49.6555 50.8012 52.2675 51.0423 52.7069 48.1594 51.6183 50.9366 48.4955 46.966 51.7405 51.7473 49.7956 51.0234 51.6251 46.494 50.0741 48.8981 49.4167 51.4744 50.7578 50.832 50.0413 48.7416 44.3892 47.3654 44.1893 49.14 52.4462 50.3551 46.6599 50.6006 48.8189 53.6981 45.4349 50.4445 46.6952 50.7109 48.2868 51.443 51.9504 50.3939 49.2077 45.2203 48.5469 46.7648 51.0121 49.1222 47.5943 47.707 45.7858 46.7303 48.615 52.1998 48.4104 51.4686 45.318 46.177 46.0159 47.9376 48.455 51.7123 53.1382 51.2195 47.6008 48.2453 47.931 54.3645 49.9124 46.3931 49.3733 49.914 
53.4061 48.7935 50.4611 50.4332 50.4454 50.2485 53.0627 49.9984 51.8072 54.3351 49.8553 53.6368 51.0464 49.5443 50.0363 51.8414 49.7147 49.2649 47.2664 54.4606 48.911 52.3048 48.0887 52.138 53.7749 49.4533 50.7738 52.1373 46.9946 50.1351 53.4896 50.0704 48.2909 55.0393 53.3476 57.9114 53.5022 54.3407 51.7162 49.9296 50.2348 51.9509 52.2472 46.3345 56.8773 47.6938 48.47 52.4473 52.3298 50.696 49.8386 55.0148 46.9761 53.8667 52.084 52.8506 52.7531 45.6697 52.7324 51.2606 50.5933 51.0218 53.4475 51.4493 49.4455 51.2256 50.0714 51.5403 50.2812 50.2628 47.2139 45.2481 50.4925 52.0151 48.5512 49.9638 54.5622 49.4711 51.9127 52.0787 47.3001 53.3698 50.1876 53.8413 52.9377 52.4151 50.3259 47.5109 51.9349 52.0043 53.0017 53.0263 52.1879 46.3878 49.9814 52.9968 48.7405 49.3736 53.3526 49.0757 52.7422 47.6577 52.2614 50.9094 50.4893 50.1015 48.9704 53.7016 50.6817 52.4303 51.869 53.5454 53.6201 50.4922 48.3752 50.277 46.1126 45.3647 50.8433 50.9752 54.2905 51.9881 48.5293 53.3002 50.2801 50.7118 52.1744 52.9697 50.8068 52.4982 52.6215 51.3319 53.8388 51.8556 52.79 50.8518 52.5043 47.7945 55.2076 51.6811 52.0357 53.2352 55.3345 47.8124 52.593 48.7753 50.3744 55.2806 49.252 53.2725 49.1921 44.457 46.1484 50.6778 47.3219 51.6622 52.5968 54.3544 47.4132 52.5085 52.1815 53.0244 49.914 50.3884 49.0456 51.7876 48.5644 51.2517 50.4016 48.3421 51.0464 47.2725 49.0271 46.9979 51.458 51.3384 50.2327 47.5883 46.5644 46.9619 49.6992 50.4163 48.7496 51.5156 46.617 49.6304 48.714 48.705 51.7636 53.2732 52.1117 50.0799 48.6888 48.1306 49.0386 54.426 51.9179 50.6777 49.4934 52.3092 
53.4043 48.915 51.8204 50.8515 50.9861 48.5674 54.0041 48.9446 49.2308 51.2247 53.8934 51.542 50.0576 50.5065 49.6364 50.9166 50.2449 47.7396 48.9902 54.4436 48.025 51.7153 48.8303 48.8963 50.6952 46.9767 51.8824 51.1321 44.7079 49.5778 51.5454 49.9995 49.4681 53.044 52.4592 57.9965 52.526 52.3032 47.4134 48.9573 49.2146 52.4877 51.1641 47.7012 50.5195 46.5219 49.8433 51.1033 53.3814 52.8216 49.6485 52.9026 49.6294 57.6482 50.5453 50.5659 50.8153 46.1043 50.7721 48.846 49.4739 48.2312 51.5939 49.5926 48.367 53.121 48.9123 51.0997 50.7119 48.0246 48.4668 46.2401 48.8642 50.3119 50.411 49.6533 51.4106 47.8975 50.8365 49.7148 48.651 50.0713 50.6473 52.9995 52.1198 53.0111 50.1701 46.4098 50.624 49.8976 49.1945 51.6793 53.1486 46.1764 48.2557 53.8048 48.7841 47.6693 50.9024 50.0035 50.7775 45.3485 53.1965 49.3018 52.1835 51.4965 46.365 53.7251 51.3051 52.7234 48.0638 51.4498 51.9901 51.265 48.6665 50.7704 47.775 45.6238 52.1256 49.0857 55.4872 51.2822 47.0349 51.6226 48.0896 51.5767 50.8435 51.2881 49.9059 52.7864 48.3363 50.9828 54.6151 52.4225 53.4789 49.6329 50.9119 46.0843 51.2979 52.4861 50.042 53.5262 54.2849 47.6073 50.6789 48.8362 50.9057 53.0623 52.7993 52.8933 50.7176 46.1705 48.0623 50.8138 47.287 48.9725 53.543 52.8357 48.2951 52.0205 50.8114 52.9576 48.8108 52.5984 47.0429 52.497 48.0714 50.5244 49.118 51.803 49.7905 47.1632 51.045 47.4692 50.7245 50.8548 48.8035 47.5898 45.153 46.0931 49.8979 51.9179 49.1894 51.0906 43.6477 46.817 47.128 47.9585 50.1703 54.1819 51.4151 50.5664 48.5491 49.3658 47.3839 54.378 50.2389 50.0684 49.7572 49.0763 
53.8385 52.3487 49.9616 49.9588 52.3508 50.2509 54.719 50.8572 49.5252 49.8445 51.3492 52.213 50.2417 47.7111 49.7842 51.6274 47.674 48.5911 49.7194 56.71 49.6258 50.9137 49.5154 51.9238 52.467 47.3459 52.156 50.9293 46.1041 50.635 55.9621 48.6926 45.7344 51.748 53.8985 57.5632 53.6285 53.0107 48.1668 51.7845 49.2039 51.8789 50.8811 47.7261 55.8978 47.5011 48.411 51.8576 54.6983 52.6346 51.6561 55.1977 49.7631 55.1665 52.8084 53.9532 52.9007 43.9785 51.9049 50.7918 49.317 52.1015 53.8612 49.142 50.4039 53.4134 52.2897 52.8035 51.2659 49.1812 51.8701 46.2775 49.8022 53.7927 51.609 49.401 52.4308 48.5436 50.2032 51.9564 49.2683 51.8959 50.1066 53.6269 52.4603 53.1878 52.2317 50.2586 52.4806 50.7128 51.0612 52.8282 53.3616 46.34 49.5487 53.0435 46.388 47.8326 50.9332 51.4092 53.0274 45.7509 52.3353 52.1414 52.9363 50.858 48.2471 53.6924 51.6595 52.2193 52.9118 52.3909 54.1277 49.9162 48.3161 51.8212 45.4138 47.0072 52.2357 49.7706 52.3816 53.3152 48.0043 52.3425 47.8862 52.9444 50.004 50.9562 49.3511 53.6355 52.2525 53.0076 53.1453 51.8994 55.2225 52.0306 51.5701 50.3466 51.3495 51.8577 50.1653 52.8443 54.9136 50.1693 49.6621 49.7269 49.7233 52.4229 51.255 51.7736 51.5317 47.5205 47.0345 50.5005 46.9827 51.089 51.881 52.7456 50.9494 52.2847 53.7103 53.538 47.8198 52.6044 49.554 51.2762 50.8048 50.8523 49.1891 54.0164 51.9318 48.1744 52.2597 47.5281 48.2534 52.2118 52.589 47.8359 46.4192 46.4829 51.3521 54.8059 49.0705 53.5363 46.2648 46.542 48.635 47.5872 50.4339 53.737 53.8047 52.7078 48.7644 50.8012 49.2755 53.7572 50.7694 47.3966 49.0395 50.4073 
53.7402 51.3409 52.2824 52.8005 53.1389 50.3539 56.255 48.4458 53.9552 50.8953 54.5458 57.0974 49.8638 50.5722 50.3835 53.5783 50.6847 54.0583 51.2759 56.4268 52.2809 51.6962 52.9449 55.6798 54.0325 50.1041 51.5806 50.8847 46.1847 55.9523 55.1961 50.3727 47.6804 57.052 54.294 57.3159 52.1315 53.3087 51.4913 53.6649 52.2202 50.9714 53.2548 49.7104 56.6993 48.13 49.6805 53.2412 54.8908 53.4706 50.7764 57.0384 52.8742 60.071 50.3299 51.5499 56.1724 50.4311 51.9262 49.5353 53.5735 51.8668 55.1732 53.2996 51.6014 56.3696 51.9846 54.6295 53.7568 53.4442 50.9216 49.3338 50.2833 53.7396 53.6156 50.3699 58.0613 49.9217 53.6879 51.6102 50.4349 54.1957 50.8712 57.7301 51.704 53.6507 53.7466 50.1645 53.6467 52.3292 52.6515 54.7343 53.0248 48.5987 50.816 54.5753 48.9729 49.8139 54.2859 54.1446 54.6362 49.4129 54.9016 53.0267 54.23 51.7875 50.3977 55.6914 54.0314 55.4161 52.0464 53.9292 54.2192 51.4526 48.2448 53.1183 47.4777 49.0056 52.7385 50.8078 57.3645 54.0023 50.4883 52.7109 50.3029 51.2572 53.7658 53.1127 52.5756 54.2702 53.8627 53.4695 55.6825 49.869 53.4301 54.0695 52.327 50.3096 54.199 56.4656 52.7007 54.2699 54.7594 50.385 54.5274 50.3184 52.404 55.0284 53.3409 53.0981 54.2352 50.0105 49.4809 50.7453 49.3007 52.6377 56.1169 56.0357 50.0692 53.1945 55.5478 57.0667 51.4295 55.2749 49.236 54.0945 51.0552 53.5779 51.4271 53.4191 54.7542 48.5324 50.865 53.6242 54.769 52.8276 50.562 51.3861 48.252 49.7926 51.2195 55.0989 52.8652 52.685 47.1778 48.3933 49.6788 50.9148 53.1692 55.029 54.7266 54.4268 50.9887 50.5121 48.2624 54.1994 53.5701 51.9661 51.6955 51.4564 
56.0572 52.7068 53.5347 54.4406 52.6158 52.1001 54.1705 52.3435 52.4545 53.0257 52.5294 57.1274 51.8937 51.0113 50.8377 53.3372 52.238 53.2257 52.0115 56.6439 49.8947 53.5801 51.5401 52.7795 54.9538 52.9258 52.2082 53.3542 48.3227 52.5291 54.3143 53.2635 49.692 55.2516 53.4117 58.8074 54.3123 55.2346 50.5237 53.0676 50.2598 53.5222 53.8349 50.6874 58.1184 50.0943 51.5874 52.9887 53.9136 54.4255 52.1035 57.9012 51.0562 59.3065 55.5921 54.2133 56.2235 47.952 54.4324 52.4797 53.3796 52.7518 57.8876 53.2036 50.848 54.7736 53.9212 53.6112 52.8093 52.1992 49.5267 48.2837 49.648 53.9465 53.1414 50.2239 57.4073 52.1992 53.0961 51.8461 48.9238 53.7736 52.2562 55.359 55.0753 54.8899 52.8051 51.7473 55.5385 53.5918 53.8721 53.5052 54.2012 49.1541 50.6832 54.2319 49.9338 49.2574 54.2969 54.7093 56.0468 46.8712 56.8029 51.1453 54.5593 53.359 49.9344 55.9052 55.5532 53.9876 54.3305 52.9278 55.8101 51.2591 50.3938 54.3991 49.1432 48.7954 52.9541 50.8226 57.6862 55.8834 49.8553 54.4601 52.0691 53.7871 53.9695 52.9994 52.6373 54.8488 54.6364 53.3979 55.3822 52.374 54.9355 53.9021 53.3142 48.6693 55.9876 55.7102 52.3308 56.8831 57.1431 51.8366 53.6371 49.6248 51.7659 54.926 52.2756 53.4235 54.7141 48.6892 48.5361 54.1853 49.016 54.5296 57.2821 56.0337 49.8117 54.5589 55.4992 57.2644 52.5367 55.0919 52.3998 53.3723 53.8067 51.8216 52.7612 53.8952 53.2959 50.8227 52.7925 50.3119 52.772 53.8157 50.8263 51.1023 48.3536 52.3831 51.4256 53.5017 53.725 55.2674 48.1604 50.2972 50.4717 50.5411 54.7971 53.8583 53.6578 53.7032 51.8754 52.3627 50.0358 57.5971 53.2288 53.7782 51.5921 51.5608 
53.461 49.7497 52.1949 54.7322 53.5092 50.2602 56.5993 51.7612 52.611 53.2952 54.8751 56.0333 50.8759 52.0174 52.1626 54.3353 53.6721 52.3887 51.2821 57.1153 49.9146 52.221 52.5064 55.9017 56.447 50.744 52.4492 53.8831 45.358 53.3347 56.9471 52.2582 51.239 53.7872 52.2696 60.4403 53.5218 54.1013 50.8703 50.5331 51.6801 53.9757 54.8988 50.7906 60.3063 50.3324 48.3083 53.5567 56.4054 52.042 50.8769 59.7711 49.8532 56.8589 52.5684 52.8251 56.0593 49.0439 53.4648 52.34 52.5253 51.8428 54.9706 52.5151 51.8699 54.6476 50.9068 53.6313 51.8744 52.2036 49.4799 47.5238 49.7839 55.4032 53.615 51.4056 54.3297 53.4768 52.8678 50.6167 51.3553 54.1619 52.7026 55.2846 53.2492 54.1127 53.1188 50.6178 53.3342 53.9732 53.8799 54.346 54.3893 47.6267 53.4154 53.4473 50.9091 48.7458 53.8295 51.3087 55.0455 48.0632 55.6298 51.3896 54.0764 53.4406 50.7807 57.0042 52.7322 57.232 53.6663 54.4295 54.1485 51.502 50.4836 53.0196 47.3948 50.3104 51.5439 49.9393 59.3634 52.5257 51.1349 53.7692 51.0945 52.8158 52.359 54.3229 52.233 56.2825 55.2681 54.1459 54.4954 52.5941 57.3151 54.6696 52.7793 51.9212 56.4807 54.9831 53.749 56.7727 55.8921 50.1888 54.341 50.6177 51.9606 56.3703 51.806 51.9522 54.8192 50.4803 51.0086 52.7026 51.1261 49.9763 54.9948 53.8092 53.2077 55.5526 51.6155 57.3373 50.8717 56.3041 51.4073 55.5111 52.0301 52.6366 52.5514 53.7912 56.8099 49.0803 51.5705 52.2185 53.5782 53.1369 51.4236 51.9101 47.2621 49.8246 52.6013 55.4251 53.8498 53.672 50.0291 51.3186 50.1958 51.2017 52.71 54.5081 53.7578 52.8048 50.4991 50.3801 50.5097 55.0116 53.5021 50.6331 52.554 50.0081 
51.3538 49.797 48.9555 49.4877 49.934 46.8852 52.2882 47.2709 48.7066 49.2893 50.9177 52.1202 46.7808 45.4349 47.2441 48.3682 47.7713 46.6041 48.1334 53.7768 48.956 50.054 48.5418 48.8 51.564 46.0466 48.0621 50.3257 44.3572 49.3677 52.3083 46.8821 45.5854 54.1223 50.3818 53.9622 53.2791 52.4885 49.5788 48.4376 46.9918 49.4736 50.1994 44.677 54.5884 45.9482 46.7385 52.3662 48.6968 49.7507 49.0622 52.2282 45.6915 55.1991 48.8633 49.9888 53.2215 48.066 49.4197 50.2698 47.9699 49.0996 50.2752 48.6434 47.7337 51.3638 47.7835 48.0215 49.4811 49.3357 46.8251 45.4403 47.8957 50.012 49.4595 48.9075 53.9623 49.3656 50.1742 47.0767 45.8452 51.1999 47.0156 52.9003 50.355 51.4044 48.0691 43.9828 49.7898 50.5966 49.5564 50.8691 50.954 44.6322 48.1899 51.8905 46.2272 46.4719 50.3751 48.0045 49.459 44.453 52.2275 49.2151 50.755 50.5044 44.144 52.9541 50.795 50.577 50.6735 50.7032 51.4724 50.0672 46.8989 49.9777 46.101 44.947 49.5574 47.6854 55.6336 50.6738 48.2806 51.8585 46.3953 47.9937 51.2508 50.4732 47.3675 50.6954 50.336 50.0942 51.4053 46.8017 50.2263 48.8747 47.3119 47.5524 51.8946 52.7222 50.1588 54.2383 52.6408 46.4479 47.9105 47.6439 48.3158 51.976 49.6206 51.1217 49.7003 44.771 45.4476 47.4671 44.1264 46.7215 52.9847 49.7631 46.331 48.2744 49.5277 52.0422 47.7661 50.0226 45.1579 51.2845 47.2783 50.4351 46.3854 50.0635 49.4901 44.4344 49.0791 47.5744 50.3425 48.4776 47.4115 46.6553 44.4206 45.9364 48.3429 50.5858 46.7396 50.9407 44.9999 45.7247 46.8872 47.1811 46.5339 51.0395 50.6076 53.4197 47.3387 48.6966 48.1728 53.2345 49.1772 48.9628 45.3346 48.7588 
50.9388 46.9594 49.5762 47.8736 49.9653 48.471 49.3649 47.7542 47.6566 48.7737 47.0274 52.3612 46.1861 46.5769 48.1051 47.7989 47.6407 47.7463 48.6652 52.2075 47.5747 48.6695 48.7147 49.9138 51.0955 45.3204 47.238 46.8431 44.0602 49.1143 51.8608 48.278 44.9039 50.0665 51.4639 52.5315 50.7811 47.1311 48.5506 46.3804 47.2519 49.5554 48.7743 45.3339 52.0376 46.2278 46.0716 46.9696 47.7303 49.8692 49.9349 52.1022 45.4092 52.3603 49.4938 47.303 50.611 45.0721 47.2653 47.5976 50.4167 50.313 50.1388 47.7769 46.9737 52.4315 48.3639 49.1042 50.014 49.1962 47.2524 44.0712 46.5796 49.6178 48.4997 47.0181 52.6697 46.5767 48.3906 48.4772 45.3818 49.1729 47.8436 52.4091 49.7834 50.9201 50.437 45.0368 50.1873 47.8618 48.1157 50.7313 49.3939 45.8149 47.2193 49.5322 45.611 46.0668 50.2198 46.7235 49.8146 43.5797 49.3362 47.3684 49.6774 49.1383 44.3612 49.5361 48.4432 50.344 49.7109 49.2846 49.4711 48.4711 45.5913 49.5834 44.7482 45.0226 48.7932 46.9141 53.1392 49.3696 46.3225 48.6381 46.3523 48.0016 47.6079 48.7827 47.3772 50.0942 49.5211 48.901 48.9612 48.7689 48.9064 49.135 50.2984 45.666 51.0336 53.0552 50.7982 49.3293 52.7179 44.7058 48.1819 46.7532 47.9165 52.224 49.3938 50.0449 49.5987 45.7457 45.1465 50.2528 44.3961 47.4245 50.8744 49.9636 48.5226 49.5316 47.2874 52.3889 47.8379 51.049 45.5086 50.682 50.0778 48.2333 47.7691 48.1117 49.6844 45.5428 47.5823 44.2374 48.9783 49.8442 47.317 43.0256 45.0223 45.5244 47.4631 49.1023 48.2107 48.8204 42.7007 45.6008 46.0909 46.5722 48.0549 49.6329 49.6585 49.868 48.8836 46.8781 46.6014 51.8784 50.3199 48.0309 48.6475 49.7855 
53.3315 50.2493 52.3056 52.5433 50.5334 51.9978 55.8338 51.1062 52.3528 53.2215 52.132 54.3784 51.172 50.4101 51.6439 52.8965 50.4719 50.6543 51.7365 55.8821 48.2615 52.8949 48.4233 54.2117 52.7858 50.2081 52.6257 53.9925 47.3666 52.9468 56.3468 51.4224 49.0791 52.1216 52.6422 58.1573 54.4696 53.6461 51.0906 50.5534 51.5222 53.3014 56.1026 49.0155 58.0119 47.9433 49.8133 52.3734 54.1561 54.8996 51.4426 55.9281 50.4605 57.84 53.9561 51.2773 56.107 48.9206 54.73 51.6284 48.4509 52.9362 53.6516 54.0292 51.1847 56.0027 52.524 51.1657 50.3599 51.5231 50.3292 48.0083 50.181 53.653 51.9611 49.3338 57.6471 50.1015 50.1896 53.2293 49.3826 55.2334 51.3232 55.7034 54.1155 54.4682 52.2149 51.103 52.2389 51.2612 52.9552 51.9686 55.1884 47.3275 50.816 52.4635 49.0109 49.2117 50.8913 54.4454 55.3459 46.6796 54.6778 50.4956 52.8658 54.3079 47.3092 54.6887 52.0634 53.8897 50.9924 52.6096 56.2995 51.0524 48.2972 53.0832 48.3974 46.8169 51.1201 51.7493 57.4714 52.9454 48.9589 53.2757 50.9308 50.4603 52.1964 53.1817 52.5558 52.109 53.0287 52.7616 56.2722 51.6129 54.3626 51.4711 52.3431 47.505 53.9551 52.4855 52.2256 54.8463 57.44 49.5389 53.8962 48.6435 51.7883 56.3454 52.8839 54.267 52.0269 46.5283 49.6907 52.7167 48.5451 52.0253 55.5737 56.219 51.0805 50.9177 52.195 57.2322 49.3759 53.8748 48.9403 55.0568 52.1504 50.7015 51.8736 51.7136 54.0197 49.0187 52.1002 47.6695 51.41 53.2207 52.0699 48.0472 44.2935 50.9456 51.637 54.6161 51.6222 51.8955 46.0473 48.3406 52.181 49.7415 52.6902 54.8062 52.966 53.3645 47.3246 50.3115 49.6205 56.1632 55.2893 51.9164 50.6453 51.287 
54.275 49.4116 51.3413 53.7349 51.6261 50.4696 51.2723 48.9164 51.9902 51.3924 50.7069 55.1398 49.3866 51.3233 50.0706 51.5399 50.9196 49.6845 49.8763 55.219 50.4264 50.7132 49.3357 52.7053 54.2998 49.6723 51.7684 50.981 44.7425 50.5204 55.5246 51.1487 46.0991 55.5108 53.8585 55.8403 54.327 53.9292 49.952 49.6704 50.0121 51.5284 48.8984 48.7572 54.8241 48.8267 48.4408 52.6686 52.3699 52.3266 48.9915 54.9093 50.7453 57.6195 52.1572 50.9196 52.5074 47.5675 51.7359 49.1872 51.883 48.4571 51.5217 49.3806 52.0215 55.3284 53.028 53.004 50.1146 51.4592 50.3528 47.3972 49.4283 54.3046 53.052 52.5533 52.7078 52.3497 52.1351 49.9222 52.5798 53.0417 49.9306 55.7766 51.1065 50.9177 51.1748 47.6231 50.867 49.4684 50.9464 51.7646 52.5315 47.5424 50.9972 55.6557 50.2186 47.2678 52.7468 50.2326 52.758 45.9022 53.3063 51.5085 52.4534 51.8449 48.4052 54.3573 53.3155 53.4567 52.6393 53.3789 52.872 50.7085 48.6982 50.0519 47.9925 48.6479 50.9687 50.0147 54.0694 52.1002 48.6126 53.6134 48.7708 50.8938 53.5147 54.3055 51.3886 52.7147 51.2235 51.9055 53.006 50.7039 53.0425 55.3692 49.3294 48.6694 54.1176 54.5552 50.5161 54.0858 57.1582 51.3579 53.4983 47.8372 51.0469 54.7515 50.5154 52.9211 54.1078 48.0694 47.9808 50.6576 47.7068 50.506 53.4622 53.8396 50.0226 53.2224 51.57 56.4077 48.4492 51.8833 47.7862 53.2652 51.5444 51.3379 49.0904 51.1141 51.5585 47.9792 50.336 47.0052 51.4562 49.7922 50.8755 45.396 47.6286 46.8725 50.6079 53.9467 49.0604 51.5522 45.5095 47.5921 48.4562 47.9883 50.5364 55.7289 53.5845 52.8292 49.4042 47.9741 50.831 56.3999 52.8361 50.1027 50.7878 50.9078 
56.1814 54.1605 53.9535 56.6812 54.3978 51.457 54.9218 53.617 53.2383 54.9349 53.8224 56.7907 51.6511 51.3119 54.2276 53.2169 50.6373 53.3437 52.5403 56.1813 51.0572 54.3495 49.8991 55.7082 56.6334 51.2334 54.0316 54.353 49.1519 54.114 56.5769 52.9525 47.9186 55.0998 53.5642 58.9045 54.533 55.696 52.1866 52.6343 50.9901 56.2758 57.7499 51.9666 57.4509 51.1984 48.2948 55.0698 55.3054 53.4797 50.2951 60.4343 53.7093 59.087 53.9835 55.731 58.1274 49.9947 54.7429 53.0776 53.8371 53.7913 56.3859 52.9423 55.2892 57.2004 56.0969 54.5643 53.7047 53.9465 51.3992 49.6638 50.6504 56.4576 54.174 54.4553 56.0239 54.1029 54.8267 51.8194 53.8645 54.1025 51.7725 57.3311 57.2911 55.6195 52.313 51.4973 57.5968 54.725 54.0209 55.7131 54.3853 48.838 52.2168 55.5444 52.0765 48.8054 53.9627 53.422 55.5932 48.9265 54.7306 51.8982 56.1368 53.7642 48.9589 56.9543 54.6596 56.9541 56.0086 53.8413 55.9628 53.4573 50.3561 54.7661 49.1517 50.0143 54.1953 52.02 56.0837 57.2236 51.4986 56.3407 52.0623 52.5396 53.3977 54.9793 53.409 54.8551 55.4684 55.1279 57.6017 52.1243 57.9862 55.9246 54.4532 51.5679 57.3622 56.3482 56.0013 56.3222 58.5437 51.8135 57.4323 51.3963 55.7816 57.8929 56.1507 54.4718 55.1809 50.9071 51.5169 54.7955 48.8002 54.9367 56.7782 56.9741 52.0983 55.8305 56.7124 56.789 52.4162 54.5672 55.0818 54.1948 52.5133 55.4569 53.6526 55.8562 54.4171 53.2939 53.7644 50.6536 53.0144 55.1406 53.8202 53.0923 47.5288 50.7259 54.8991 56.1363 54.6921 55.6175 45.6392 50.9519 51.2861 50.655 53.4752 57.7016 55.5434 55.566 51.5001 52.4218 51.4984 58.5542 54.0756 52.7038 54.4735 51.9837 
50.1405 46.3646 51.0334 49.0563 48.3832 46.4684 50.379 46.4702 51.8945 47.0408 49.6588 52.7218 45.2727 49.0913 48.4496 47.6309 44.8046 48.8132 47.4102 49.3683 47.5035 46.5537 48.4088 49.2861 51.2615 45.186 49.5567 47.8944 42.3091 49.8628 50.0529 46.2708 45.3855 50.5856 49.3043 54.7502 49.2756 49.5379 49.6744 47.1727 48.9745 49.721 50.9142 43.2807 51.1161 47.2909 47.0244 50.0568 48.5058 47.9312 46.6891 51.9183 45.7395 53.947 49.6652 50.0304 50.4717 44.395 49.0678 47.3341 49.6143 48.162 50.352 46.5592 47.4082 51.9426 47.6028 50.7022 45.664 47.3277 47.6033 44.2208 46.363 50.6971 52.1884 46.5444 49.5636 48.1759 46.9428 47.6766 46.9844 49.8202 48.0537 51.8036 51.0852 50.2101 49.2839 44.8634 51.1908 49.2065 47.6551 48.7722 50.4889 44.8596 48.3702 50.2667 44.8457 46.9238 49.9619 47.5238 49.2523 44.87 53.4154 48.4956 49.9952 47.2081 45.0004 50.4414 49.4295 49.083 48.8306 51.2814 49.0848 47.6328 45.6062 48.5995 42.9615 43.0908 49.8155 46.5217 52.4273 50.5714 45.7385 50.0017 44.7696 48.8701 48.6111 49.6446 49.8467 49.9519 50.573 49.3814 51.1119 48.0327 51.5325 50.5617 46.2235 46.8357 51.3269 49.4762 47.4632 51.4115 52.2805 46.0552 50.1247 44.58 46.9401 49.1096 51.6309 49.7092 49.7785 45.8959 44.121 48.6877 44.729 46.3485 50.7104 50.6121 45.6884 49.6529 50.2276 50.8768 46.3043 51.5349 45.7612 49.8099 47.6567 48.8244 47.7396 48.6908 47.8587 46.3972 49.8517 45.8099 47.6293 46.3209 47.6968 46.6698 45.5983 45.5743 47.5182 48.9027 46.8096 52.6928 44.6551 47.3212 43.7932 46.4643 48.6252 50.4585 49.62 49.7307 47.5517 48.0727 46.1933 50.9729 49.0754 46.8708 48.435 47.3448 
51.3181 46.5282 50.4341 50.1263 49.5352 46.606 52.4391 48.843 50.6814 48.5704 48.967 54.6122 43.9233 50.1893 50.7777 50.7308 49.0861 49.5338 48.4387 53.0859 48.1797 50.5695 50.5995 49.5647 52.6518 48.029 48.8915 49.6089 45.7952 51.272 52.8504 47.4888 45.8051 53.4259 50.6317 56.3183 50.007 49.8519 49.0312 47.3775 49.3824 50.6978 51.2074 48.3666 54.9086 45.975 47.3446 49.546 53.2256 50.7047 49.6705 53.8335 48.2552 54.7696 51.6415 50.2261 50.2977 46.0748 51.9853 49.6759 52.9979 48.8585 54.1932 49.0588 51.1895 54.1511 48.2298 52.5483 48.8951 48.9184 48.0693 44.2251 46.1169 52.8703 52.9217 50.4797 53.9009 49.1386 48.6665 48.6818 48.0574 51.4737 47.956 54.9643 52.3174 49.9938 50.7729 47.1926 52.3259 51.4344 49.9451 51.0273 51.3413 46.2551 50.3211 50.4012 47.512 46.5835 49.8044 48.075 53.0527 44.2557 52.6334 48.6277 51.4979 53.0605 47.55 51.4951 50.736 54.5172 49.4902 53.0768 51.2166 47.9269 46.6333 48.056 46.0829 44.5531 50.1404 48.9946 54.4253 54.3363 49.3435 51.6668 47.2752 49.3953 50.161 51.6246 51.4808 54.1075 49.7417 50.2317 52.954 50.7555 51.5299 49.5926 50.5436 47.6966 54.1576 52.1226 52.377 52.3902 52.576 46.2802 55.1082 47.6025 50.4706 53.8848 51.3511 50.1941 51.0848 48.1671 46.8366 51.1287 46.6118 50.0614 49.9777 53.6845 49.9823 51.3064 50.6359 54.728 48.9051 52.9575 49.8442 52.5257 49.4508 51.4156 49.5135 51.4291 51.7421 47.4655 48.1426 49.9147 51.8063 51.2263 48.6259 45.589 46.3555 47.1493 52.8977 49.7871 48.7194 52.3391 44.4266 48.4007 46.6635 48.1431 49.8457 51.8481 52.0794 52.0736 47.9261 48.2276 47.3279 52.9103 49.9237 47.6575 50.3328 49.9801 
52.3628 46.0263 46.2248 50.9856 47.9693 47.091 51.6372 48.1131 47.2442 47.895 50.3289 51.7451 46.9812 47.6174 45.4966 50.8037 47.7216 46.4819 46.8683 49.5292 47.348 48.6654 47.8806 50.3823 52.4085 47.0063 47.482 51.1429 42.8092 48.7295 51.1716 47.0083 43.5725 49.8266 49.0174 53.9529 49.8718 51.8107 47.2005 46.7694 45.3593 49.389 49.2346 45.0026 54.4274 47.0487 45.6663 50.9043 50.3323 49.4608 46.2081 52.3559 45.4356 54.0118 48.7094 47.0757 51.827 45.1816 49.9793 47.3506 47.1136 48.4128 51.192 45.5161 47.9818 51.3307 50.2871 47.82 45.4759 45.8505 47.2306 42.909 47.1058 51.1922 49.7636 47.1574 50.4862 47.0732 48.9254 48.2521 46.9503 48.0683 47.5066 50.84 52.1466 50.052 49.0397 45.0152 49.7372 47.7604 49.513 50.9455 50.3508 43.9809 50.4472 48.6175 46.5437 43.4376 49.2075 47.6157 50.0753 44.8928 51.9785 48.2659 50.621 50.1932 46.0692 52.0462 47.5039 50.7144 46.9391 50.4126 50.2383 49.7446 46.857 50.5663 44.2835 45.2333 47.1682 46.5201 52.8986 49.4583 48.1036 52.524 47.1123 46.3361 49.6795 48.8973 48.154 50.6061 49.1655 49.2947 51.8614 46.8206 49.5892 48.9353 49.3097 45.7049 52.7029 51.9847 49.4873 52.7271 50.7851 47.8837 50.4343 45.5205 48.2789 50.7167 47.123 47.9608 48.8068 46.1942 44.9309 48.8837 46.6748 47.7721 52.2652 50.9109 45.5217 49.6579 48.8674 51.3898 48.7802 49.3257 45.9936 49.9218 48.908 47.4794 47.9282 48.7442 49.6415 45.5925 49.3524 43.2686 49.1724 47.8884 47.8591 45.1499 44.7316 44.7442 49.6894 51.5795 47.4757 50.6019 42.7053 44.9861 46.9111 47.8766 46.4984 50.4341 50.1941 50.5562 44.996 48.5887 46.4002 53.5136 49.0744 48.5116 48.1628 47.5608 
51.7855 49.9291 50.9418 49.4903 50.8354 49.8368 53.6798 51.8337 51.6142 49.1633 51.9818 54.5471 47.6973 48.2889 51.6243 51.8371 48.7119 51.0511 51.6862 54.0776 47.1018 49.1876 47.0199 50.8717 54.4542 48.3312 50.5375 49.9757 45.654 47.6998 52.9859 50.7341 45.4316 52.7175 51.8497 58.4966 51.0963 53.6341 50.352 48.6247 50.4337 50.7715 54.4588 45.5412 55.9684 47.4719 48.2782 50.5076 53.4333 52.1925 48.1075 57.5822 47.279 54.4313 51.6124 50.6762 52.3447 49.4172 52.487 49.8151 50.7535 51.3167 51.7343 49.2093 51.1437 52.1019 50.2185 51.3935 48.4269 49.6531 47.7347 48.0721 47.7916 49.246 49.742 51.1888 53.0258 47.3623 50.1621 49.9191 48.1212 51.7556 48.9352 53.7338 53.3093 51.6279 50.2975 48.5799 52.3607 53.1375 50.5834 51.1449 54.6161 47.4942 48.2105 52.1447 49.868 48.6154 49.176 48.0248 53.3299 47.6284 53.026 48.4573 49.9867 52.4797 46.9124 52.4692 51.7631 52.2051 52.3302 50.4517 52.6502 49.3231 49.7415 51.941 47.633 45.3002 49.3647 48.84 54.3686 49.5934 47.6908 53.6447 48.1207 49.4328 49.0095 52.5334 50.4062 53.7732 50.6757 52.2573 53.466 50.9321 52.5847 51.0088 48.2836 49.3715 51.0882 53.136 51.1754 52.3119 55.4685 49.7615 50.1911 48.2896 50.9086 51.3837 51.9322 52.6608 52.9723 46.9551 47.829 50.3818 45.9472 49.5146 52.7884 50.6076 50.4251 51.4592 49.7849 54.5085 47.8112 52.4057 50.4495 51.0298 50.1927 49.1285 51.5465 50.4749 51.1924 47.0181 51.1469 47.6442 49.7885 50.446 50.1093 48.5694 47.1944 48.4229 48.7811 51.2351 49.6494 54.2617 45.8377 48.8048 47.7499 51.3328 52.7006 52.2985 52.7028 52.9491 48.8411 46.1949 50.3692 53.9982 49.7089 48.0665 49.0294 49.7782 
47.4421 46.4057 49.711 45.8241 47.504 44.8414 49.6523 46.2652 48.0118 45.5043 49.4268 48.2034 43.9589 48.0159 45.5851 47.5763 45.5217 47.2293 46.9504 50.5368 44.1735 46.1786 45.2996 45.5984 47.6083 45.2342 45.2943 46.7979 43.5443 48.8591 49.678 44.3291 44.9514 50.4249 46.8659 52.6865 47.6029 49.1203 47.4889 46.5473 45.269 47.2978 48.3037 44.2545 50.1626 45.1383 46.2178 48.2697 50.519 48.3889 47.303 51.117 45.9671 53.3583 48.9154 46.7846 49.4693 44.3018 49.2087 45.2255 46.1664 45.2509 47.7724 44.3043 46.134 51.6239 47.241 48.5521 45.6165 47.2676 46.0628 43.3929 43.1374 46.8626 46.9047 44.1521 49.841 47.653 46.7283 46.8892 45.3643 48.8029 47.0061 51.3292 48.6521 48.4824 46.9787 44.7185 46.5866 47.969 47.3453 49.5302 49.2132 43.8418 46.729 47.6393 44.4716 45.547 50.1345 47.0993 46.8342 43.9309 48.251 44.8069 49.828 48.9632 42.6387 49.6842 46.4257 49.3724 46.7966 48.3202 48.6749 46.6949 42.7234 46.5337 42.9964 42.5026 48.7609 44.1281 49.649 49.0749 46.7329 50.138 44.6078 46.7825 46.7893 47.5372 47.5878 51.3698 47.0157 47.6174 48.702 48.8024 48.0045 49.304 47.0766 43.9896 48.0687 50.1713 47.8106 49.7363 50.5317 45.2671 45.7552 46.3263 48.0366 48.47 45.3724 47.7694 48.758 43.8969 43.6245 43.2223 41.3671 47.4283 49.3562 50.4556 44.6204 48.2473 48.9084 51.4885 47.3564 47.7748 46.4532 47.4124 49.1831 48.7195 46.8861 47.9124 48.6302 45.2959 46.5635 44.4858 48.9681 46.4027 44.8142 44.3461 44.819 46.2875 46.7994 49.7769 46.7578 49.9206 40.9645 45.4344 41.9802 45.9367 46.6918 48.0421 47.1003 47.4423 46.3638 45.3849 45.5392 51.6178 47.6672 46.1213 46.4519 45.7956 
51.8922 47.8829 51.4307 51.3983 50.0731 46.7325 51.3696 47.5574 49.1997 51.3326 49.8836 53.5366 46.6457 46.7792 48.7385 51.1118 48.35 48.3978 48.2614 52.5511 47.4523 50.6655 48.4788 50.9528 51.6521 46.4988 50.4976 48.86 44.9489 49.9972 51.6528 47.6249 44.7106 51.2855 50.5097 57.2117 51.043 52.7687 48.9083 47.5783 49.9478 51.7012 50.301 45.3165 52.2968 49.4924 45.1721 49.589 51.5636 49.8706 47.3889 53.2018 48.2332 54.0026 49.8909 47.0978 52.0419 47.6374 51.6059 47.8451 50.4834 47.8955 52.1654 47.6943 49.1429 51.8135 48.3356 49.1735 47.1306 47.5206 48.9871 47.0659 46.6691 51.3518 50.2223 49.289 52.454 48.9884 48.1937 51.9949 49.2911 49.3665 47.3779 55.0743 51.4606 51.4111 47.5907 47.8504 48.6861 49.0836 48.81 48.7185 50.4455 45.6907 48.56 49.3283 47.1855 48.4513 50.4409 49.3637 52.8031 46.1101 52.6592 48.8158 49.5518 52.0841 45.4159 51.3946 48.6491 51.2788 50.7421 53.0696 52.0185 49.8663 47.7515 49.3818 47.2161 46.0664 48.697 46.9662 53.9501 50.2651 49.8251 50.0381 47.1295 48.6334 51.6285 48.8898 48.2003 53.9084 49.5661 52.4338 53.0541 51.415 50.3459 49.9876 46.8394 48.8749 52.9176 52.4496 48.5033 50.6141 52.5585 48.5337 52.1462 47.5167 51.6457 50.8664 51.4493 52.1168 50.2461 48.3617 45.4587 47.7602 45.6211 48.4731 53.379 50.4218 47.8998 48.4265 50.1288 51.1105 46.4894 52.8732 46.0554 53.3376 48.5302 50.4691 47.5503 48.6553 50.6696 44.9035 47.6685 45.4677 50.7754 50.2817 49.11 47.5511 46.4741 47.884 48.8889 50.7201 46.7599 50.7078 44.1155 45.6915 47.7217 45.8747 48.53 54.1587 51.5927 51.6909 45.5801 47.8541 48.342 53.3241 46.9022 48.0706 46.3628 48.8527 
50.9028 44.3097 47.7864 47.162 48.3678 46.927 48.8992 45.2927 48.1978 47.5006 49.8355 50.8911 43.3621 46.6085 46.1752 46.983 44.6954 47.9801 46.9985 51.1055 45.7883 46.161 45.3203 49.8643 51.337 45.084 47.7012 46.7089 42.4962 49.3056 50.0824 44.0838 44.5815 50.4273 49.4252 51.8478 45.9269 49.1271 48.5782 46.6226 46.8424 47.2214 47.4066 44.4763 53.0468 42.756 46.2101 49.7658 47.4551 47.9717 46.8297 51.5667 41.7769 51.3357 47.7689 47.7251 49.8358 45.1398 48.74 46.7763 47.7091 47.687 49.4155 45.9092 47.0274 50.4007 47.8886 49.8511 47.0315 47.7275 45.1722 44.5745 44.3072 47.2174 49.7064 46.6073 50.4154 47.3744 47.6427 48.0535 45.2809 47.7542 47.2445 50.4923 47.7691 46.6321 47.0752 43.5723 47.2024 47.3431 49.1548 47.5922 50.0922 43.5083 45.9862 47.9774 45.0764 45.009 50.2988 45.7926 48.9294 43.3 50.8179 48.3247 46.2657 48.3889 44.2692 48.3358 47.5286 50.0059 50.4081 50.3287 48.5316 46.9965 43.8438 47.8137 43.3602 42.7729 46.9675 47.7273 51.9683 48.3249 46.4607 49.4025 42.6454 48.4648 46.9432 46.6292 47.2404 48.3874 50.1926 49.0935 48.3282 47.0304 49.2145 48.2556 47.3876 43.7396 50.7271 51.3256 49.865 49.6595 51.3703 46.583 47.4606 44.9291 47.5467 49.5355 47.9778 46.3966 49.9041 44.9667 42.773 48.1471 42.9269 46.9583 48.9231 47.4056 46.7517 50.2546 49.6706 51.3566 44.7658 48.0342 44.7969 48.8792 45.622 47.1016 47.907 47.89 47.6454 44.7018 49.1819 45.0205 46.6681 46.9511 44.3657 45.4677 45.4789 45.148 43.8553 47.638 44.991 50.8863 44.0721 45.6767 42.7794 45.1889 46.5452 49.0688 48.246 48.7244 46.8223 45.6818 45.8428 50.8077 47.2833 46.2067 44.2757 47.2108 
49.4867 45.4459 47.5757 49.0632 48.2774 47.7985 48.034 45.3911 48.4608 45.5905 48.4448 49.233 46.7769 46.4928 46.8605 47.2595 45.5627 48.2013 45.6174 49.9427 45.0932 47.2843 43.2359 48.2779 50.7861 46.1513 46.9966 45.5582 42.7849 49.0401 49.2582 46.2349 43.8159 50.6675 50.0764 50.4584 47.0828 49.4816 49.2527 46.6527 45.2756 46.6924 48.801 44.8062 52.1558 45.9833 46.0136 46.8094 48.1706 46.5271 45.343 50.7204 42.9401 51.0249 47.4509 46.794 47.9012 42.0674 46.3139 44.9956 46.3769 46.8889 49.6212 46.625 45.3182 51.6212 47.3359 48.441 44.7638 45.8461 42.9566 44.8277 43.6756 48.4491 46.793 46.2565 48.0874 48.3534 47.9906 48.6808 45.7464 47.6492 46.4937 51.2709 49.6755 47.4767 44.585 44.8856 46.3852 45.2148 48.5481 47.1898 48.9319 43.8712 45.3003 50.068 44.2507 45.0464 48.6803 46.1361 49.2832 43.9425 51.336 50.1 46.7293 49.421 45.5976 49.7686 47.3914 47.4561 49.0248 47.5086 48.5057 45.2142 43.8955 48.1859 42.0783 42.7168 46.1704 48.2917 51.0015 47.7511 44.1004 47.4305 45.959 46.8728 48.9068 47.7659 46.9973 51.7262 46.7561 47.2482 50.6461 47.1439 49.3026 48.9621 47.8172 43.2145 50.0165 48.3199 47.3818 48.0998 50.6932 43.5742 50.4275 44.0922 47.4126 49.2431 49.018 47.7919 48.5228 43.6811 46.1645 47.6623 43.7768 48.2032 51.451 49.4806 46.1364 48.1737 48.4279 47.9939 45.1301 49.3699 44.3458 48.6561 47.5116 47.0879 45.3439 46.4015 47.1387 43.2865 47.2745 43.7505 46.0501 47.6262 45.7352 44.4388 43.6243 43.7639 45.5337 47.8135 44.9748 48.1407 42.3768 45.1206 43.7381 43.4879 48.5965 50.4391 48.8074 45.9214 47.0583 44.7535 46.9612 49.5738 48.102 45.9572 46.8801 46.5059 
52.3739 49.6148 51.9803 50.0741 48.2237 49.5602 53.405 50.745 51.6146 50.6861 50.3248 52.5017 49.414 49.747 49.3824 50.0026 48.1671 47.6574 48.4426 54.7095 47.7381 50.0002 50.0303 49.5032 53.7398 50.684 51.3454 51.1639 44.17 52.2257 52.5312 50.3242 46.4153 52.8217 51.2489 57.6396 51.6721 52.2937 49.8115 48.9774 48.1973 48.9349 51.7548 48.5727 55.6943 48.2864 47.9839 52.3237 52.0659 51.9457 50.1521 54.6684 48.6701 54.4863 52.4677 51.505 51.9184 46.0002 51.8699 50.7803 49.1518 49.2455 53.9695 50.1469 50.21 53.9437 49.8171 50.0441 49.591 48.2242 47.4029 47.0282 47.907 53.2536 49.6373 48.1798 53.6569 50.3605 50.3501 48.9932 49.0961 53.9788 47.9496 53.2811 53.6216 51.4135 50.8501 47.0714 53.3587 50.5 51.995 52.2345 53.0001 44.3422 48.8966 52.6916 47.4257 48.0207 49.2098 52.0336 52.2151 44.6845 52.9487 49.4186 51.3306 52.5258 48.626 53.4878 53.48 53.4116 50.9806 53.2205 52.1535 48.1508 49.0542 52.2799 46.7304 46.0145 49.0465 48.9417 54.7728 52.998 46.9768 51.4973 47.3788 50.3525 49.908 52.4358 52.9062 51.9527 51.335 50.8374 53.4859 49.0874 52.1832 50.1997 46.5084 45.948 52.1483 53.5866 50.3527 52.1256 55.5905 47.1374 51.5647 47.9764 50.0701 53.0694 51.2416 51.1665 51.7303 46.4974 49.1048 49.6541 48.4991 49.6216 53.8532 52.6232 48.4122 51.3249 53.7614 55.0187 47.1292 51.2463 47.9356 51.491 50.8919 48.484 50.4098 50.9036 50.0421 46.6431 50.2178 47.1063 47.4025 51.3783 50.919 48.5713 48.5181 48.7182 49.4068 51.9457 49.6393 55.9628 45.8194 47.3675 44.3205 48.5067 50.5783 52.2343 54.0987 52.1523 50.1955 48.7623 48.7922 52.4029 48.7818 48.216 50.3129 49.0091 
57.4 55.3204 50.966 54.0016 52.3695 54.0531 53.7431 49.393 54.5021 54.0291 53.7872 55.2582 52.6104 52.6942 51.533 54.8086 52.1678 53.8607 53.3523 57.4806 52.0825 54.0549 52.9348 56.081 56.3989 53.1755 51.8085 54.7015 49.1656 55.7173 56.5559 51.4914 50.54 54.9886 55.8286 58.354 53.0771 55.3514 52.7045 53.0026 51.0013 53.6299 55.0121 50.167 57.9179 51.1635 52.0706 55.8214 56.0019 56.0819 51.6058 58.4653 52.7446 59.9544 50.3555 52.2022 57.0564 48.9934 51.601 52.8775 52.8405 54.6237 54.6402 52.7095 54.3307 59.8905 55.7636 54.3544 51.5245 52.3542 53.1342 51.7126 50.6244 56.9357 52.7701 52.0363 55.0033 53.4794 54.4245 54.0572 51.7716 56.0513 50.7562 56.6622 55.6798 55.8637 54.4406 49.0542 54.2397 53.3815 55.0447 57.6294 55.7099 48.3736 52.8585 58.3552 51.6999 52.3291 54.0926 53.6528 56.0904 50.3726 57.8996 55.8852 54.7586 54.7603 53.8402 58.0897 53.5708 57.3416 56.0165 55.5976 57.3047 51.6636 50.7344 56.896 50.3123 50.7612 55.4122 52.0209 59.4597 54.6038 49.9455 57.3103 50.4921 54.0665 54.7747 55.3649 55.052 57.2449 56.2943 54.1013 56.1133 53.9756 55.5462 55.6305 52.9107 50.6362 55.822 55.2701 53.3832 54.2679 58.6958 52.3017 56.1543 50.958 53.9336 56.8202 53.9729 53.2911 55.5095 47.558 50.2076 55.5995 50.4106 53.8044 55.5759 55.728 53.2029 54.728 56.2199 58.2461 51.7349 56.2037 53.3306 56.0717 53.7827 53.5625 53.1389 53.8576 57.9143 52.6641 54.2346 50.7154 53.1193 56.0736 52.499 52.5671 51.0382 51.0812 52.738 55.3863 55.3614 56.7109 51.2526 51.029 50.1694 52.9903 54.0335 57.6504 56.5937 55.1925 51.9155 52.1741 51.2858 57.639 54.6514 53.1897 52.5787 52.7531 
52.0455 50.9284 49.6718 50.0984 52.833 48.7177 51.5453 46.9154 51.2348 50.058 52.3815 52.8306 47.3677 49.619 49.5081 50.4688 48.8726 49.1351 48.8646 53.1254 46.6329 49.0874 48.0235 48.1557 51.3704 47.0744 47.4144 48.3536 44.057 50.2049 53.3249 49.1729 46.2011 53.7823 51.6051 56.274 52.4553 51.5681 50.4397 49.2353 46.0332 52.1962 51.5639 48.4131 54.393 46.1185 47.1349 50.8573 52.8488 51.1422 50.2572 55.5261 48.0998 55.8313 50.0855 49.9778 52.5609 44.311 51.1998 50.1462 51.0854 48.0557 51.3526 48.6738 48.2082 53.6752 50.8343 48.6314 50.8908 49.3047 48.434 46.3987 48.9957 50.6805 50.4352 50.5648 53.0834 49.7705 50.8638 48.0381 48.6461 51.6898 48.0165 54.6716 52.4357 53.5337 48.2925 48.7771 48.5689 48.8542 52.1101 50.9158 53.5001 44.89 50.3335 54.0898 48.7565 46.4706 52.9143 48.8747 53.2357 47.5508 53.2075 48.5457 49.9823 51.4618 46.7419 54.5074 50.3465 50.5183 49.0644 51.2302 53.8011 48.2491 47.8278 49.0014 44.623 48.2657 51.2229 46.9645 54.0036 51.8857 49.4571 54.3589 49.1909 49.6301 52.199 50.124 47.5261 52.3333 51.024 47.5696 54.1441 49.2507 53.0523 49.6474 48.214 47.4085 52.0031 51.9591 50.2384 54.3817 52.6684 48.3881 50.7988 48.2272 48.4631 52.8532 50.9649 50.8319 51.5437 47.2153 48.5177 48.552 47.4423 50.4838 51.9763 52.8905 47.3485 51.4094 52.041 50.9683 49.9165 52.0983 48.6079 51.7604 50.163 51.8067 49.2341 48.1286 52.1633 45.113 50.4228 47.6322 50.3232 49.1855 48.9265 47.4057 47.6617 46.1891 49.1697 54.2742 49.2105 51.7798 45.2959 47.7437 45.825 46.679 50.9963 50.3593 51.0983 52.919 48.828 49.4065 51.0538 54.863 50.887 48.3599 47.1586 48.3263 
52.2577 48.1639 50.3129 49.6028 52.3435 47.471 53.6479 48.442 50.9522 49.5145 51.9977 53.3485 48.0152 48.918 50.2936 52.1822 50.8578 49.8024 51.3984 55.567 49.4898 50.3262 49.1848 51.4906 53.7535 47.9548 49.161 52.7756 47.9881 52.121 54.3082 49.2519 45.6223 52.9464 53.3754 55.1983 51.6581 51.5593 49.0297 50.6352 48.6998 51.9983 52.2734 48.1239 54.7922 47.3944 48.7669 52.0436 53.3429 52.7403 49.0985 56.0233 47.6339 54.9847 51.4647 49.4704 54.1415 47.964 53.5406 49.5106 51.8336 51.2139 54.5097 50.0225 51.5009 55.0683 52.4391 52.2853 51.2325 48.7878 47.7231 45.8865 48.336 52.2052 52.119 48.6247 53.1527 48.639 51.8714 51.1081 49.2007 53.7261 49.0987 52.679 50.6055 53.0063 50.4735 49.2372 48.2481 52.672 50.6653 53.1289 51.0899 47.4725 48.1833 52.1482 49.1847 47.8249 51.6621 49.4676 54.069 46.5452 52.5447 49.1667 51.4825 52.5294 48.4524 52.716 50.5298 53.5856 51.1255 51.8929 53.2629 49.2351 46.2602 52.4618 48.3892 45.4075 50.6309 47.7441 56.1726 53.0665 50.4617 51.8741 47.9713 52.2184 51.5742 52.6295 50.8192 55.4715 52.5547 51.6309 53.5489 49.1024 51.8742 49.1895 49.9636 47.4988 52.7468 55.1432 51.5351 52.5369 54.8276 48.9617 51.4015 48.5832 49.9535 52.9718 51.3599 51.9044 52.2575 46.5487 45.8073 49.709 48.6394 49.1678 55.1599 54.4938 48.9157 49.9188 53.0857 54.8066 50.5866 50.1682 50.201 49.5997 50.7889 50.2769 50.3224 49.5501 53.6075 45.9254 50.4924 46.7182 50.7353 50.9333 51.2798 49.7496 49.244 48.8238 47.4318 54.5657 49.4016 52.614 47.6514 46.8088 47.3058 50.0559 50.9401 53.8685 52.0069 51.0801 51.2175 50.861 48.4168 56.4308 51.0204 52.8284 50.0366 50.5519 
51.0852 46.0399 48.7935 47.5292 47.4954 44.8988 49.4844 46.2078 47.1695 48.0886 47.4415 50.4936 45.1209 47.1306 45.0872 47.9756 46.0681 46.022 45.9264 50.5414 46.9465 47.7673 44.8152 47.4757 50.2296 46.2139 48.5961 46.8151 41.6112 47.5362 52.0173 46.1426 44.4266 48.4622 49.2552 51.865 47.8891 47.7579 48.0458 49.0612 46.0115 49.2292 49.9712 44.6259 50.5498 45.9254 45.642 48.0144 48.8329 51.068 46.1976 51.3015 46.9735 51.2495 47.0333 47.1013 49.5358 42.9663 46.8083 47.3964 46.4429 48.494 50.1012 45.8213 46.974 50.1127 48.467 48.8697 48.1601 46.1958 44.9783 42.4587 45.4176 49.4535 47.1967 47.9391 49.6044 46.7245 48.2575 47.5544 47.237 50.2454 44.4171 51.7344 50.6874 50.7863 45.9433 45.4894 50.3467 45.4105 46.8706 48.869 50.3993 43.1529 46.8479 48.4304 46.4629 44.5046 49.204 46.614 50.4647 43.0084 49.0278 48.301 48.0466 49.6283 47.1824 50.9851 49.07 48.4994 48.0573 48.1465 49.9269 46.4938 44.2651 48.2126 44.184 44.6392 47.1354 45.8041 49.9037 50.3021 47.3331 50.8419 44.5383 46.8973 49.7872 49.1992 46.9828 49.9528 48.1775 48.4218 50.1926 49.6281 51.0127 48.8771 46.7821 43.7963 50.2646 49.7195 47.8591 49.4898 49.1723 46.5085 48.3304 47.223 47.7201 50.0631 47.8134 45.9192 46.5291 43.3479 44.4541 46.5173 45.8102 49.1404 47.1538 50.5124 46.6339 49.7669 51.3535 51.193 47.2951 47.2389 47.7449 48.8824 47.6842 46.1202 45.722 50.1705 49.8831 45.6504 47.8579 44.5479 45.4895 50.5493 47.7108 43.53 43.4514 46.3131 46.5295 49.4154 48.5758 49.8419 42.7873 45.0941 44.3795 45.4618 48.75 48.7349 50.6014 49.1739 44.605 46.3691 46.7921 51.3648 47.7616 46.4593 44.8309 45.9543 
52.3639 46.5653 50.3039 51.8949 50.0784 47.5669 50.6701 49.2408 50.2499 50.1936 49.0856 53.8117 46.9139 48.3634 48.7583 50.6728 48.1059 49.8182 48.3602 54.1345 45.0788 49.0847 48.113 50.9144 51.7399 46.6542 49.347 49.2935 44.6812 50.6328 51.767 50.5143 46.0649 49.9418 50.5336 55.6332 50.0757 52.9816 48.5295 48.411 48.6558 51.2608 49.7953 45.8052 55.222 49.5074 48.1986 51.4249 50.3116 51.2517 49.3819 54.086 45.8906 51.5302 50.7709 48.5259 52.1194 47.3192 52.9377 49.9268 47.5962 50.1722 51.9752 49.1914 48.934 51.9765 49.2387 51.2602 46.8582 48.7545 49.4362 45.7975 47.7483 51.4334 48.9427 47.6879 52.3498 48.8835 50.2442 50.0424 49.1627 49.5735 47.9344 53.6722 52.5376 49.7508 48.4958 48.737 51.7211 47.853 49.4289 48.9958 50.9423 44.199 45.8604 51.8708 48.1877 48.67 50.8224 48.0446 50.5042 43.0482 53.5563 50.2644 48.2103 50.116 46.0569 52.5089 50.697 52.6897 50.2319 51.4564 50.745 48.0648 48.7978 50.6511 46.2869 47.4639 48.2752 47.8714 52.9886 50.307 47.5358 52.4427 48.6095 48.2976 48.0257 50.8797 48.6704 48.5803 51.1425 51.7489 51.1824 49.6032 52.3079 51.2155 48.1061 48.4281 51.4605 52.5292 49.4379 53.0899 51.379 49.5471 50.1873 45.7674 49.9663 51.6423 50.8624 49.7374 51.1883 46.4805 45.6482 47.6539 44.1744 49.908 52.6998 52.5204 49.0555 49.0612 50.0126 53.9325 47.275 51.8359 47.364 51.8713 49.1524 49.0909 46.2016 49.7339 48.1427 45.4332 49.1449 43.3569 49.832 48.7187 48.4258 44.4207 46.5268 46.3083 47.1192 49.6139 51.8637 49.0773 44.1175 47.3668 44.3589 45.5929 52.1446 52.4333 48.1029 50.3541 47.4781 48.9209 47.9354 53.0447 49.7321 48.545 48.7991 49.5945 
53.1039 49.7822 50.3341 53.2997 49.5812 48.07 52.1714 49.475 49.1603 50.5248 51.3933 51.9836 46.9138 49.6555 47.9534 50.9038 49.1608 49.2295 48.0027 53.9797 48.905 49.5571 47.4856 47.8649 51.814 46.782 49.1302 51.9955 44.7766 50.8416 52.5443 48.2638 48.4284 52.5158 52.5726 55.9317 52.8392 53.7068 48.4231 49.4628 47.6649 50.378 48.8029 46.6617 55.3129 48.7513 46.4493 52.6285 54.0951 52.0689 48.9503 56.2191 48.831 55.9886 50.0418 51.52 53.5952 48.3826 51.0516 48.0795 50.6347 48.7216 51.7414 49.4733 48.6602 53.1485 50.6357 50.2999 50.045 49.3671 49.275 47.5457 47.6424 54.3181 51.7428 49.1569 54.5648 50.4139 50.2196 46.4991 49.482 51.2063 47.5076 53.5687 50.334 50.9183 49.2367 49.0107 50.7573 48.1514 48.8832 51.7144 51.1376 45.5602 47.6681 52.8423 50.4091 46.8566 52.6246 48.6145 52.7021 43.7049 52.4704 50.8074 51.0967 52.1052 45.5751 52.7314 51.4854 52.4899 51.5159 51.2731 53.3001 48.8612 48.5323 50.5906 47.8873 47.5868 49.2546 50.0078 56.3431 51.9774 49.7054 53.4102 48.715 50.4834 52.8786 48.7659 49.0414 52.3188 50.6678 51.9935 51.862 49.0798 51.7495 51.2143 48.8135 47.5902 53.2581 51.9532 50.3357 54.0038 52.0669 50.6317 54.6159 47.8955 49.8067 55.5391 48.7841 49.4446 52.8482 48.286 47.0045 51.8163 45.1762 51.6459 51.8795 53.75 49.5143 49.586 52.284 55.1369 47.8474 52.087 48.9384 51.6972 47.9895 49.5345 49.0684 49.667 52.0753 49.3822 49.2699 47.5792 49.7011 50.7086 49.3144 46.9703 46.4039 46.8941 50.3441 52.7924 48.9953 50.458 44.9754 49.1949 47.7768 47.0339 50.7931 53.0529 51.7125 51.8628 48.0441 48.9387 48.8182 55.7388 51.1547 51.2722 46.3838 51.6655 
51.612 46.8687 47.4149 48.7023 48.6544 47.2988 50.1043 45.4463 48.5229 49.4233 49.2714 49.9361 48.6016 46.7892 50.0208 49.1184 48.3337 48.2693 48.084 52.7167 43.7943 48.252 46.9514 47.4404 51.0492 46.9819 50.5268 49.506 43.6642 48.1011 50.6112 49.713 46.7599 50.5004 47.9357 53.3454 48.9548 48.0526 47.402 48.4582 47.7273 48.6154 49.4961 45.7781 53.0594 46.1161 46.4098 47.5988 49.4846 48.5295 45.7893 53.3423 44.0232 50.5213 50.8725 47.8655 51.8753 43.2287 49.8567 48.533 48.6676 47.5763 50.9931 49.4739 48.3122 49.8563 47.9192 48.7179 46.7116 48.0171 46.655 45.1886 45.7989 50.8196 48.4932 47.9134 52.3205 47.3859 46.9221 47.3708 47.0173 49.7265 47.1678 49.654 50.6742 49.7056 47.5381 47.2228 49.7638 49.4435 49.8501 50.1221 48.161 41.9258 47.4723 49.8987 45.7511 45.9013 49.6062 48.3686 52.6775 44.591 49.4205 47.8629 49.9863 49.1691 45.8817 50.2267 47.9335 47.6155 49.0646 48.7729 50.6558 43.568 45.787 49.2994 45.344 44.4483 48.2545 47.088 54.059 47.862 45.2108 49.1417 47.1945 46.8055 47.9522 49.3366 46.7935 49.9852 49.921 48.6811 50.6934 47.9693 50.98 49.5672 46.9099 46.1531 51.5338 50.3841 51.5223 48.2751 50.5743 47.3142 50.2465 45.2996 47.9476 49.0984 51.2436 50.0624 48.3552 45.382 43.8054 48.252 44.6272 48.4036 50.7085 48.4286 48.1239 48.1571 50.8809 51.5337 49.154 49.322 46.3455 47.1706 47.8823 49.9056 45.4021 49.3776 49.3923 44.7344 48.5431 47.0476 48.0081 48.4655 47.5707 46.4208 45.1596 45.3157 46.6651 49.232 47.5949 50.3754 46.9063 48.1261 46.1568 45.0977 49.4356 50.1553 48.3244 46.4623 45.9294 45.576 44.8203 50.8402 49.1799 48.4635 46.5524 47.7902 
50.136 44.8636 47.9631 48.4906 47.1998 46.3249 50.1753 45.8721 45.4585 48.9268 49.5196 51.6337 45.4366 48.3646 45.019 51.4421 46.9126 47.1799 47.9783 51.5872 45.6506 48.8871 47.2842 46.7235 49.8199 46.2172 49.1171 49.2151 44.3417 48.2611 49.9837 46.8614 45.1337 48.9211 49.4312 53.2321 51.4388 49.3404 48.6212 47.3378 47.6261 48.9006 47.4982 44.4428 52.4962 44.202 45.6913 48.812 47.4972 48.1808 46.2138 49.828 44.8284 52.9496 47.2984 47.1688 48.8636 44.9522 49.373 46.2368 48.0898 44.151 47.9675 46.3587 46.2856 50.2387 47.9437 49.0341 47.9542 46.9371 45.3357 44.4832 45.131 48.7062 47.9148 48.5174 50.7522 47.0086 48.4742 48.0389 46.5526 47.1641 46.5948 51.8569 49.5575 50.054 47.2045 44.3354 49.1549 45.4869 49.2138 49.0581 48.9493 44.6108 47.3438 49.9286 45.5087 46.8121 48.3065 46.0237 50.8913 43.3922 48.8617 48.0851 48.1517 47.2881 44.2636 51.7237 47.3706 49.6821 49.2473 50.5105 49.3499 44.5958 45.3207 48.034 45.4047 44.7365 47.5644 45.5016 52.2448 49.2416 46.9256 50.0392 45.6538 47.847 50.0596 49.8126 46.3159 50.6174 46.2625 47.0653 50.9345 48.1382 50.6765 48.8501 48.2321 45.9598 50.5741 49.6036 47.8741 52.4228 50.2785 45.2344 49.5797 45.8461 48.9305 51.6605 49.7907 49.565 47.2066 43.9292 44.1106 47.4364 43.838 48.3066 50.017 47.8777 47.065 48.8432 48.9432 50.6601 48.531 49.0428 45.2994 50.0494 46.5267 49.8527 45.2478 49.8378 49.4459 44.828 47.0593 45.7707 47.5653 50.2783 47.1127 44.2487 45.7538 43.4007 48.8043 48.2454 46.9279 47.9336 41.0552 45.6641 46.2928 45.2245 49.4197 48.9362 49.897 50.3215 45.1966 45.0659 46.7622 51.3522 48.6916 44.9289 48.2397 46.6457 
55.6195 53.5429 54.4994 55.3791 53.4515 52.6499 53.1008 52.7793 54.7234 55.5643 51.9509 55.6062 53.6632 53.2841 51.5847 55.2613 51.6112 53.2706 51.5912 56.295 52.3171 54.6288 53.0319 56.3892 56.5492 52.6592 53.952 53.3034 48.3101 53.426 55.44 53.626 48.7723 57.8637 55.1124 59.262 56.4381 56.086 54.5673 52.2891 52.6061 55.9959 54.9417 49.4709 57.9527 50.3736 49.7966 54.5253 54.6699 54.6318 50.3221 59.7263 51.3248 60.9784 54.8213 54.2634 54.2623 49.74 53.199 53.1069 55.6193 52.0432 56.7972 52.2807 52.4624 58.0545 53.9907 51.9442 53.5583 51.5994 54.1347 48.4287 52.6553 55.8867 54.0328 51.6832 56.6992 55.5229 53.1873 52.8118 52.0575 54.8269 52.7761 56.616 55.2883 55.3805 54.1628 50.8509 53.7157 53.3525 53.8969 54.1904 55.3439 48.2869 52.8307 56.0296 48.6605 53.2425 56.1724 52.9835 56.4255 47.9216 55.6701 51.8491 56.3643 56.0486 52.0603 55.2843 54.0079 57.5034 54.3086 55.8864 55.202 53.6284 52.3997 55.1997 50.3032 48.9437 53.5802 53.8201 58.8429 53.6698 53.1274 54.7751 50.875 52.6284 54.2648 54.577 53.0303 56.4938 54.6277 52.0763 56.6438 53.5124 54.3675 55.6846 52.5444 49.1924 58.8981 55.8431 53.6292 54.527 55.6757 51.8957 58.0762 51.0248 53.193 56.1841 55.0341 54.4334 55.885 51.5152 48.4512 53.6901 49.4844 50.3576 55.2507 54.7337 53.7614 54.1836 52.1606 58.0044 52.3085 57.271 49.9796 54.8236 52.316 53.1689 53.963 53.6146 55.6454 49.7857 53.101 50.0806 54.0488 52.9894 53.1713 50.9197 50.2961 50.334 53.4986 54.1327 53.2633 57.183 49.5219 51.4508 49.2089 50.5844 53.4456 55.2568 54.4191 53.9571 52.002 53.502 51.7345 56.9581 54.363 51.9733 51.8135 53.5075 
51.9335 49.0715 48.7778 51.2283 48.4698 48.3204 53.0778 46.4412 48.1459 48.0588 49.6895 52.3856 49.2623 46.0291 46.3441 49.5822 49.1624 49.7444 47.8017 54.3944 47.5567 48.0508 48.4854 50.9856 50.3919 46.0503 48.7615 49.8761 43.2594 48.7265 52.3658 48.2524 45.9134 51.1925 51.8039 52.5344 51.7076 51.8744 47.9946 48.0412 48.5728 50.805 47.8668 45.3009 52.9431 48.0404 46.9245 47.6264 49.2212 50.423 46.332 53.9214 46.7638 53.4315 48.582 47.8048 49.0231 43.5556 51.7272 47.7763 47.4912 47.1523 51.0689 51.522 47.9482 53.6109 47.0529 49.3971 46.6878 49.3493 47.1985 44.0648 46.4698 52.2157 50.5512 48.4138 52.453 48.1543 49.4277 49.2994 47.6755 50.1513 48.8945 51.8145 50.1742 49.3249 47.1021 47.5628 49.0498 48.9561 49.0429 49.87 48.6217 43.519 45.7778 50.4766 46.2688 46.3567 47.9962 47.8968 51.5925 44.7891 51.6638 47.9389 48.6475 50.6153 49.0898 51.2223 49.3335 50.2457 49.906 50.5364 51.7493 48.5863 46.1434 51.2572 46.3598 45.2406 50.0266 47.7266 53.1684 49.2314 45.6457 48.8426 47.9335 48.5781 49.2556 50.7406 49.3233 53.1456 50.2526 50.6587 51.1132 48.4302 51.4246 49.0993 48.1026 48.3648 51.4955 50.6897 48.8468 50.7818 52.8208 48.6622 51.6506 48.8175 48.1795 50.1691 48.3135 51.0049 50.1693 43.754 46.3436 48.0936 45.9641 48.8429 53.3068 51.2672 49.7188 50.5504 50.486 52.8774 47.863 49.4584 46.9142 49.0083 47.6442 50.1712 49.0296 49.1879 48.8855 43.6449 48.5551 46.9616 49.5228 50.0376 47.7949 47.2471 46.0247 44.4334 45.63 49.7126 48.7481 52.1641 45.085 44.4644 47.2525 46.4554 50.024 52.0178 50.6205 48.6993 46.5485 46.0054 47.6276 53.1644 48.0012 46.8793 47.4134 51.734 
57.2911 53.0074 54.8568 53.1781 52.5387 51.5301 55.6801 50.7718 55.2429 54.7648 53.3073 53.6366 51.2879 51.618 52.9141 53.9364 49.6813 52.3656 53.9347 57.3937 51.0616 52.2299 50.5572 55.4086 55.3933 49.6905 55.0516 53.0828 47.4422 54.3334 57.4132 54.7323 48.2359 57.1729 54.8728 58.6646 53.3991 54.5559 50.2688 52.1439 49.6571 53.9191 53.3198 49.0385 56.4077 49.753 50.0438 55.8753 53.4058 55.3253 50.8441 57.683 51.0456 60.5562 55.0296 53.7155 56.7498 48.4791 51.3321 52.2319 53.2679 52.9528 55.0596 51.8681 53.1328 56.4152 53.2424 51.8576 53.2842 50.5425 50.8061 47.2214 51.3246 54.4353 52.9948 51.2949 53.6819 53.4821 50.9582 52.6199 50.7373 54.0149 51.8524 56.6104 55.84 54.9875 53.6068 51.1194 54.6078 54.1885 55.702 53.6546 56.562 46.6876 53.0002 55.5243 50.6519 50.5861 52.909 52.8404 54.3467 49.8645 55.7606 53.6923 56.0911 52.6971 50.9912 56.2654 53.8716 54.8003 52.0581 52.3964 55.0409 52.4998 50.0004 53.3907 50.4096 48.0538 53.0369 52.5142 55.7236 56.2926 49.3278 55.1916 50.1124 51.0866 52.3179 51.3231 52.795 55.4035 53.8469 52.7813 56.4703 54.1409 55.5182 55.0792 49.9008 51.9559 54.5902 56.3107 54.0394 56.845 58.28 49.2417 51.7051 50.3638 52.1096 54.3503 55.0389 52.0148 53.0593 49.7779 50.4459 53.4494 49.2398 51.5062 56.7153 55.6469 51.8625 57.1237 54.5349 57.6787 50.9927 54.6734 53.7907 53.5271 53.2604 55.2343 50.7776 55.538 53.6051 49.5276 52.8572 48.9085 52.7494 54.4744 50.5867 49.1839 50.2401 49.9077 53.4179 55.8467 53.1993 55.3586 46.4728 50.9079 47.8464 50.1795 54.7439 55.8766 54.1247 54.0014 51.2268 50.922 49.8495 55.8617 52.8612 52.117 51.026 52.5653 
50.6404 51.7285 50.7517 51.2443 52.8518 51.4509 54.8066 49.665 50.3797 52.5021 52.5409 53.4139 50.9098 50.5047 52.4083 53.4844 50.8491 50.1696 50.3471 55.3418 48.4818 53.6576 51.459 49.4449 54.0936 50.7876 51.1791 50.4314 45.2971 51.4367 52.2413 50.561 48.8939 51.8661 52.0827 56.3929 53.3868 51.6497 50.1039 50.5533 49.9814 53.9044 54.564 50.5313 54.7613 48.7041 48.5581 53.5674 53.3345 52.5521 50.8204 55.112 48.2533 57.2646 51.7604 52.8236 53.2591 48.0559 53.223 51.9683 54.3865 50.2344 54.4071 51.0184 52.2765 54.6881 51.071 54.0937 52.4819 52.1081 49.5283 48.0909 48.6909 53.0639 52.3231 51.7804 53.2007 51.2803 49.5623 52.2207 51.2552 52.476 48.7969 55.1245 52.8787 51.2891 52.0586 49.5703 53.8108 50.5484 50.5937 52.7959 52.5622 47.6196 49.1038 53.4195 49.0095 48.9925 53.5129 51.5847 56.3962 44.3804 56.2034 52.1456 52.3031 51.8192 46.9983 54.2189 49.8696 51.7546 50.7912 50.3787 54.2255 50.7524 48.0652 52.4226 48.8343 48.3677 51.6497 49.7326 55.3151 54.4521 48.8324 53.418 51.631 51.6986 52.4825 52.334 49.7494 53.0005 49.9195 53.1434 54.5843 53.0576 52.3099 51.4911 50.5558 48.7875 53.716 53.2743 52.5393 53.8867 55.2517 48.0139 54.8655 49.9626 50.8303 52.9485 52.8498 52.4004 50.9822 50.3675 47.9256 50.9579 49.5172 48.9128 53.8653 51.7545 50.5401 51.4578 54.0765 53.9298 49.9576 53.2909 47.5709 51.8488 51.5041 52.2987 51.4216 50.9243 53.8684 45.8509 51.7223 49.0139 51.7618 52.9501 51.9379 47.0755 48.7272 49.8429 52.1774 52.1307 51.5093 52.503 45.857 49.3071 48.8943 48.5511 51.5595 54.9732 55.0577 52.7608 51.3561 49.4394 48.5394 53.1143 51.7406 50.9987 50.5908 51.984 
52.8681 50.0013 51.0754 52.761 52.3938 49.2325 55.2346 50.888 52.0339 54.2067 51.4066 54.9364 49.4919 51.7069 50.1658 53.0127 51.4412 50.5189 49.0891 54.8369 51.1519 51.9094 51.0876 53.0171 55.3983 51.7986 51.4082 53.1672 47.5778 48.7455 53.8933 49.3247 50.2076 53.4706 49.9345 56.3489 52.7907 51.6652 50.6272 52.3473 49.8032 53.2804 54.0006 47.3892 56.9104 48.6468 48.657 53.7519 52.9833 53.2979 50.4898 55.8747 48.3397 54.9206 50.5067 52.7618 55.5075 47.9786 53.5107 51.3727 53.3661 52.5967 53.1425 51.4081 49.459 53.7476 53.0162 50.4857 52.819 52.3475 47.5528 49.3515 48.9323 53.2677 52.0358 49.8906 54.4658 51.891 52.7001 50.3241 49.8639 52.9056 50.6179 53.4672 54.5139 53.1565 51.2849 48.5221 53.0817 54.2146 52.2186 53.8022 51.5531 48.3367 50.8409 55.5874 50.6536 48.3269 52.8068 51.7848 52.9118 46.4263 52.845 52.9463 51.9798 52.0389 49.0733 55.6683 53.3416 53.7801 52.3866 52.993 56.3431 48.8505 49.1621 53.5787 50.1444 45.9038 51.505 48.6267 55.391 53.1293 50.4002 53.3263 50.7004 51.2292 53.3923 54.6064 53.1087 55.0552 51.9519 51.7938 54.6432 51.2642 53.1947 51.7061 52.4836 46.8601 52.6993 52.2914 51.5587 54.3393 54.7033 46.6934 53.1018 50.3673 51.3748 54.0684 50.4789 54.2955 51.265 47.1026 49.0953 52.8024 47.3479 52.5229 51.5413 53.2962 49.0577 52.2059 54.3065 57.4856 49.8931 53.8212 50.0537 53.1397 50.9428 51.3325 51.5732 52.4925 57.4943 48.0957 50.457 50.8162 50.9018 53.3813 50.8594 48.1649 46.958 49.0838 51.348 53.1467 52.2804 52.3011 45.7326 50.5703 51.0397 50.4123 50.6488 51.9012 56.2331 51.6361 47.2954 49.932 48.5916 56.999 51.7373 50.2751 51.4208 51.7605 
51.8047 47.9042 50.1812 51.1754 50.3766 49.9298 51.6009 51.0321 50.566 50.7162 51.4294 51.608 48.2033 50.767 49.4396 51.5565 49.4481 50.3324 50.0878 52.5773 49.1324 49.757 48.1721 51.1544 54.1353 48.7445 49.6516 49.4398 45.5776 52.0149 50.3699 47.5836 48.0324 49.6217 51.124 55.0074 51.1448 51.2317 50.4057 50.1568 47.9383 51.1036 52.1264 47.9872 53.8253 47.8308 46.6023 52.4271 50.65 52.2857 48.4564 55.7035 46.869 53.3941 51.1456 50.8602 50.2857 47.3568 51.5938 52.7664 50.8417 48.3102 52.6052 51.5909 51.1123 53.1006 51.907 50.4616 48.2302 49.6912 49.1107 46.4097 48.3845 51.7191 51.7551 50.0104 50.9052 49.1653 52.9227 51.0325 48.443 49.6643 47.3245 53.9452 51.3412 55.7314 49.1932 47.4998 50.8215 48.9466 51.6714 50.0342 51.7855 43.3363 48.9871 53.4457 48.4643 50.4037 50.8869 48.0029 54.1111 47.0448 53.5011 50.6284 51.6921 53.3502 47.4173 53.784 51.36 52.1391 51.4437 51.9211 52.3531 49.5747 48.6528 51.5818 49.9399 45.595 49.1615 51.2453 55.3927 51.8152 47.3527 53.2081 46.9 49.6407 51.8958 50.6698 51.4349 54.8277 51.3258 51.2673 55.2283 51.7699 52.322 51.0927 51.0797 48.2912 54.815 54.7002 52.2972 51.2944 53.8409 47.1724 52.2347 47.4166 50.2483 52.9059 51.3103 51.2593 52.5415 44.8178 46.8711 51.5553 48.5432 50.3785 50.6993 50.8886 50.5318 51.2868 51.2812 53.5195 46.9678 52.1607 50.3397 51.754 51.1482 50.6524 49.3833 51.2222 54.4465 46.9535 50.36 47.9151 49.4178 53.4268 49.5076 48.3293 45.1957 47.8132 50.2787 50.7421 49.8142 51.6406 43.4237 49.6769 45.5943 50.4021 52.6768 51.5488 49.9445 51.8346 46.8147 47.955 47.3212 52.296 50.688 49.1287 48.7326 48.9563 
50.6988 50.3283 49.1325 49.7487 48.4895 48.6482 50.9644 49.8373 48.1851 50.3669 52.1978 52.2571 47.357 49.2976 45.9191 49.3919 49.6514 48.9992 47.5258 51.0519 49.8761 49.961 48.207 50.9318 50.9665 48.4184 47.3611 49.7381 44.7723 49.099 50.3792 49.0402 47.1234 51.9658 53.9409 54.7069 50.1285 50.1409 49.6152 46.1514 46.3604 52.7365 52.3152 44.5193 51.5984 47.3003 48.6165 51.1715 51.248 49.4703 50.0088 52.0776 44.239 54.7433 48.1974 49.2375 51.6377 45.8606 48.6478 46.4651 48.8598 49.1039 51.4198 48.0221 47.7938 54.4728 50.0978 49.0189 48.4451 48.6156 47.3854 47.6914 46.3673 51.4088 48.8454 49.1647 51.2918 49.7334 48.167 46.6538 48.1382 49.1538 48.3453 53.0057 51.5555 50.0809 48.9014 46.0757 52.2952 48.6274 49.689 51.4746 52.3764 45.3314 47.3993 48.0886 47.3811 47.2083 50.0643 50.077 49.7217 43.8295 53.2337 48.4324 50.363 50.6341 45.9077 49.4141 48.1736 50.0871 52.2414 50.2093 52.4733 46.8516 44.4757 53.0185 44.9921 45.8454 48.981 47.1219 54.2836 50.7785 49.3341 51.7326 46.4846 49.5518 49.4634 49.3656 48.5989 51.2087 50.7412 48.7906 49.2575 48.1236 53.0017 49.6611 48.2953 46.2881 53.0617 51.1536 50.6556 51.6383 50.8455 46.5696 49.9244 49.6326 46.9706 50.6905 52.1573 50.0387 51.5247 46.6058 47.1389 48.8514 44.0781 46.98 53.2263 49.6907 45.2696 50.5553 50.0984 52.6458 46.7701 50.6738 46.7222 50.5981 49.5982 50.2797 49.1557 49.6941 49.2416 47.8934 50.007 47.1388 48.7713 52.108 46.483 45.7781 45.2003 45.5361 49.4616 49.2002 49.505 52.1073 40.957 44.9839 46.9314 46.0246 50.5081 49.7035 52.8634 50.7262 49.864 48.8749 47.1117 54.1222 49.2262 47.5765 48.9466 49.2618 
50.9537 46.5774 47.0391 45.8434 48.1363 47.4856 51.2418 44.3193 47.8776 47.0901 49.0419 49.5606 47.0171 45.1702 47.4414 47.3397 46.7453 48.8907 46.4704 51.9732 42.5778 46.4961 47.4209 47.3764 49.5766 44.3618 47.2996 49.064 41.0814 48.4414 53.0537 46.4373 44.751 48.8478 49.5696 51.5313 47.1417 48.4875 47.2986 45.8468 45.083 48.4473 48.5126 45.1754 51.6783 47.195 44.1829 49.2072 47.8819 49.1006 46.5531 50.0812 46.5707 52.7761 49.9321 47.1912 49.2887 41.3916 48.2033 45.6392 47.8053 45.4459 47.3735 47.4403 45.5482 49.0689 47.7272 48.9978 49.0906 48.0914 45.557 43.2372 45.1831 48.2911 47.5539 48.1156 49.6958 46.3677 48.5816 46.4523 46.51 50.1115 47.0792 48.9997 49.4134 48.3774 52.1964 45.6483 48.6085 47.3079 49.8858 49.8045 48.6027 42.7692 46.2262 48.7096 45.5724 45.7548 48.3061 47.0728 49.3655 45.7222 48.3619 47.4167 49.9594 49.1137 46.9921 51.0179 51.4928 49.9677 45.6826 48.0876 51.5041 46.6671 44.5613 46.5182 44.4171 42.4136 48.7611 45.8565 51.4446 49.2139 44.3094 48.7368 44.4618 47.1267 47.2687 48.8903 46.0257 48.5495 49.5618 48.3484 49.1621 49.4401 49.6642 48.3622 46.2533 44.7616 49.8531 48.6714 47.3602 49.7498 51.1402 46.0237 50.1605 43.7459 47.2262 50.8205 47.7488 46.7485 47.6374 43.7106 43.2565 49.0015 45.0225 48.9283 47.1881 48.3247 49.9059 49.9449 48.5176 49.7652 48.2779 49.8012 45.3111 47.1234 47.0596 48.0289 46.2379 48.5928 48.8528 44.4957 47.2524 42.8601 47.5941 47.2514 47.6033 45.4183 41.6463 45.5665 46.2554 48.9415 45.045 47.5863 43.9297 44.5239 46.4964 44.7374 47.0999 50.1609 49.8162 49.6234 46.1881 45.2788 45.8849 49.7645 48.7244 46.3211 47.6238 46.1142 
52.5378 50.6534 52.2518 53.0804 53.3093 52.4523 53.3116 49.5187 51.8897 52.876 53.3247 54.169 47.7553 51.0899 48.4569 53.0443 48.7197 49.2228 51.0996 53.5748 47.804 50.5519 50.3577 50.4729 55.4083 49.9098 51.3404 50.0194 45.8802 54.6833 55.309 50.8605 46.8456 52.6759 52.1646 56.3175 52.6022 53.5348 51.3122 51.5037 51.7976 52.3987 53.2524 48.6776 56.8507 50.5833 47.411 52.3414 53.4063 52.1428 50.8792 55.5959 50.1372 56.6243 50.7101 51.4963 53.2435 46.9243 51.8688 51.1146 51.8282 50.6036 52.1506 48.393 49.0621 54.4569 52.2493 51.6175 51.0837 50.2239 50.5609 46.4691 50.542 53.3777 52.572 52.6555 53.3883 50.789 53.026 52.1887 50.9819 53.4 47.8986 54.9043 53.4336 52.2289 51.3152 47.9266 54.9189 50.7617 51.3686 52.1879 53.135 48.0934 51.5505 53.7179 49.5603 48.4053 53.0276 48.8077 55.4763 46.3171 53.3084 52.0564 50.9838 51.8737 48.4528 56.0796 53.5131 53.7428 52.4047 51.411 53.3713 49.4798 47.7302 51.9323 46.1215 48.4755 51.7288 49.6891 55.0964 53.4968 51.711 54.4476 50.3223 51.2474 54.4849 55.4455 50.7132 52.5244 53.9438 51.5402 54.8881 51.6276 55.2773 53.0279 53.8905 49.9269 54.4393 53.2995 52.9423 55.0003 53.4129 49.8056 55.0304 50.0285 53.3136 55.4463 54.4013 50.8858 51.2077 48.2341 47.8273 51.7724 46.1344 51.3485 51.756 54.1724 48.7843 53.1749 52.759 55.2905 51.9906 53.1446 50.2094 52.1142 50.6422 52.9066 49.5589 52.516 53.1088 47.8969 51.2175 48.2858 52.2868 50.8611 50.1215 50.1863 47.2009 48.2791 50.6219 55.1573 51.9997 51.9137 45.8275 49.4452 48.7398 49.3621 51.467 53.463 51.7514 53.8742 50.9337 48.8946 51.1762 55.4019 54.722 47.6569 51.2616 49.7485 
50.5298 47.1952 47.427 50.3156 48.4846 47.32 49.054 46.1169 48.8109 47.8458 47.8501 49.9479 44.7685 46.327 46.7988 48.3986 46.5703 44.6649 48.065 51.6821 46.5654 46.1832 43.9398 48.0432 49.7901 47.8707 47.4265 49.3173 42.7695 49.154 50.9697 48.6213 42.6981 51.4001 48.9319 52.5959 46.2148 48.1333 45.7673 44.5958 46.1109 48.0135 49.1357 44.4779 53.171 47.3576 43.9877 48.7794 50.0237 49.3945 48.2399 53.1589 46.2881 53.6118 46.4503 48.4728 51.5633 45.0438 47.8843 47.9385 48.5099 47.9478 51.6001 45.8045 48.5756 51.0167 48.8076 48.1613 49.1568 46.986 46.5826 47.1094 45.6282 48.3187 48.596 45.8928 50.6241 46.7691 48.4971 47.9309 46.8311 49.3377 45.1651 51.0241 47.9207 50.3675 46.2584 45.6932 48.2108 47.8443 49.3524 47.938 49.9213 45.0265 47.6254 51.4492 46.4215 46.522 48.5815 47.2731 51.4828 43.9501 49.5152 47.5558 50.0035 48.8954 46.5365 51.798 48.0144 50.1731 49.8543 49.1017 48.2882 44.8282 46.1264 49.5313 43.9873 45.4098 47.5324 47.3993 50.9859 48.8193 44.9428 48.7659 48.1699 48.3649 49.1389 49.3873 46.9842 51.2381 49.3891 47.7768 50.0867 47.3758 49.6835 49.4024 47.401 44.5972 49.8602 51.2218 47.543 52.2953 52.9912 46.9 48.8473 45.2706 48.4881 49.6296 47.769 48.154 49.2349 45.5522 46.0189 48.9946 44.1314 46.9095 51.1162 49.2648 45.9342 49.5802 49.3108 51.8982 46.1541 48.1635 45.0509 51.5244 49.1261 46.9827 48.4091 46.8502 48.017 45.2594 48.8159 45.3818 46.8207 46.4509 47.297 46.7151 44.9548 44.29 48.5835 49.729 49.4287 49.5454 41.6683 45.5165 44.6775 46.8276 49.5966 51.3879 50.7338 51.9703 47.5764 46.9898 43.7184 50.8587 48.0258 49.1834 47.3981 47.2934 
53.2933 49.2357 50.0707 52.0263 51.1665 50.0765 51.4522 48.6784 49.5666 54.1514 51.3279 54.7476 46.5479 48.4298 46.7106 52.1864 49.8855 48.7334 49.5992 55.2922 49.6417 50.4169 49.9128 51.0234 52.7051 48.9085 48.2063 48.6828 46.5266 49.9074 53.8995 49.7591 46.9473 51.1778 52.3418 54.5328 51.86 54.5912 49.9334 48.9512 49.059 51.879 49.9394 49.2895 53.5789 49.8144 48.0419 51.9051 53.8449 52.9717 52.1179 53.4903 47.8023 53.8537 50.6446 51.531 52.8359 47.1231 51.1 49.5415 52.2401 49.1083 52.3897 49.6819 50.5 53.7607 50.8135 52.772 50.3186 50.6598 47.6356 46.8768 49.298 53.037 50.6564 50.392 51.0695 50.6134 50.1417 53.0022 50.4278 49.57 48.1106 53.5114 52.8519 50.9166 50.9589 47.6486 55.396 51.1545 50.0113 50.8508 49.5534 47.1365 50.6497 52.1005 47.126 47.0352 50.3757 49.0193 52.5995 47.7299 52.6719 49.0699 51.6583 50.71 46.2456 54.6471 51.2059 51.7256 53.2201 51.9625 53.4821 50.1181 47.5696 51.4431 48.0683 44.8036 49.7855 50.0371 55.2081 53.7878 48.4579 51.3492 49.6401 52.4454 53.6978 50.5134 51.6152 55.7409 49.8286 52.3134 52.1045 50.5289 52.7438 52.2433 53.8634 50.1157 53.1122 53.6025 51.8568 52.1906 54.851 47.9871 52.8526 48.5454 52.1012 52.304 51.0447 51.1335 51.7364 48.8891 47.8434 50.569 49.1288 49.632 52.0705 54.2611 49.5124 52.3773 52.2985 51.8955 50.0665 52.1949 49.7911 51.846 51.7553 51.5591 48.3032 51.3154 51.4789 46.8504 49.0955 46.9346 52.0413 50.7889 50.7394 47.6566 49.4068 46.6315 49.1144 52.6381 49.4775 51.0223 44.5735 48.1313 46.7683 48.8392 52.3536 53.1623 53.7858 51.6036 51.3394 47.9637 49.4444 53.0406 50.3963 49.4745 50.9644 49.6598 
53.8735 49.0054 53.5584 53.9604 54.3024 52.3322 55.8403 51.3926 54.9602 56.62 55.3254 54.8833 48.7397 53.875 50.9621 53.7288 54.5446 54.3912 53.0965 56.9084 52.8455 52.7415 52.8177 52.1793 57.1642 50.6225 51.7016 53.3537 48.9403 54.3677 56.0662 49.5291 50.7937 57.0226 55.7977 59.3421 53.9043 54.4685 52.5995 54.0159 51.065 55.9812 53.0794 49.9188 57.0179 50.4613 49.9787 52.664 57.0926 53.3609 53.4858 57.7971 49.6872 58.9166 53.4277 53.8631 54.8016 49.6431 53.9009 50.7157 54.797 52.4034 55.6204 49.2147 52.4161 57.2607 51.519 53.5447 50.2123 49.3192 50.8585 48.3467 50.7472 55.8937 56.0154 52.552 54.6787 51.9872 53.2771 51.6912 52.5515 56.0736 49.8384 56.2802 53.2762 56.9325 52.3296 52.3669 52.0191 55.4011 53.0598 55.978 53.2013 50.0957 51.8543 55.5423 50.968 50.6226 52.2998 51.5502 55.1945 49.3056 56.2054 50.3448 56.4485 54.8279 52.3391 55.0626 52.5043 56.9589 54.3209 53.4268 56.1648 51.1459 49.7629 52.3999 49.9915 48.5184 54.0224 53.4814 56.413 55.4841 51.2898 53.9423 48.8677 53.2512 54.0419 54.3912 53.5268 57.1863 54.6567 54.8018 55.0617 54.0875 56.1343 55.3312 52.3944 51.7736 56.5588 56.9352 54.3023 55.9745 54.5482 50.9429 56.1929 50.0494 50.8524 55.2803 53.2735 54.7778 55.2093 48.8144 48.478 52.1742 47.6961 51.3481 57.2704 55.4514 52.8157 53.873 54.5705 57.8189 52.5228 53.8703 50.5396 52.5528 50.496 53.7422 53.628 52.3425 55.1098 48.2933 52.4002 51.4467 53.8401 53.3496 50.612 50.8125 50.6369 50.8623 52.4088 54.7603 51.8437 55.209 49.6279 50.7278 46.6374 51.1789 51.7527 54.7725 54.7781 54.3018 50.6715 51.6992 53.5782 55.0036 52.0624 52.5525 49.5284 52.0345 
48.4613 45.8676 46.7175 47.6434 50.2376 46.541 47.8084 47.2372 48.5373 45.5658 45.6971 50.6111 45.3801 43.9971 46.8643 46.3176 45.2599 45.275 43.9528 51.2834 45.8294 47.3656 45.4569 47.4686 50.4253 46.5728 47.3263 46.7792 40.4841 46.7257 49.8973 45.9257 43.3169 48.6971 46.3055 52.8164 45.8713 46.9051 45.2577 47.5939 44.7138 47.0988 51.5671 43.8655 50.248 45.1862 42.5326 48.1603 46.2552 47.1816 45.9525 53.285 45.112 50.761 44.675 48.2396 50.2797 43.3653 46.5981 47.9834 45.7984 46.7193 48.6162 45.4992 45.7962 46.1741 46.9231 46.5033 46.4568 47.1132 45.5756 44.9241 44.5912 48.2741 46.1148 45.3696 48.4219 47.6729 46.8133 46.0341 46.2486 47.2391 46.3742 49.5574 47.7065 50.1753 47.6063 43.7391 47.5033 46.3594 46.1819 46.7225 46.4718 42.754 45.6067 49.6232 45.7999 43.6345 48.0783 47.1016 48.7126 43.2118 48.2871 46.9579 48.9795 47.4148 43.8148 50.4015 46.5157 48.0054 47.948 47.0396 49.5513 44.1947 43.1913 48.6988 42.8122 43.7549 46.3705 43.6255 49.5461 47.7063 43.5423 47.1488 43.7191 45.9524 48.5877 48.3138 46.7906 47.3125 49.5537 46.7173 47.7944 46.4109 49.7904 46.8662 45.942 44.2177 48.6083 50.412 45.3163 49.2042 51.932 43.443 48.3765 44.021 46.4311 49.4432 48.0011 46.3698 46.4677 44.634 44.4986 44.4636 43.2801 46.3966 49.1497 48.1735 42.494 48.7666 48.214 47.8519 45.9233 47.5531 43.9674 49.5297 46.8546 46.2077 45.1019 47.8808 48.8149 43.8075 45.1149 45.0007 44.7936 46.8706 44.5788 45.0719 40.3997 42.3751 48.135 47.0883 46.3705 48.2218 41.8144 46.6934 45.4291 46.1469 46.9518 48.7389 50.1353 48.9326 45.5321 44.9798 44.1871 48.241 47.2001 44.6088 46.3461 45.3649 
55.0923 48.9556 54.3217 53.9505 51.6899 51.5243 54.6078 50.8081 51.3072 53.482 53.0423 53.7792 50.8799 53.1394 52.3353 52.8221 51.9664 52.6859 51.7387 56.0985 48.6994 52.7087 51.9164 53.5968 55.1005 47.7341 53.3471 52.9203 47.9434 53.956 55.2071 51.0369 50.5185 53.9352 54.3093 58.4017 54.3447 54.7611 51.2865 53.2945 51.8656 55.8701 54.9554 48.8987 57.5424 50.9233 49.8794 55.4307 55.6632 53.0861 50.7765 56.586 50.3049 56.1518 52.0649 54.054 54.674 49.4574 54.2284 52.5949 52.0828 53.6252 54.4593 51.5312 49.7226 53.9932 52.2479 52.4413 51.156 50.8821 49.9399 47.8555 50.6581 53.8035 51.6106 51.825 53.5398 52.0789 51.5432 52.5045 49.2027 52.6942 50.6168 54.2692 54.0945 54.7277 52.8053 49.0618 54.5428 52.6158 51.7576 53.0109 53.2154 46.3901 50.6101 55.8333 51.8353 49.3025 52.8396 49.5187 55.9968 50.3492 55.3812 53.5426 52.5768 52.4502 49.071 59.2197 52.7533 51.9021 51.0011 52.9258 54.3985 52.0947 51.4592 52.8002 47.319 47.0502 54.5184 53.228 58.293 54.2156 47.1854 53.2721 49.3025 51.5005 52.7841 55.4355 51.3847 54.6 54.6427 55.2532 55.5211 53.3256 56.094 53.4796 54.0386 51.4665 55.2525 55.0784 52.2104 54.9583 57.7105 50.4395 55.0425 50.4471 52.484 54.8182 53.449 54.1322 55.3462 47.0821 48.6596 53.8588 49.4254 53.7686 53.5692 53.1863 51.2118 54.6504 54.2588 56.0718 50.82 56.8315 50.2669 54.204 52.9132 52.9253 50.5794 52.1691 56.2492 50.2132 53.1239 46.8607 50.9497 54.5895 52.7684 50.1171 47.979 50.8725 51.2119 55.1446 50.5498 50.8621 50.0208 50.5841 49.7057 50.8386 51.2776 55.1457 52.5139 53.7498 49.9722 50.5361 51.2509 55.5081 55.1095 50.7794 51.5877 51.7142 
50.4079 46.0133 48.8809 51.0673 49.7501 46.7794 50.8555 48.1636 50.561 49.7573 51.0385 51.8024 47.3479 47.9775 47.9205 49.4446 46.657 48.2315 44.4271 52.1611 49.3553 48.0991 48.8019 49.2357 50.5836 48.6437 49.486 49.249 42.8332 48.9075 52.6711 49.2978 44.3375 50.9638 52.7649 54.597 48.8987 49.5433 45.1671 48.6649 47.2333 49.8924 49.0195 46.3332 53.5368 45.3183 45.7302 49.4111 50.5659 50.0706 48.9267 51.5496 49.3926 55.0645 49.1094 49.8072 51.53 44.5578 48.2728 48.7214 48.7611 47.5596 49.6478 47.5759 49.2522 50.1491 50.2183 50.6018 47.5335 50.1991 46.5855 46.135 45.8162 50.8321 50.409 44.3298 51.0956 47.5275 48.2852 48.2313 49.0065 51.6319 47.3226 51.8446 49.7261 49.5771 50.7159 45.2197 49.2404 48.3138 48.4615 46.791 49.5774 43.0095 45.8154 47.8248 45.5139 47.825 49.0098 50.0012 51.0748 42.2504 50.3191 46.3031 48.3595 49.2734 45.9702 49.7398 48.0924 49.6656 49.5955 51.5705 49.3241 46.124 43.9371 51.1545 45.1001 45.9496 48.56 45.772 51.6049 48.9252 45.5556 50.5458 46.7618 46.2967 49.2162 47.8804 47.4752 51.4154 48.7973 50.2231 51.8003 49.5055 52.926 50.351 48.5356 46.1454 50.3387 52.9856 48.2878 52.0843 50.6987 47.6637 47.993 47.9133 48.1347 49.8798 49.2626 47.8704 49.9126 45.8723 46.1455 47.1665 45.9791 49.6948 50.487 50.0269 48.5963 52.2022 47.2758 52.4857 47.627 50.439 45.2178 50.6394 49.2805 47.7437 48.7468 49.2251 47.7247 44.3406 48.3712 47.4953 48.7208 50.1124 48.2713 44.884 44.4884 46.7527 49.6339 50.8768 47.7589 50.2382 42.5271 43.5161 46.1491 43.5941 48.3581 50.8257 51.2634 50.0923 46.4019 47.4586 48.8719 52.3313 48.3493 45.2091 48.241 48.5449 
56.834 53.7356 49.6153 54.4201 53.8501 51.9424 55.8517 51.8026 53.8137 54.2475 57.8367 55.7842 51.2799 52.0717 52.5308 53.8637 51.198 54.7334 52.1561 57.6801 48.7011 52.9403 51.7072 53.7583 54.9401 49.9784 50.5305 55.1391 46.8803 53.7809 56.2268 54.1727 49.9706 54.7026 53.646 60.3322 52.9561 56.5492 51.2169 53.2881 51.557 53.6017 55.4302 50.6218 57.8317 49.3771 50.4126 53.4802 56.3994 54.4968 52.9661 59.6235 51.3607 55.4728 52.8742 57.1985 56.1686 49.1651 54.9266 52.2463 54.3079 53.9362 56.2531 51.791 52.4133 54.4076 52.8722 53.2492 51.5833 52.7729 51.8931 50.6233 50.9731 54.4123 53.4806 51.3936 55.6779 54.0371 53.4886 53.5537 54.5749 53.2358 53.0381 57.0557 57.0076 54.1454 52.2056 52.1069 55.8602 53.7284 52.6459 53.7744 55.1785 48.1373 49.0794 56.1865 53.0619 51.8188 53.6902 53.4217 56.292 49.8011 56.0901 51.1153 55.9239 55.1389 49.8479 59.2267 53.3079 53.6738 53.4466 54.1077 56.4413 51.2145 51.6034 52.0597 48.7 48.0735 52.9282 49.4406 55.9028 54.1089 48.6381 55.4606 50.967 53.9242 52.3764 52.3495 54.3732 55.9651 52.119 55.4017 55.2095 52.9041 58.1793 52.9576 50.7026 52.4896 54.6646 57.1767 53.7333 55.8022 56.8935 52.2763 55.2098 50.6815 53.7196 55.9261 56.4971 53.7939 55.1264 51.987 49.8162 52.5931 50.1382 54.6347 54.8365 55.3616 51.9877 53.7498 55.3077 54.3468 53.072 56.2051 51.0177 54.4705 51.6965 54.054 51.4697 53.9183 54.98 49.5531 52.7302 50.8643 52.994 55.2248 52.9709 52.3883 49.4788 53.0126 52.5548 56.3912 52.3881 54.1293 48.1777 52.3211 51.1621 52.4267 54.4132 58.5978 57.1576 55.2119 51.3816 51.8528 51.0372 56.2715 53.6155 50.8692 54.1962 51.8191 
51.9762 46.8645 49.6704 52.0758 48.7117 48.2191 50.6628 48.2191 50.4229 48.1709 49.7619 52.2178 45.9223 47.9776 47.4724 46.7067 49.0092 49.7388 49.0663 52.9732 47.4627 48.785 48.4748 52.2385 51.1409 49.0831 47.1468 48.4018 44.3427 50.3953 50.9288 48.1322 47.6511 52.642 50.9971 54.187 49.1343 51.6295 49.3712 49.0696 47.6061 50.2591 50.5992 46.9258 53.2945 47.9528 45.731 50.9923 51.2498 49.8765 48.459 55.8345 46.4043 55.8202 50.0494 50.0779 52.4224 46.7425 49.1472 48.1934 48.865 50.119 52.5826 47.3809 46.6784 54.2992 48.5656 50.9062 49.4819 50.6192 46.2536 47.3624 47.4462 51.3757 50.4793 49.3721 51.4507 49.1054 50.8575 48.4168 49.3222 47.4383 47.0187 51.0241 51.8171 51.3101 52.7806 45.6863 50.8864 48.8109 48.2392 50.8645 51.4568 46.8344 48.0677 50.9338 47.4008 46.5373 49.219 48.6689 53.5256 46.2576 53.381 48.7612 49.1359 50.6993 48.3276 51.523 49.5289 52.0204 52.2495 51.1435 49.7312 46.7606 44.9487 51.6527 44.5265 45.5694 49.9607 48.8235 53.679 50.67 47.5478 52.3506 47.8157 49.0303 49.118 50.5103 47.9624 47.8319 52.3479 49.3248 50.4233 47.5009 51.4131 50.7601 49.0212 47.5436 53.2113 53.4565 50.9054 50.4615 54.1157 48.235 53.4343 46.5924 48.7906 54.3504 52.0841 48.5777 51.7359 48.5091 44.8476 49.2787 46.2378 49.2324 49.5276 49.9199 47.3465 50.8189 50.8852 51.4636 49.6942 51.2165 46.4027 53.1864 48.3294 48.8426 49.4882 50.2191 49.5312 46.6823 51.0743 47.1597 50.1221 49.0211 49.0871 47.9167 44.7686 46.7067 48.5481 50.5702 50.2943 49.4282 45.5854 45.5747 45.6964 47.1139 52.2024 51.2534 50.8395 51.9231 48.3917 48.4265 47.4455 52.6434 51.1826 47.9554 48.3772 49.1734 
52.66 47.5505 49.1147 50.8027 50.1347 47.9567 51.9697 47.2697 48.3919 49.0536 49.7492 52.942 47.391 48.0419 48.3785 48.5026 48.4926 46.9586 48.0952 50.8947 47.7687 49.6728 46.9016 51.2537 52.0241 46.1868 48.4202 48.817 44.4745 48.7071 49.5847 47.727 41.802 48.954 48.1427 53.9409 50.3004 50.8016 46.6433 48.1118 45.0472 49.0632 49.8437 47.4803 52.8649 47.1733 42.6012 49.1729 51.2731 47.7479 47.773 51.8848 47.5077 53.0366 47.4712 48.2977 51.3712 44.093 49.2688 47.9728 50.4655 46.4256 50.6482 48.9645 49.7666 52.4593 47.756 49.2335 47.9661 46.8748 50.6163 44.1895 49.2514 50.4879 50.2422 49.5799 48.8415 48.8062 49.0517 50.3907 48.7196 48.7945 45.2187 52.3957 52.1252 50.7336 49.4225 44.5756 49.8375 47.5168 47.3057 50.856 49.8532 44.4267 47.1228 51.5427 45.6865 46.1973 48.8545 46.5108 50.0214 46.8789 52.3355 48.0773 48.3513 51.2619 45.0077 50.3418 48.1254 49.8078 49.7654 49.0802 50.9207 47.8293 46.0492 50.206 45.1701 45.0227 45.2702 47.9296 50.5342 51.0309 46.8287 50.0214 47.3228 49.3055 51.9875 49.6379 50.6626 52.6406 51.0321 49.7316 52.4785 48.9928 50.2828 50.4333 47.3285 49.0642 52.6983 50.5755 50.2444 47.5902 53.3932 46.9862 50.2351 47.5763 50.1786 49.3088 53.4126 49.2682 50.096 45.9923 47.367 49.0778 44.2747 47.8733 50.6404 51.096 46.6872 51.6129 51.9564 51.926 47.6887 49.1326 46.859 50.0267 49.4246 49.672 48.8097 50.2573 51.159 44.8287 48.9907 44.4105 49.8186 49.4753 50.5017 46.1282 44.4536 44.0597 49.1671 51.2029 47.3411 49.8367 41.8779 49.5846 46.16 45.4485 51.4605 51.119 51.9533 48.7768 48.092 45.2455 47.2965 53.3781 47.1238 48.0797 48.5653 46.7167 
57.4095 55.3479 55.5251 56.4279 56.1712 52.1791 55.1038 53.5252 56.5027 55.6562 55.5121 55.3389 53.597 52.857 55.0557 53.472 50.3491 52.4483 54.3285 57.7761 53.0434 54.3114 52.7036 54.8343 56.6465 50.3187 55.0173 55.0276 48.9644 55.5479 58.6937 54.5325 52.7448 60.887 55.2824 59.9566 55.3614 56.3902 52.8622 52.8935 53.7661 55.0296 54.9111 51.6508 59.3787 51.1685 50.797 55.34 54.8497 56.4958 54.2133 60.5438 53.3249 60.2737 56.1628 55.8089 58.2042 48.3639 54.7043 54.0148 54.9904 55.3762 55.4206 53.6655 54.0813 59.945 53.0215 52.9237 53.0695 52.9871 53.8229 49.2564 51.8629 55.1387 56.2997 53.1707 58.0813 54.2538 53.5462 54.9107 53.5751 55.753 52.5057 59.3753 55.5363 55.8389 52.8628 52.5852 56.4579 54.4643 54.0005 54.304 55.5402 50.017 52.0105 58.5829 52.6057 54.5718 56.6877 53.1759 58.1487 49.7929 57.0527 53.898 56.8463 54.0279 53.2867 57.4293 56.0318 56.6256 55.2342 56.3744 56.9621 52.4584 52.2744 53.6374 50.4037 49.6681 54.1175 53.0453 58.2548 56.5639 53.9005 57.3497 52.3751 54.5834 56.8004 54.7884 55.7771 57.89 54.6977 54.908 59.1323 55.8186 54.7736 54.4765 54.1967 51.2513 56.1841 58.8893 55.207 55.6728 57.1777 52.9897 57.014 52.7224 54.066 57.6452 55.5353 54.1231 56.1366 49.7604 50.5515 54.217 49.3336 54.1971 55.6554 56.4488 52.6602 56.4054 57.3809 60.7088 53.8677 55.7713 54.2668 54.452 54.5788 54.1832 53.9844 53.8724 56.2686 50.1358 51.5744 53.1448 55.4245 53.0554 52.8402 49.7224 50.4402 52.0231 56.1161 56.4564 52.0149 55.5562 50.4635 52.691 49.655 51.3788 55.6027 56.4422 54.5801 55.5452 51.7981 50.8117 53.6585 58.2086 55.3358 52.5285 52.687 56.7804 
51.9731 47.8604 48.1268 49.1431 51.8161 49.9084 49.6214 47.4232 47.6501 50.4803 49.118 51.7537 46.6118 46.7791 49.4638 46.8396 46.635 46.8689 47.858 52.1865 48.8589 49.2789 48.3724 50.1448 52.0476 46.3458 49.174 47.5154 43.7378 47.7899 51.5919 49.421 44.523 50.7453 49.7216 54.7609 52.3821 49.4517 47.7337 49.2371 48.3114 48.7331 49.9851 45.7938 52.0959 45.5264 46.0193 48.1088 50.0903 48.0787 49.011 54.0745 47.4427 53.0576 48.9418 49.0207 51.0611 45.354 49.8525 47.843 49.7476 51.1875 48.8562 49.7293 50.0611 52.0535 47.6884 48.663 48.1289 49.4075 46.6401 46.9635 46.1783 50.124 48.8792 47.1256 51.933 51.151 46.929 48.2375 48.3266 50.9976 44.5263 51.5862 52.1134 49.7683 49.644 46.9013 50.8738 48.602 50.7928 49.3233 50.6078 43.6256 46.7373 50.4685 46.46 45.7626 51.3526 49.4109 53.8774 41.6437 51.5008 47.336 50.1361 49.1475 46.1088 53.3692 49.5615 50.2325 49.2097 48.0582 50.799 48.3586 46.2635 49.0563 44.8047 43.5331 50.1057 45.9263 52.814 50.8884 44.7968 51.0037 47.2608 48.2283 49.6432 48.8705 47.352 50.4267 49.6692 49.681 50.3834 50.288 52.6327 49.0331 48.9077 46.5942 49.4888 50.4095 48.6609 51.1664 51.9547 46.6585 49.0139 47.6522 49.5054 51.1943 49.7006 50.7287 50.1408 44.492 43.3197 48.4299 43.3654 49.4343 51.3542 50.7999 47.9557 49.4425 49.7207 52.6554 50.0923 51.3662 45.5978 48.7958 50.7088 46.8861 50.0663 48.0657 49.7991 45.3803 47.8275 49.0188 49.0303 48.6314 47.9885 45.9946 45.8309 47.637 49.2691 48.3336 48.7305 51.8084 44.2225 47.4527 47.3941 47.1177 48.7783 51.3852 52.1941 50.0238 47.6233 47.4565 48.7313 53.5093 51.4799 45.1656 48.065 49.3591 
53.4357 51.6372 53.2581 51.472 50.6171 47.7467 53.8764 49.172 51.1789 51.4692 53.5217 56.238 48.6713 51.9584 51.2864 52.1184 49.1725 50.8455 49.5063 57.0671 48.3517 51.5212 48.8874 50.3146 55.6958 50.3697 51.9986 49.9739 44.1436 53.8661 53.6886 49.519 49.0737 52.041 53.2459 56.0329 51.0039 51.7053 50.6979 51.5494 48.7502 53.6778 53.6839 47.7323 55.5439 48.1519 47.2993 52.2173 52.601 52.7685 51.0306 54.4832 48.1577 55.7448 51.0352 51.8051 53.9963 48.7036 54.1481 50.6523 51.3295 51.0586 52.8559 51.3969 51.0974 54.3288 50.4823 51.2162 49.3372 51.3177 50.9572 48.0243 48.9146 52.3833 49.902 49.7629 54.1105 49.2439 52.1574 50.7354 51.5831 54.3942 49.6047 54.3305 53.649 55.0449 49.7834 47.3692 53.2123 53.0149 49.7272 50.4699 52.6881 46.2898 49.28 52.5422 49.0146 49.1765 50.6863 50.2959 54.4173 47.2896 53.8706 50.1342 53.6059 53.9035 45.7531 56.4381 53.5448 53.181 50.1977 53.1703 54.8394 50.4503 49.1306 51.2218 49.5242 48.0183 50.3384 49.1739 53.2091 51.9089 49.0341 53.254 48.4644 49.4382 50.8461 51.7356 51.4595 54.6635 53.1276 53.3952 56.1085 51.0841 53.0644 49.1192 51.1238 47.8377 53.1203 54.0936 51.0983 54.172 56.8562 47.1416 53.713 48.8645 53.1807 51.9669 52.1521 52.3052 52.1594 49.0355 49.2165 49.957 45.7626 51.5977 53.7626 54.6833 49.9445 51.6084 52.3075 54.7876 49.7692 52.2192 49.2304 52.1584 51.0731 50.2814 50.2493 52.0361 52.9106 48.4896 52.3761 47.881 50.1452 52.3258 52.576 48.0245 47.1465 49.0657 52.0326 55.1537 52.9318 51.2422 44.1075 51.0662 48.595 48.2949 50.5537 53.8128 51.9515 52.7968 48.7458 49.4089 47.1615 56.2665 51.9349 52.2596 51.4562 52.3694 
55.5931 51.0897 50.9209 51.5368 52.5724 53.3668 53.5334 51.0223 52.9408 51.8874 53.167 53.5458 49.5606 51.1373 50.8651 51.647 49.2626 50.401 51.361 53.8988 49.8196 53.2294 48.8676 52.6781 52.1893 50.7861 52.4128 53.2634 46.9514 49.2209 53.129 50.2814 46.8886 54.4582 53.1102 58.168 52.6803 56.2851 52.2333 51.923 49.6966 52.2364 52.6156 46.2227 55.9037 47.5925 49.9298 54.0876 52.2184 50.335 51.1393 56.4101 47.212 58.2423 51.7109 53.8922 54.1933 48.9815 52.3862 50.9167 52.519 52.7717 54.644 51.9605 50.6333 57.1759 50.9908 53.0715 48.1977 50.4471 50.7291 49.3082 48.1617 54.6113 52.621 50.8632 54.1527 52.6752 50.2746 52.0121 50.383 53.51 50.6155 54.5053 54.4664 55.0917 50.0509 49.7795 55.6099 51.2452 53.0122 52.4799 55.5116 47.4394 49.7347 54.564 49.2185 49.5498 53.551 50.4517 53.956 49.1648 56.284 49.9765 54.2976 54.5491 48.6381 56.9295 50.7309 53.6239 51.0849 52.2228 53.3086 50.9276 49.6521 53.4285 47.0749 46.104 52.507 49.9935 53.8909 53.0698 50.1411 56.8917 49.9519 48.8791 52.8266 52.0471 52.1121 55.7932 52.937 52.2085 54.8302 51.9826 53.6935 52.6543 51.8296 50.8984 54.6992 54.2745 51.8154 54.3445 55.8255 47.8251 53.927 48.1377 52.4794 54.1651 54.3581 51.1998 52.8275 46.781 47.4065 51.2338 45.1573 53.443 55.5721 53.9561 50.3886 51.9223 51.8075 55.4158 49.2921 53.5228 49.0016 54.0249 51.489 50.9111 51.9126 50.9918 54.3489 48.0986 51.6394 48.7973 51.5388 53.2809 49.7868 50.9918 48.231 51.7449 51.0999 52.2538 50.9087 54.3499 44.5904 48.4427 50.0512 49.6639 53.1103 53.9715 51.9702 54.4112 49.6378 50.6844 50.2186 57.3847 55.3204 51.5828 50.1196 52.542 
52.1331 49.183 50.7117 50.2028 48.3603 48.3758 53.4364 49.0609 50.2465 49.5681 53.3901 51.7587 49.6794 47.5967 49.1961 48.8025 49.1983 48.7989 50.6679 55.6666 46.1831 48.8378 48.6268 49.7692 50.0585 48.3017 48.1789 49.3883 45.225 50.3162 51.9066 46.8375 49.8162 51.191 50.9367 53.5136 51.248 52.2224 49.0333 50.5422 50.3577 51.0676 51.428 46.6232 54.3448 49.3455 47.2555 52.3593 51.2433 50.7539 47.6206 53.3913 47.466 54.2024 50.601 51.3177 54.2612 47.0971 53.1117 49.689 48.2935 49.7574 50.8922 49.1646 48.0179 53.0201 48.908 47.9723 49.4569 49.903 49.5689 45.9128 48.1721 51.1489 50.9696 48.7926 52.9225 48.6393 48.7668 47.8479 49.9442 51.3046 46.0936 53.287 50.625 50.9089 50.9693 47.7524 52.5698 49.0059 49.609 51.648 52.3462 45.4479 48.0053 52.5236 47.6081 48.6476 51.5947 49.6227 52.1573 45.3921 53.8575 51.8523 51.742 50.3233 46.2663 52.6715 50.6644 48.873 50.556 49.7847 54.3936 48.4829 45.2077 50.8447 45.9248 47.5087 49.4222 50.2025 53.6572 50.5363 47.5647 52.4664 46.1209 49.8723 50.9938 50.0504 49.6934 50.8468 51.8196 52.0192 52.522 49.0219 50.6269 50.4444 47.7779 47.8987 52.8005 52.1617 52.0682 52.5513 51.6392 47.7874 50.9642 48.479 48.6843 51.1952 51.6688 50.4694 50.2296 47.5602 47.6168 49.3695 46.1507 48.5166 51.1623 50.6737 47.2523 49.439 51.5246 53.1094 47.2616 50.1243 48.3468 50.1804 51.4537 49.5727 48.9119 49.8349 49.4833 46.5521 48.6656 45.5575 49.8255 51.4781 48.8475 45.7935 43.4267 46.672 48.6487 52.246 47.33 51.9562 44.5711 46.4709 48.3593 46.4155 49.733 53.3484 50.7759 50.6957 47.4228 47.8618 45.9026 54.0985 49.4633 48.187 49.6887 49.6721 
52.781 50.5002 49.859 51.1541 52.6048 50.789 52.0496 47.3725 48.9859 51.3176 51.7205 52.7708 48.0236 49.7411 47.6145 52.0722 48.9242 50.0258 50.0061 53.8844 46.1731 50.5155 49.5787 49.5784 53.5087 46.633 50.8233 50.8224 45.7618 48.4765 53.5463 47.8276 45.6567 51.2076 50.1106 54.7197 50.6247 51.4332 50.1609 48.8199 47.7587 51.5594 50.7142 48.3422 55.0506 46.6772 47.6551 51.4073 50.6086 51.1114 49.4828 53.8437 47.4702 53.2648 50.4018 51.4778 52.4292 47.6883 50.7379 51.2129 50.2512 50.0131 52.4224 48.5558 49.276 52.2904 49.5141 49.3879 47.9338 48.4866 47.9554 48.2126 49.698 52.2588 52.0047 49.1607 51.2296 50.8051 48.769 50.2324 47.6853 52.5747 48.0043 51.4964 51.6042 52.9567 48.4677 50.3269 51.6754 50.1573 51.7719 51.5219 51.442 45.6816 47.8736 51.4305 49.4438 47.6087 50.3606 49.2823 54.0183 47.7048 52.9871 49.6929 50.6321 49.7267 46.6736 53.5261 51.8486 49.9129 52.0385 50.0467 52.3201 48.4366 47.327 50.9569 45.6972 44.2601 51.0599 47.7169 55.1833 52.0466 46.5695 50.6413 47.921 51.2252 52.7308 52.445 50.742 54.5985 50.9385 52.4221 54.0808 50.5666 54.2975 49.96 50.8994 49.3986 52.127 52.5117 51.7316 51.5235 54.0676 48.6385 51.8871 48.349 48.0633 53.422 52.5801 50.465 51.9177 46.414 48.6249 49.2986 45.5724 50.5233 52.0557 53.9064 49.942 51.7471 53.0726 54.3943 48.6416 51.6903 49.0103 50.994 48.0195 50.5247 48.3162 50.4318 53.93 44.1472 49.6067 48.2539 48.6386 52.1679 49.4091 48.7201 46.172 49.2225 48.9548 51.5776 48.8534 52.9348 47.3376 49.0689 46.9578 49.0735 47.6869 50.7137 52.3188 52.7309 48.3658 48.652 47.9688 53.1351 50.3332 50.1577 51.1355 48.3988 
49.6631 46.5937 46.3363 47.2281 46.4964 44.2142 49.1547 47.1422 46.7006 49.0417 46.9902 47.6723 45.6821 45.1173 46.4643 48.1262 46.1094 46.2981 45.8569 50.7596 45.2693 47.7077 46.2268 49.9118 48.0008 45.0153 45.6652 47.6265 42.4974 49.3222 48.8696 48.2566 43.9204 48.4894 48.2543 50.8022 46.5555 47.7543 45.7317 46.0029 45.3828 47.4169 49.3141 43.5294 51.3748 46.0496 45.3836 49.7404 47.0161 47.4062 45.2445 49.0683 45.0193 49.8586 47.1114 48.0892 52.1794 45.0315 46.0414 45.6516 46.2904 46.2281 48.5817 47.3235 47.643 47.2204 48.433 48.8601 45.6403 46.7417 43.5595 45.7501 45.5229 46.5676 48.1945 46.2082 50.0282 47.5486 46.1446 47.5216 44.5476 50.3303 44.1744 49.1222 49.082 48.1071 49.6553 45.482 47.7307 47.181 48.6828 48.3433 49.6108 41.4922 47.4892 49.9717 44.6665 44.3334 47.5505 48.3242 50.8997 42.4297 50.6181 48.8223 47.2946 47.6548 44.7844 50.4973 47.5149 48.7662 48.2497 48.2259 49.7121 44.966 43.7075 47.8653 42.0183 42.173 47.8801 44.288 51.664 49.7749 44.3168 48.0865 46.4364 46.1651 46.1638 48.2282 46.7745 46.8084 49.1932 46.3263 48.3701 47.3964 50.2075 48.9481 45.1816 45.8832 49.0494 49.3244 48.3086 48.6163 50.132 44.1543 48.3981 44.3063 43.7623 47.4512 48.6517 45.4065 47.7755 44.7509 45.2086 49.2455 43.8323 44.5467 50.4259 49.9101 43.9338 49.2147 49.511 51.0667 45.8906 51.6057 47.1616 48.2702 47.6554 47.8367 45.8643 47.9407 48.0202 44.5973 45.6051 44.6676 46.5206 50.6671 45.4793 42.9141 43.4147 44.1588 47.2185 49.0908 46.6136 47.0625 43.361 43.7592 43.1282 45.609 46.0484 48.16 49.2159 47.34 47.1454 46.9181 44.9123 50.1325 47.0988 45.6212 47.0758 45.6474 
50.3299 46.5555 50.184 49.258 50.7678 48.4811 49.8636 47.375 50.3623 50.2408 50.5191 52.1155 45.5285 46.5413 46.6363 51.0502 47.0454 49.0274 48.2339 54.6367 46.5196 48.7695 50.2248 48.7882 51.4568 48.5222 47.8748 49.428 44.096 49.9399 53.1011 46.778 45.8401 51.9342 48.8427 53.6864 50.08 50.9359 48.0838 48.9135 47.7867 48.8376 54.1653 44.3529 55.2816 45.4433 47.1762 51.3989 50.4518 50.4118 49.6642 51.8345 48.0043 53.137 48.091 47.7958 52.71 46.6668 53.571 49.0062 51.4089 49.9206 52.7359 46.1429 48.2164 51.9625 48.916 51.4836 50.0777 47.9965 48.7786 45.5411 48.3795 50.7875 48.9937 47.1346 51.5711 48.216 49.1411 48.611 48.862 51.8631 46.1827 51.7816 51.3339 50.615 48.6835 47.0245 50.9018 50.7927 48.5774 50.966 48.48 46.4632 47.8927 51.8499 44.5154 46.2004 53.5716 49.9513 53.2955 42.9218 51.6157 49.7877 48.5674 48.9942 44.9602 53.0822 48.9585 52.574 49.4162 50.0365 52.4151 45.4143 46.3175 50.7862 46.4252 47.1156 51.7416 46.4597 51.4097 51.4425 46.7574 50.7854 47.9831 49.8758 49.1221 50.466 50.3276 50.5762 51.5302 49.8995 51.4637 49.0147 54.7383 49.8664 50.8521 47.5994 50.8545 50.2953 50.3881 53.1809 53.1915 46.8271 50.8312 46.5356 50.0712 51.7076 50.5766 49.5236 47.9492 45.1807 46.005 47.9357 43.3943 48.4668 51.0601 53.4387 47.0066 49.3159 50.6967 53.2899 48.5795 48.0496 48.8416 50.6022 48.6077 49.6501 46.875 50.8642 49.1373 47.9398 49.2096 47.223 50.1457 51.1741 49.4063 45.8555 45.3249 46.7063 49.8226 52.667 50.1808 50.1356 43.7859 47.1061 49.1209 46.0357 50.0988 52.3777 51.2846 52.4184 46.6757 49.3775 47.0213 54.609 51.1532 46.8341 48.7098 48.9641 
48.9797 45.4422 47.5213 46.0742 46.5792 48.5163 48.9409 44.6909 46.6216 45.0851 49.0857 50.0637 45.4278 45.1097 45.8125 47.7725 44.7018 45.4838 47.5153 49.7787 43.2142 46.8626 46.1682 47.9713 49.267 45.9773 47.3459 46.3056 42.8682 49.072 49.7319 44.3799 42.1687 48.1747 47.0219 52.2115 46.3118 46.746 47.4672 46.2225 46.2384 48.7814 49.5527 44.2994 49.9259 44.6831 45.393 48.3516 49.2375 48.7784 43.7021 51.606 44.6392 53.2906 47.6922 45.9761 50.0676 45.7024 46.214 45.2769 47.0453 49.0871 47.8559 47.0496 44.5494 53.1816 45.8599 48.6122 46.6591 45.96 45.6255 43.5876 44.3816 48.5404 48.7918 45.3662 47.9181 49.9665 48.0857 45.6983 45.2439 48.5701 46.8352 49.392 49.4199 50.0259 45.6687 44.3989 48.7977 46.2645 46.1508 48.0458 48.8434 44.1731 46.2936 50.0071 43.5687 44.6664 49.4264 46.8757 48.25 43.88 48.0407 46.6777 47.6628 48.9868 44.0349 49.92 44.9846 49.4631 46.2358 47.9822 49.0975 47.1999 44.3054 48.7952 43.3346 44.6013 47.5868 45.7175 51.2797 49.6385 45.0454 48.1346 44.9959 46.3113 49.7552 47.2302 46.2167 47.7808 47.3988 47.202 48.2799 47.8732 50.3512 47.1811 47.2586 42.8278 49.5253 49.5651 47.6538 48.6587 49.6775 45.4339 47.3599 43.8938 46.2428 48.9576 49.0149 47.0447 50.4926 44.4412 45.1353 44.8964 44.252 49.6732 49.9138 49.8299 47.4207 45.7044 49.8518 50.6383 44.685 48.2501 47.3975 49.7119 48.9859 46.531 47.5861 46.5128 49.1707 45.2389 45.6684 44.3464 47.6182 48.4139 46.0536 45.6968 41.7333 45.501 44.618 48.1303 47.4635 47.7713 41.7437 42.4579 46.2537 45.5347 47.5146 48.224 51.0123 50.5127 45.6455 45.1917 43.823 51.5546 48.749 46.9341 46.7081 46.9331 
54.661 51.9659 53.227 52.7188 53.4733 51.1344 56.017 50.3766 52.9731 54.4412 52.4761 55.1824 50.4242 47.1663 51.3756 53.5616 51.7797 51.5543 50.7108 58.0578 50.3965 50.983 53.5412 53.7677 55.8362 49.1132 52.6884 52.9244 48.7098 53.0932 55.3927 52.5233 49.1274 53.4635 55.5457 58.8238 54.3885 54.1328 51.6867 51.8826 51.4275 54.3936 55.5846 48.8559 56.8566 50.2836 49.9427 53.5135 54.6333 53.256 52.6985 55.163 51.6849 56.5198 54.301 52.7167 54.2913 48.7523 53.0692 53.0326 54.5598 53.2625 57.5656 52.9576 53.8225 55.1523 52.7722 51.702 53.351 52.4059 51.0026 49.7566 50.123 56.2377 55.3438 51.1593 56.0066 53.7394 50.581 52.6232 50.3491 54.5981 52.1358 56.5651 56.0508 53.1848 53.4898 51.5677 53.9922 53.1534 52.19 53.1188 54.5397 47.8773 52.396 53.2621 49.4638 49.2335 53.0277 53.7942 56.3519 46.6773 54.3988 51.8864 54.3208 53.2665 51.0838 56.523 52.1691 54.0906 54.6606 55.0416 55.3859 51.8867 50.5277 56.0726 51.3982 48.5766 53.6249 51.6616 57.1208 56.0938 48.3071 54.037 49.8737 52.6189 52.8952 54.5197 54.0654 55.7775 55.2327 54.3604 54.5634 53.1496 56.5505 54.1448 50.929 53.0271 57.2043 54.2798 51.3075 57.0089 58.662 50.9227 57.7322 52.8767 52.3709 56.3677 54.7217 54.023 53.4751 50.0431 49.0997 52.1969 50.1317 51.5728 56.5728 55.4395 51.944 54.8251 53.6297 56.3237 49.7805 55.3917 50.8536 55.6703 53.7235 52.9911 51.1384 52.6092 53.5033 48.6544 51.2437 50.4607 53.9843 55.8965 53.1682 49.1839 48.1309 48.5954 53.7309 54.7711 52.1854 55.7464 46.0575 47.7117 51.553 50.0017 52.763 55.2167 55.9335 54.8614 51.95 51.934 51.39 57.1825 51.0431 49.3216 51.2527 54.1002 
53.6623 47.3569 52.6546 50.0662 48.3519 46.9931 49.1592 48.8708 49.2993 49.9341 49.7875 52.6861 48.4091 48.6311 48.2962 47.8798 46.3943 50.6508 47.3689 54.6298 47.2974 49.9933 47.9504 48.8337 53.8722 47.6023 50.2603 50.3227 45.0804 46.6643 50.1845 48.6633 45.5178 52.4811 51.2452 55.186 49.3989 52.6535 47.6464 47.3262 45.7323 50.4276 51.8346 45.1843 53.4546 46.554 48.2006 50.6322 51.9902 47.4055 48.5132 52.2828 45.94 53.5657 52.598 49.987 53.2988 45.072 50.5796 47.6473 48.8612 49.9746 50.4005 48.4077 47.0724 53.4139 49.3682 50.7319 47.667 48.2454 46.9778 46.323 48.7956 51.9855 48.6709 49.2913 51.6164 47.479 49.775 48.238 49.1062 50.016 48.1573 52.4037 51.5643 50.103 48.3342 47.7522 51.7564 49.3216 48.2695 51.5068 51.3024 44.7478 48.6006 52.3773 47.26 46.6474 49.0016 49.464 51.8366 44.6097 53.407 47.1815 52.6712 49.9328 47.4209 52.1487 52.0899 50.0052 51.5029 49.3232 54.0162 49.2475 46.255 48.5451 44.7765 45.0471 50.0316 48.4419 52.9541 49.956 49.6648 52.3907 48.2463 48.4886 49.7683 51.0061 49.1731 50.8579 48.5992 51.6807 54.0729 49.2196 52.3182 50.7321 48.0586 44.1054 51.5877 53.0105 48.4924 51.7362 54.1699 48.5119 52.6819 46.1637 50.0682 52.3642 51.3118 50.2982 52.3924 45.411 47.7987 48.9501 43.7785 48.3087 52.4752 50.7356 48.3159 48.6276 50.9325 51.9338 45.555 49.9292 47.494 48.8761 50.6581 49.7362 49.0154 51.4828 48.8422 46.6998 48.7602 44.0932 48.109 49.9799 49.0392 45.2178 46.4325 46.1908 48.5899 49.5577 50.5319 51.2456 45.4318 45.5671 47.3529 47.3203 49.7983 51.3071 51.4365 50.8402 48.4603 48.741 48.9582 54.971 49.8653 50.544 49.096 48.6505 
53.6196 46.5611 50.7267 50.4254 50.3117 50.0158 51.647 45.4635 49.6582 50.997 50.6276 52.5511 46.3843 50.7275 47.305 53.5826 50.5711 50.1086 48.7377 54.7819 48.7355 49.1249 50.5725 50.5684 52.5597 48.1266 49.6343 50.0008 45.7545 50.1708 53.1977 48.2114 46.5415 51.667 49.8116 53.5225 50.3492 51.2591 50.0314 49.207 45.6101 49.7571 52.4409 45.4321 54.2679 46.8549 48.8974 51.8653 51.1422 50.2794 48.1244 53.2375 46.3618 54.58 47.6955 48.8722 50.7093 46.8583 49.6058 49.0102 50.366 50.6031 54.4534 47.6248 47.1919 53.2161 49.218 49.3405 49.3278 49.8999 50.5304 47.1773 49.2076 51.8413 52.3156 51.0838 52.7202 50.2708 50.9883 47.88 49.3644 51.9712 48.2734 53.2326 52.2446 52.1167 50.2644 46.8302 51.4096 47.946 51.9263 50.9489 50.7001 43.6932 49.5778 54.1709 49.0917 46.8607 50.7879 50.1869 50.9959 44.8079 54.2408 50.4179 51.0111 50.4258 47.7045 54.5113 50.6619 51.2347 48.8953 51.1645 50.5297 48.3837 45.7437 49.6834 47.765 45.3025 51.8733 48.8988 53.5697 51.2714 47.2314 49.9174 47.321 48.3777 51.275 51.6523 50.7143 51.7241 49.6466 51.7055 51.002 49.9879 52.1085 51.3431 47.8269 46.4752 52.1196 51.9407 49.8953 52.431 53.3165 46.6531 52.4747 46.7204 48.7814 51.1386 50.8782 50.3259 52.85 46.1649 46.2729 49.9641 48.6489 47.9169 51.6498 51.3452 48.7287 51.2628 49.7203 53.8408 49.0478 50.7453 47.6147 50.4316 48.7138 51.876 48.4878 50.6871 52.7331 46.599 50.7147 45.2603 50.7908 50.5181 49.1697 47.3383 46.6138 46.1743 47.8003 51.5932 48.1828 51.6205 45.081 47.2818 46.573 46.6885 50.0976 53.487 52.2954 52.5087 49.2802 49.4249 49.3401 54.875 50.6771 48.6522 48.6417 47.9852 
51.3758 46.876 46.985 47.6399 45.2397 43.6901 49.2181 46.2732 47.7409 48.7349 51.4573 51.8275 46.337 45.7315 46.6898 49.0043 46.611 44.2172 46.0153 52.0788 45.9951 47.4159 47.7386 47.6859 50.6168 46.5012 46.8434 48.6326 42.5596 48.9197 47.5752 46.4947 45.5234 50.6308 50.931 53.8508 48.4068 50.5519 44.3069 46.5224 45.7762 48.8935 48.0937 44.3437 52.9015 45.6778 45.3332 48.2237 49.3412 49.9862 45.9594 52.4656 44.5395 52.0486 47.7471 47.4419 51.5957 44.3025 49.7244 48.7734 46.2019 46.6755 48.9689 48.2594 46.9886 51.0408 47.7645 46.2109 46.717 48.3946 47.1317 44.3783 44.1024 49.8295 49.0981 47.9391 51.3081 47.3499 46.5903 45.9569 46.7048 48.5777 45.1918 52.2562 50.2264 48.7589 47.4295 45.7592 47.9408 46.6403 46.4652 46.7005 49.5484 42.5383 46.4983 51.2055 44.7732 46.4556 48.8912 47.4808 48.4201 44.0949 51.8839 47.7678 49.9749 48.6744 43.4082 49.7309 49.1478 50.0505 48.5823 48.6704 49.6918 46.2557 45.7236 49.713 45.9596 44.1587 48.7251 46.1339 53.3261 48.4852 48.4094 50.7273 45.0868 48.5738 49.3271 47.7322 46.0764 49.9658 50.3512 50.0034 50.6937 46.1836 49.7738 47.4955 47.6788 46.2318 50.3792 49.103 48.4405 51.2523 51.5099 46.1549 48.6679 47.5855 48.8649 49.7195 49.1005 48.0898 49.2224 47.4047 44.6303 46.9185 45.7603 46.1334 49.6727 50.7524 44.9065 46.8273 49.4027 48.9773 47.464 48.2494 45.567 48.2813 49.0823 49.5404 47.2155 49.403 47.4504 43.1388 49.2122 45.0642 47.6309 47.832 48.161 44.2407 46.7178 44.2023 47.9385 49.101 48.4608 50.9308 43.6697 44.6727 45.5041 43.9143 49.4392 50.0029 49.1983 49.5219 47.54 47.6768 44.4106 51.8315 47.2228 45.9737 46.0809 49.7132 
52.8398 47.3735 49.4947 48.4249 50.0976 50.1494 52.8413 47.3863 50.164 51.6124 53.2818 52.7624 48.8329 48.3666 49.3859 49.9524 49.3007 48.6843 48.2614 56.0026 44.2481 52.6607 50.364 50.6086 53.4089 47.9602 47.5378 51.1793 45.0653 50.845 53.4449 48.6245 46.8268 51.1199 52.0198 56.8676 49.7952 50.3935 50.4024 48.0979 47.2279 50.5315 49.3772 47.7282 54.4085 48.3244 47.5245 51.8243 51.9984 50.5041 50.3789 54.9148 47.1662 53.3004 49.5617 50.2132 50.7192 46.8458 50.1018 50.1443 48.5448 51.7399 51.8339 49.7227 47.6306 51.3057 50.9214 50.1572 49.5478 51.6343 46.9549 49.941 46.1548 53.0502 51.2534 50.4623 51.1303 46.9871 49.0329 50.6166 49.6338 50.4913 47.528 53.5583 52.8047 51.2032 49.7211 46.4805 52.4788 49.1218 51.4883 50.8384 52.1709 44.73 48.0488 49.1486 49.3334 45.446 49.0857 50.347 54.3573 45.2759 52.1252 48.7714 50.8866 49.1006 46.2988 51.8359 50.6303 52.7108 50.9287 51.2035 51.2695 48.7355 46.5417 49.2627 44.6056 44.7668 50.4725 47.956 53.1239 51.8931 46.5791 49.8194 49.4666 49.3939 49.414 49.4164 47.8148 51.4806 52.7066 51.0174 49.2612 49.1454 52.6434 50.8666 50.2591 48.9975 53.2044 54.3634 51.8437 49.8661 54.3127 49.7783 51.4805 47.4614 50.5562 52.9678 51.239 51.1001 51.9481 49.0387 45.5825 49.5842 45.4355 47.8523 52.519 51.8554 49.05 52.5938 50.55 53.1042 47.0711 51.7693 45.9963 51.6475 49.6409 51.5317 50.0365 51.7403 51.2826 46.4215 51.3806 46.126 51.6584 50.7986 49.8175 45.716 46.5979 47.1664 49.1958 50.0573 48.8685 50.2434 45.2621 48.0645 47.4569 50.2882 50.6203 53.1394 53.5173 51.6038 50.4274 52.1607 47.8531 50.7984 49.5331 49.9437 49.5372 45.9515 
51.0612 47.6775 47.7512 49.1507 49.8917 48.4228 51.4201 48.2606 50.2497 49.3958 49.1345 49.3973 46.5493 46.3198 48.2095 50.2681 46.1436 46.7956 48.1348 51.9905 45.1941 48.9122 47.8707 49.5458 50.8968 47.713 49.3463 50.4702 43.8047 50.3405 52.3621 49.0492 43.2349 49.2036 51.9126 54.933 48.5652 48.7187 46.4815 47.4005 47.8444 47.5665 51.6797 45.0611 53.562 45.6651 42.1551 49.3861 48.6195 50.1018 45.971 50.6548 46.4143 55.4939 50.4899 49.9944 51.17 46.4118 46.3576 47.5347 49.4192 48.4733 50.3665 48.1786 48.9455 51.6551 49.8351 49.4994 47.4589 47.8297 46.0777 45.5225 46.6876 49.5592 48.6795 48.3859 51.5822 49.5835 49.5438 48.6123 47.5971 52.6368 48.7845 51.9185 50.5503 49.8358 49.9388 46.3777 47.9477 47.8543 47.2537 49.3819 50.1605 44.1434 47.5703 51.9802 44.62 48.2599 48.2706 49.5358 50.8732 42.5267 49.2885 47.6193 52.4832 51.2079 45.5953 50.7216 47.0247 52.0218 51.8659 48.5707 51.4738 48.1937 43.7082 49.7345 45.561 43.7329 47.7066 46.1837 49.6615 48.7829 46.0806 49.7774 45.7804 46.5464 48.9556 48.7468 47.4883 50.6682 49.4235 50.0603 48.911 50.1288 50.511 49.651 47.5958 46.5194 50.6891 49.8531 46.7588 50.0657 51.6139 44.4778 51.3212 45.9263 46.9233 52.8435 49.3405 49.4517 49.9449 47.1619 45.5355 48.4041 45.0098 47.378 50.4465 49.0639 49.639 49.8629 47.7255 53.4703 47.9579 50.6714 45.1214 49.3288 48.0103 47.1513 50.555 48.0601 50.2828 45.0208 45.8724 45.0858 48.9047 49.1334 47.0887 47.2821 44.4479 46.3452 48.7344 48.546 45.9567 49.7 44.1439 46.2783 45.9411 46.2506 47.0469 53.0159 53.1686 51.7988 47.2039 45.849 47.9481 51.9143 48.4449 47.1258 47.002 49.4318 
50.7797 47.8843 48.2054 49.2355 47.2296 47.2399 48.8077 46.8786 47.8716 46.4804 48.0915 51.1384 45.9088 43.8769 47.3181 46.3836 45.5024 44.9786 46.2147 52.4356 46.3544 47.075 47.553 48.9909 50.6 44.6942 46.8796 48.1117 42.9127 47.3169 49.487 44.7844 42.7961 47.9744 47.5589 49.9086 48.1018 48.1844 46.4453 44.8113 44.5466 48.9606 49.9738 43.9786 50.9224 46.966 44.0699 49.9428 49.8238 47.1936 44.3461 52.0162 43.8968 51.5996 48.0813 48.1393 49.3627 41.8025 48.5419 46.8338 45.7194 47.1357 49.1852 47.4416 44.2435 49.6223 46.14 47.0211 46.2475 44.4456 44.6178 45.2259 44.5702 48.6111 46.1165 45.9907 48.3204 46.9399 48.3389 47.8185 45.1976 48.0515 44.3856 50.2622 49.3883 48.8805 46.1383 42.418 48.0182 47.6125 47.3493 47.9205 48.542 43.2905 46.2234 49.2886 44.649 44.8649 49.47 45.9639 49.515 42.6712 50.6246 47.4221 48.1224 48.1555 43.0799 51.9297 47.4199 46.4887 50.6961 46.7103 49.6168 46.2861 45.3367 48.3872 43.2765 43.475 47.2923 45.9343 52.1532 46.9385 45.1738 49.3563 44.7484 46.0831 48.3245 47.7032 46.8028 50.0983 48.3932 49.1745 51.0239 45.8964 50.7577 46.6982 48.141 44.8646 52.3364 47.3308 47.2326 47.8653 48.7847 44.7784 49.0579 44.7195 49.3192 50.8658 49.0339 47.8875 49.7687 43.2351 43.3998 47.308 41.381 47.0854 50.3859 47.1267 45.8645 46.1248 50.1204 49.0145 45.6851 46.6046 44.4927 47.7574 47.9407 46.684 45.5514 47.1277 48.639 45.4685 47.9531 44.7662 46.4743 49.3021 47.3501 47.0656 41.9705 44.5268 46.6838 46.9431 45.8837 49.5188 42.0235 46.7537 44.5404 45.8361 46.8055 49.9003 47.7177 50.0578 45.1968 45.7361 45.1464 51.2502 50.0823 45.2901 45.9083 45.8549 
50.2275 43.6503 48.6436 50.032 48.9153 47.4289 49.0689 46.9167 46.5181 48.5585 50.934 51.3777 46.1484 47.948 46.9437 48.1435 47.3751 45.959 48.316 51.5664 46.2315 47.841 47.1864 46.2249 49.8141 47.5226 47.2852 47.6817 42.9032 46.8293 50.0378 45.2919 44.8749 46.5694 49.3497 49.8029 50.4888 47.9002 48.5241 47.6422 45.2654 49.8691 48.6555 46.2077 50.8362 48.0792 44.2994 50.0636 49.2595 46.9953 45.2796 51.9019 43.0496 52.1063 48.3634 47.333 48.347 44.5123 47.538 46.7449 47.2224 46.8142 47.9292 45.1247 45.5755 49.997 46.305 48.7274 46.8718 48.283 46.0414 45.7623 42.7812 49.0399 47.8729 46.4654 49.6988 46.4879 47.6469 47.8618 47.1972 45.324 44.3823 50.9702 50.3999 46.9208 47.8325 44.6161 50.5679 44.4177 48.8332 48.0946 47.8557 44.6089 46.9464 49.9495 46.5283 44.0176 47.7792 47.3101 50.4511 42.301 50.4559 47.6771 48.5409 49.2878 42.5915 50.1649 47.4284 49.1558 50.239 48.539 50.3275 45.6094 45.1641 47.5423 43.4693 45.6864 46.3536 47.3274 53.9716 46.8945 47.3016 48.1338 46.82 46.44 49.2208 47.639 45.7335 50.025 48.4276 49.2766 48.8836 47.7693 52.3305 51.0902 50.1505 47.0029 50.2695 48.9279 48.0362 48.2916 48.5383 45.3315 50.5632 44.3706 48.5103 49.5742 46.7398 47.1484 49.3665 46.637 45.14 47.0267 42.9507 47.9745 51.8318 48.3189 46.9718 49.817 47.609 49.2666 45.1722 46.3168 43.9287 46.9514 47.4846 47.7152 45.18 48.8804 48.3513 44.1079 47.4287 45.2119 47.1904 48.9059 49.0562 45.4868 44.0004 43.6249 47.9803 46.9172 47.6 47.6071 42.8505 45.3572 44.8613 45.2038 48.8101 48.0777 50.2632 50.2315 46.7166 45.4313 47.7677 49.4439 47.2606 46.1879 41.8364 45.7992 
49.9742 47.2808 50.4727 48.2883 48.2182 47.7051 50.0661 48.0645 49.8555 47.5872 49.5938 51.3001 46.393 48.2296 48.6627 48.9248 47.6067 50.0027 48.6267 51.4389 45.831 48.1159 45.8895 50.0825 49.9869 48.6817 47.549 48.3401 43.7424 50.5089 50.8926 47.2821 45.1963 52.8492 49.583 55.9344 48.8175 50.2461 49.1313 48.7474 47.6381 48.7939 50.2868 45.3169 52.7131 46.0843 45.2651 48.4799 50.8364 50.6371 48.4459 53.5961 45.9755 54.8053 49.9197 51.3416 49.1623 45.8822 51.523 47.2774 50.4756 47.3696 49.9045 47.9081 48.5072 55.1653 50.1144 49.6121 46.5099 47.7933 47.9307 42.744 46.7931 50.8759 49.7883 47.0683 52.4981 50.0835 49.0769 47.8789 46.1749 51.5794 47.1296 52.6288 49.8905 51.8721 46.4162 47.3901 49.0785 48.9743 48.8823 49.3775 50.6368 44.1834 46.3463 51.9728 44.8783 49.4083 48.7747 46.3788 52.3364 44.78 50.5378 47.8071 51.3472 49.8835 44.8456 49.422 48.954 52.2881 49.3089 49.5206 52.0105 46.4853 45.8467 48.0807 46.2188 45.7481 48.7684 48.3299 52.6449 49.3369 47.8008 52.0651 46.2085 48.3213 49.7948 49.8493 48.5754 52.0535 51.5249 50.6232 51.413 50.6754 52.505 51.1818 49.2887 44.5397 52.2348 52.362 49.6594 51.7483 51.6415 45.9356 50.0782 45.142 49.5208 51.0574 50.9664 49.8633 51.2388 44.2593 44.4619 47.6546 43.4305 47.5416 51.337 48.4824 48.8778 49.441 47.9617 51.8307 45.8234 49.8319 46.7634 48.8139 49.1329 49.0283 49.1318 47.3759 49.0785 47.1087 47.8315 45.8007 49.1496 48.5843 48.6798 47.0669 46.4748 47.2774 49.5854 50.199 49.6859 52.2288 41.7975 45.5494 44.982 49.0269 48.3103 51.4418 49.0853 50.1373 47.6314 47.4265 48.2262 53.1341 48.9076 47.0716 49.2503 49.7956 
55.3957 49.2166 50.0067 51.0974 51.2639 49.8949 50.9627 49.3462 52.5677 49.2634 53.4428 55.5182 48.9764 51.8283 49.4573 51.2744 49.2974 48.6877 51.4099 54.0745 49.1179 51.9362 49.7395 51.4614 55.3572 49.5178 51.1297 50.8437 45.0457 52.535 54.4455 48.9127 47.7399 53.5924 51.1683 57.7612 51.1968 50.495 50.6265 49.8553 48.6625 52.7534 51.3812 48.3862 54.5093 50.2303 48.5783 50.5871 52.2777 52.5903 52.3838 55.0038 49.9023 57.3102 53.9125 50.422 52.3056 46.5044 52.2355 49.8165 52.455 50.3142 51.8811 50.0365 50.7714 54.4106 50.8783 50.6061 50.7868 50.6462 49.6391 47.8155 48.2158 51.883 52.3573 48.4807 52.9933 50.6957 51.0947 50.5035 48.949 51.1314 49.1079 55.9973 52.3056 53.8649 50.497 48.7124 51.7215 49.8698 51.2057 50.8624 53.5202 45.9486 52.1135 52.3698 46.8382 48.986 51.6453 51.7409 52.3433 45.9345 53.3583 49.6621 51.9797 54.3516 47.4732 55.5471 52.2881 56.2374 50.7766 53.2601 52.7215 51.0442 49.4922 49.3861 49.8659 46.6861 52.348 48.8063 55.7565 53.9882 47.4887 52.4972 49.5572 49.2395 52.9091 52.4356 49.8565 51.538 51.6668 52.9036 53.5573 52.1603 53.4094 51.5654 53.1062 48.6545 52.9309 53.0768 50.1078 52.9951 54.4345 47.6446 52.4812 48.1278 51.0997 51.1938 50.6795 50.6665 52.6384 50.1552 45.8036 51.4098 46.1408 52.6904 53.8337 53.7099 50.28 49.7488 52.5678 54.7986 49.691 52.8303 48.6877 54.5519 52.1286 51.6481 50.1569 50.3977 52.2053 48.3521 51.2417 49.48 52.1486 51.1856 47.7947 46.6553 45.4527 49.3454 52.2023 51.2508 51.8482 51.7009 44.9692 49.9289 48.0285 48.5236 49.9839 52.5211 52.0293 50.8072 46.0472 50.6897 47.313 55.1672 51.1871 49.4728 49.2243 49.8621 
58.1824 53.5626 54.8775 53.7887 52.494 52.5945 58.035 50.9196 53.3361 55.1406 54.7361 57.2304 50.0224 51.9574 53.0218 55.6839 54.0695 54.3016 52.8697 57.3748 51.634 52.8506 52.3765 52.3687 54.7206 51.9233 52.4634 56.4152 48.2439 55.921 59.0956 51.0213 50.3696 54.9449 54.9031 59.0164 56.5404 55.3772 51.8984 53.4723 52.2437 54.1219 54.7569 52.0149 59.7355 50.3236 50.8357 55.6409 57.2179 54.3429 52.8539 59.3263 52.1784 56.7764 55.156 55.2219 55.2026 51.0131 55.0856 53.1914 54.9124 53.2604 57.0468 54.5544 51.4747 58.0833 53.494 53.9334 50.7173 52.6457 50.9544 50.6402 50.4587 55.1075 54.6761 53.2774 55.6208 53.4319 53.4657 53.3227 52.0495 54.7621 49.8011 57.215 57.5187 56.5699 54.4928 50.5365 56.9509 54.1399 54.9549 56.0576 55.8586 47.9392 53.2397 57.2364 51.8849 51.234 56.174 54.0864 57.5414 49.8628 56.3191 54.8654 54.3533 55.3362 51.2088 60.4655 54.8883 57.6309 53.996 54.932 55.7658 50.4274 51.843 56.2052 49.9861 49.7978 52.588 52.6893 59.0071 55.3554 50.2647 58.6281 51.7516 54.3793 51.7713 53.9199 55.0097 54.4279 54.5774 55.4198 56.778 53.4941 56.0962 53.3382 53.7512 51.4468 58.4487 55.7123 54.9963 57.9593 57.2697 51.0043 57.4863 50.5982 54.9539 56.5795 55.1384 55.2714 54.5263 51.0631 47.9733 54.4481 50.5967 55.7298 53.7192 53.3733 53.1305 54.2799 56.5787 58.7508 54.8221 56.1875 53.7121 54.3637 53.0815 55.3189 53.4744 55.7609 55.7458 50.6474 54.1035 50.9812 55.5159 54.7886 53.6327 52.5173 50.9578 50.8588 52.6889 54.8117 53.9979 56.3409 50.3573 51.5977 49.7355 51.9069 55.9113 56.514 56.1275 56.9359 51.7595 51.0142 49.5384 57.7386 55.6061 52.4613 52.046 56.1603 
54.0971 49.4435 50.7527 52.2002 51.6893 48.1001 50.6464 48.7968 49.7759 52.2877 49.9674 54.8035 50.6238 49.4782 50.009 52.255 50.8357 50.1879 48.1671 54.5921 51.0148 51.715 49.7329 52.8869 53.5707 49.7898 51.2288 49.7597 45.9817 50.3949 53.7079 51.9678 48.6005 54.1128 52.2402 55.7337 52.2023 51.9078 48.8909 49.9531 47.8393 54.3352 52.3865 47.7881 54.7429 47.0916 49.3085 52.4561 52.2483 53.8455 49.5987 56.1674 48.6088 56.4302 50.1169 50.7741 52.6604 48.1943 52.0923 49.6662 51.7883 50.6614 54.3258 50.8682 51.4273 55.1063 51.2745 54.0246 49.5462 49.1993 50.7873 48.0109 49.7264 52.601 53.0833 51.461 54.1525 51.4151 52.943 51.4533 50.9966 53.2582 49.7555 53.1483 52.7887 52.0425 51.3606 46.7186 51.9176 54.5066 50.4682 50.8203 52.7752 46.4917 48.8383 52.8674 48.4637 47.9906 52.7081 50.6717 54.5981 45.8989 53.0699 51.0336 53.1401 51.9863 48.6327 55.2989 50.0466 52.5939 51.0634 54.2125 52.2615 50.9614 51.4368 53.1155 50.1584 47.388 52.1798 47.5378 57.2054 53.05 47.5693 53.181 49.2624 51.3979 51.6346 52.9695 51.4687 53.1827 52.6091 53.0363 54.2627 52.1999 51.4852 52.1899 50.9316 49.0922 55.8247 54.8292 50.7402 53.3121 56.2132 51.1742 52.4671 49.6456 51.5267 52.3252 52.3922 51.4715 54.5859 47.2127 45.6171 49.361 47.1697 50.288 54.8125 52.7047 48.3728 52.7882 54.126 54.5631 48.9003 52.4733 50.1249 53.7824 50.9475 51.6454 49.985 53.9705 54.883 49.137 52.3089 49.7271 52.9303 52.8793 51.252 48.6311 48.8513 49.0609 50.822 53.6338 54.0345 52.3962 45.8529 48.3647 47.3941 50.4067 52.3418 55.6828 52.7029 53.1844 51.7693 50.7659 46.5619 56.1735 49.3666 50.2538 48.814 52.0378 
53.5669 50.4575 50.1246 50.4125 51.146 48.8991 51.0811 48.5257 50.6566 50.4917 50.2626 55.024 49.5117 47.1947 48.8545 53.1376 46.7169 48.9916 50.3565 53.502 49.487 49.198 51.8 51.0202 54.8768 47.0513 50.1727 50.1029 46.1801 51.7203 53.1478 50.7742 45.1956 51.4312 51.9877 54.9916 53.2342 51.787 50.8611 47.5307 47.8877 53.3677 52.5434 48.0712 56.1548 46.7255 46.5679 49.488 51.8719 52.5961 46.8584 53.558 48.7827 55.2952 50.552 50.0693 51.6408 46.5675 50.965 49.337 52.9933 48.7072 52.0268 49.7546 51.6961 53.5445 49.1953 50.4634 52.0228 48.2176 48.4901 48.0045 49.2544 51.0076 51.2688 49.2629 53.2428 51.9789 53.253 48.7686 48.8546 53.1839 48.3752 54.1826 50.9811 49.9888 49.5276 48.6338 50.3046 50.2939 49.3101 51.0218 51.7941 45.3799 48.0064 53.7459 46.6564 47.5043 52.4779 50.5792 52.3122 45.0617 54.6837 50.7609 50.6158 52.9219 50.147 53.4949 52.6221 53.1915 51.5597 52.3275 51.8768 47.9629 48.2367 52.892 47.5943 45.7417 50.1102 50.0112 55.1786 51.8947 48.8001 52.111 45.4842 49.1649 53.618 50.5753 51.6197 51.615 51.9943 53.5513 50.5391 49.6678 52.1515 50.5448 47.7112 47.4502 53.7401 52.4038 48.3853 54.6867 54.331 46.7931 52.466 47.8426 49.5904 53.5767 52.4777 50.8703 51.2975 48.1385 46.2255 52.4064 48.4201 50.1306 52.9889 52.2639 50.2898 49.5745 50.5695 55.3644 46.5385 50.9246 47.29 52.5994 48.5257 50.0859 52.9617 50.1769 50.4351 48.4006 49.1862 47.9214 49.1009 49.9942 50.23 47.356 46.3175 47.035 50.1523 53.0633 49.6072 53.7192 43.6633 50.9859 46.5264 49.0172 50.693 51.5833 53.3198 52.4123 49.7074 47.756 48.6101 54.3036 51.4857 46.2424 50.1633 49.6844 
53.3718 48.852 51.5442 50.7763 51.2076 47.6696 53.0567 51.1512 48.8241 49.8767 52.9893 55.059 47.3756 48.3816 48.9908 51.6973 49.117 46.4832 52.1781 53.4032 49.0413 49.9969 47.8832 52.4069 54.1643 48.8814 49.6981 50.1048 43.2532 49.383 52.8392 50.2686 46.8409 51.3212 52.3751 57.1444 52.3086 52.1749 49.3138 49.6359 52.3703 50.784 50.1781 46.3737 55.958 51.3131 47.3671 49.2777 53.144 51.7626 47.5254 54.388 46.072 54.6822 50.6589 49.1338 53.0782 47.4045 50.8703 49.1472 49.4636 50.0204 52.4954 50.6053 50.1144 51.94 50.2104 51.0309 49.4895 48.8982 49.1014 46.0073 47.3493 54.2499 51.2134 49.1805 54.5016 48.4661 48.7093 52.5122 49.49 50.225 46.9432 55.321 52.9893 51.6284 50.5049 47.5402 52.2024 49.6885 51.1492 51.7294 53.2065 45.5229 51.3765 51.2409 47.1977 46.6232 50.282 49.3897 52.7958 46.4942 53.3464 50.7962 50.1962 51.232 46.0957 52.6134 50.0849 51.9554 52.0668 50.9468 51.4651 49.1034 48.3051 50.3997 46.7024 47.9814 51.6284 48.1668 54.073 51.0713 48.5513 51.1055 48.8063 47.7649 50.7481 51.1846 49.9122 51.4224 51.6671 50.9839 52.9995 50.7077 51.9812 51.9355 49.9749 50.7533 51.7103 51.5841 50.6733 51.8949 51.8804 46.9735 52.3826 46.4554 48.6082 50.9241 52.5223 51.9535 51.9423 49.7616 47.0219 50.824 47.5921 48.1684 55.9466 51.8108 49.374 49.6356 50.0798 52.8307 48.2496 51.5507 46.9915 52.6873 51.8591 50.2764 49.7975 52.1678 50.3149 46.8395 47.5033 47.0428 50.8588 51.0423 48.313 45.6257 46.0249 46.4499 49.402 51.5883 51.4748 51.5264 46.1544 48.1193 46.7677 47.3202 51.9493 52.4635 51.481 51.2666 48.4556 48.2473 47.8775 53.9796 50.1863 47.4618 48.6876 50.3682 
50.1517 45.9469 50.8607 50.115 49.616 48.1163 51.5813 48.0678 50.049 50.5039 50.876 50.7695 47.8216 49.7161 49.9139 49.2879 49.3809 49.1303 47.1866 52.7815 48.4646 49.4512 49.0113 49.6664 54.0321 48.8975 50.2228 50.4288 45.97 48.4329 52.1456 48.9083 47.1053 51.7993 52.8534 54.2006 50.584 50.1607 48.6219 48.9433 49.858 50.7286 49.2821 44.6148 54.8963 46.6018 47.7515 49.9176 50.641 48.8026 48.5627 52.9424 46.6585 54.4991 52.9854 47.3515 51.89 46.046 51.0318 48.9238 48.0362 50.7031 49.8892 49.3608 48.381 51.2647 49.0188 50.4143 48.8967 48.9278 48.2816 46.7181 48.4604 49.378 48.3934 47.7701 52.1632 50.3139 49.1402 49.6147 47.1925 47.9928 47.0598 50.6645 51.097 51.9849 51.028 46.4459 52.7942 50.6465 49.9082 50.4321 50.7313 44.6919 48.1027 51.1107 46.7659 46.7661 49.1615 49.0788 52.8383 44.6778 50.8622 49.561 50.1511 49.0548 45.4857 50.9471 50.918 50.8339 51.9463 52.0924 50.5571 48.2742 42.6934 50.2831 45.896 44.3436 51.1205 49.6399 56.2183 48.4381 47.0619 51.7774 46.5208 48.3664 50.7571 50.5082 48.0397 51.577 50.497 51.9291 52.1064 50.7405 52.0531 48.804 50.1355 47.0944 51.8337 50.1463 51.3982 50.7454 52.0454 46.9001 50.5881 46.5913 50.3901 50.7652 51.8886 50.8588 50.2839 46.3156 45.4635 49.7021 45.6629 48.7135 50.4499 49.5776 48.6903 49.1424 48.5484 52.69 47.4839 52.6745 46.3759 50.0746 48.6787 50.9596 47.4947 52.1741 50.1114 47.7748 50.3871 47.1641 48.6852 49.1799 50.7219 47.2854 45.4556 45.8503 49.238 50.0902 48.4849 50.5671 47.0409 46.7846 47.359 48.387 48.8408 51.0053 50.0517 48.8512 46.3921 48.4358 45.6265 54.0141 48.8223 49.336 48.6945 48.8402 
52.8473 47.6903 51.2024 50.2583 51.2454 49.4743 51.4884 50.3145 49.7935 51.0463 51.5309 52.4668 46.0296 45.8271 48.643 49.4146 48.912 49.2964 48.5122 54.296 49.2224 48.4411 47.6095 49.3089 53.1404 49.8153 48.5513 51.5911 44.6699 49.4124 52.8351 48.9144 49.2984 51.4419 49.2951 54.5474 50.5534 51.5066 45.6019 47.9373 48.9942 52.0047 50.0223 47.5279 55.2958 47.7407 47.1965 51.9385 51.804 51.5641 48.7555 53.1953 47.2649 52.1073 50.0742 49.8973 52.1588 47.7602 49.9092 51.8394 49.8535 50.29 51.0378 49.4673 49.6976 51.7626 50.6651 50.8472 49.0037 51.2948 46.498 45.2892 43.599 53.791 49.6694 47.8897 53.407 49.8552 49.6202 50.66 49.843 51.6118 46.8074 53.6443 52.511 52.1862 48.0362 47.1242 50.7721 49.3713 50.1448 49.1133 50.206 44.8748 48.2344 51.8331 48.2343 46.6949 50.9294 48.907 52.6161 45.2149 51.9627 49.9247 52.7761 51.2443 44.0871 52.3063 49.1706 54.3116 52.2133 47.535 53.8677 47.0895 46.4179 51.1504 47.6287 45.3384 49.0058 49.4744 55.3815 49.649 48.3697 51.2942 46.9607 48.1576 49.8927 48.4016 49.4138 50.1698 51.3356 49.5532 51.7403 48.6199 52.3489 51.8646 50.5119 45.9031 51.9496 53.6983 50.3455 53.319 52.3011 47.658 49.8207 46.7171 48.2288 54.6401 49.2651 49.0863 52.1051 48.3659 45.9786 50.9906 46.9266 47.4707 52.1886 50.9164 52.1211 51.035 52.4 51.905 47.7544 50.7006 47.4498 51.2998 50.4345 48.3397 48.9561 52.0725 51.591 47.1756 49.277 45.0511 47.5255 53.0172 48.1232 46.8001 46.7174 45.687 50.1602 49.7827 50.6015 51.4632 45.7326 48.6934 47.3705 49.0576 50.7526 53.025 49.9939 51.684 47.0397 48.3456 48.0707 51.6039 51.4594 48.397 48.9048 50.7295 
54.4503 49.6749 50.7194 51.8524 51.0122 50.1216 51.4648 47.8422 49.7996 50.7087 52.3461 54.3444 45.9523 49.6617 48.9536 51.8757 48.2687 49.8614 49.2344 54.02 49.2076 52.9666 47.8806 52.5864 53.2234 48.601 50.8537 51.9824 46.128 50.4242 56.4642 50.7513 46.7288 53.8982 51.9234 55.1179 50.0513 54.1089 51.1287 49.6471 50.1953 51.5505 51.7728 44.7787 55.145 47.8519 47.294 52.3027 52.6585 52.5539 48.6339 53.8477 48.2387 57.0512 49.826 50.1858 52.6793 49.6335 51.4962 49.3522 51.2228 50.3989 52.0751 49.0719 49.5279 56.4012 53.7206 51.313 51.9264 50.5394 51.1654 48.7386 49.1612 54.0913 52.1061 50.9419 53.4504 50.3311 52.1295 50.5965 51.2981 52.709 51.9081 55.9811 52.412 52.8963 52.6117 49.3926 52.0383 50.0888 50.1218 52.2281 53.0506 45.4442 48.9159 52.4447 50.4138 48.4942 50.8493 49.0907 51.3346 46.3468 52.9907 52.7206 50.7614 52.9748 49.5145 52.3354 50.7552 52.6894 52.471 51.1314 52.0156 50.6511 47.931 50.8299 47.6679 46.141 50.831 50.2154 52.8806 50.1589 48.6414 53.5329 47.9787 50.1657 50.7832 51.7611 50.7697 52.7367 53.3482 51.9615 50.7848 49.1086 52.9771 52.9797 49.9256 47.6212 52.5804 52.1665 51.865 51.7978 53.8251 49.6588 53.6983 45.7241 50.8035 50.9457 51.2644 51.9178 52.4495 47.1189 47.8454 51.6074 43.5453 49.5747 53.1016 52.9549 52.0538 52.8515 51.643 54.5828 48.4924 51.1016 49.7399 54.6135 48.428 52.7481 48.7342 51.7079 52.8342 46.2822 48.7406 46.5983 49.826 51.5112 49.968 47.8813 47.5745 46.1679 50.0474 51.796 49.9623 50.5706 47.0601 47.8078 48.6628 48.3206 51.0117 54.2836 53.0796 52.6449 48.0059 48.8465 48.5696 54.6115 51.4914 49.4124 47.3861 51.1461 
54.8417 49.5896 50.3867 52.5918 50.4702 51.7842 51.2882 49.81 52.9994 52.1766 53.2173 53.4233 47.8438 49.0873 49.845 52.3327 51.3985 52.0112 49.3792 53.5842 49.6527 50.4958 52.1336 52.6509 54.1405 50.8429 52.8624 50.3914 45.8404 54.5401 53.0638 51.564 46.7289 52.4099 53.3392 56.4091 50.5291 52.8615 48.4545 51.585 49.9342 53.7905 53.4441 49.0563 56.5182 48.8866 48.8237 54.0168 54.7086 52.7343 53.8269 55.5617 50.1784 55.3463 51.4944 50.385 52.5752 50.288 53.815 49.2802 52.5759 51.6472 55.5614 52.4605 50.1345 56.9424 52.7027 52.4206 51.3699 49.2084 51.0116 49.9995 50.6923 55.8655 51.6485 49.3905 55.6612 51.9937 54.2164 52.7543 50.6362 53.2654 47.9388 54.2691 54.2151 54.0732 50.0885 49.611 53.4306 54.1929 51.6849 52.8063 53.9759 45.8443 50.5667 52.9137 49.3141 51.5238 51.8629 50.5547 56.6516 47.1481 54.8896 50.8619 52.2342 53.0571 52.4429 57.5159 50.8209 54.2213 52.286 53.6835 53.4854 48.6702 49.334 51.8126 49.0931 48.1516 54.0372 50.8124 55.7223 53.2584 46.8502 53.0067 50.3302 51.3431 52.6231 52.0415 51.1349 55.5417 55.2546 52.6069 54.6524 53.0498 54.9243 53.0881 52.4499 49.4424 54.286 53.1642 50.9638 53.3135 56.8103 49.8954 52.4316 49.853 52.6817 52.886 53.1759 52.9936 55.064 47.3746 47.1172 53.1425 48.0842 51.2196 56.551 53.2138 49.3019 53.8105 54.6005 55.4635 49.7815 53.6454 49.9549 51.929 52.8709 52.0644 52.1184 51.5301 52.7425 51.0114 52.1714 50.279 50.8077 55.2218 50.5401 48.7578 48.6227 50.166 51.486 51.8439 53.4864 53.2944 46.3104 49.3317 47.9005 49.9672 52.4281 55.6967 54.1582 53.0982 48.3539 50.1279 48.3769 56.7525 54.3682 48.7621 51.5101 51.499 
51.981 46.1999 49.7312 49.2369 49.1377 48.3888 49.2398 44.5867 50.2319 50.1205 47.9794 52.2581 46.4796 46.7809 46.5879 49.7056 48.5001 49.0518 47.9607 51.6892 47.9918 48.2274 47.229 49.2446 53.1956 45.8909 50.117 47.1487 42.6585 50.4498 50.5773 50.1237 44.9306 51.0669 51.0884 54.1046 48.6105 50.2274 46.4004 49.4015 46.677 49.2587 48.0394 46.2082 55.0381 48.0666 46.5784 48.8791 49.2009 48.3339 47.1293 52.3942 48.081 54.1228 50.8098 49.3594 51.8652 44.9047 49.0825 47.43 47.5744 51.5037 51.1661 47.7806 47.9267 50.2246 48.5954 48.9236 49.7477 47.4863 47.7734 43.5707 47.2517 49.8057 48.9106 48.6239 51.3637 49.4655 48.6162 47.9296 46.609 47.9919 46.4036 51.9534 50.1121 50.6974 48.7279 44.997 48.2323 47.7303 48.7024 49.2997 48.6519 45.133 46.4295 50.9685 46.801 45.2754 50.0233 46.9502 50.907 44.6424 49.9119 48.8969 49.1116 48.3676 45.9428 53.5839 48.785 50.2746 50.8896 49.6779 52.0155 48.3987 43.2013 49.5213 45.5773 44.324 48.7616 49.9124 53.6888 50.423 44.6993 50.0056 46.4981 48.2926 51.9979 49.4084 45.9293 50.6386 51.549 47.605 49.9269 48.706 51.7146 49.7293 49.2257 47.6948 52.4495 49.6675 50.1707 52.0708 52.4532 48.0411 52.5654 45.3711 49.8194 50.7972 50.3086 48.5943 50.704 44.7833 44.9882 49.8375 44.0663 48.7089 51.0302 49.2125 47.4809 50.4304 51.6118 53.032 45.8306 49.3417 46.8096 49.8825 47.5083 48.6426 48.1474 49.2128 50.215 46.6258 48.6641 43.7695 48.0111 48.0211 47.4233 46.3044 43.219 46.0478 46.8073 50.3349 48.9252 48.7643 42.3304 45.6358 47.5096 45.9666 48.6157 51.5673 50.9425 51.206 47.1183 47.4104 48.4908 50.5193 48.5895 46.2299 48.6543 48.2984 
53.0623 49.2431 53.3793 52.8908 52.3961 51.7862 54.221 52.155 53.1257 52.8563 53.632 55.7223 47.5628 51.7854 50.9234 53.8683 51.4046 51.7791 49.7671 53.174 52.8274 50.9621 52.577 52.6192 54.292 50.6303 51.9083 52.8644 47.1412 54.0016 54.9712 49.356 48.3258 55.0025 53.2607 57.1152 53.3165 54.8877 50.0875 52.2448 51.1812 52.2566 53.7501 48.7531 57.5704 50.3341 51.039 52.5557 54.6091 52.6864 52.3825 54.7515 51.0085 56.1479 52.0173 53.1788 52.8976 48.8974 53.5286 50.7998 51.5662 51.5589 56.1442 52.4495 49.2251 56.7584 52.8825 55.9669 51.0531 48.4418 49.7085 47.8896 50.0806 54.1847 54.6201 49.5203 54.2785 52.314 54.3759 53.0522 51.1429 51.0629 47.8283 55.6929 53.0659 54.5685 51.8229 48.7004 54.8229 53.1386 54.4999 52.7754 53.228 48.4936 49.6977 55.7334 48.8928 50.0926 54.6881 52.8265 53.9439 48.145 55.5528 54.6145 52.19 51.8598 47.9267 55.3868 53.4349 54.0511 54.87 53.4715 53.041 49.6666 46.8634 53.4025 47.5563 49.6756 50.1003 50.0294 57.1851 54.1634 51.7333 53.6341 50.7478 51.8184 53.158 52.4056 51.4924 53.2982 54.5844 54.0964 53.1283 50.81 54.9063 54.4181 54.8136 50.1436 57.2335 54.5938 53.6189 54.7252 54.8895 48.5455 55.5294 48.5995 53.8596 53.8915 52.8082 53.5732 55.7664 48.4653 49.3507 52.2865 48.2271 51.4552 53.9306 51.6284 51.8759 54.6048 54.5136 55.1824 49.7087 53.2132 50.7187 53.828 50.387 52.2228 52.4675 52.5864 51.997 49.9287 51.2655 50.3651 51.1392 52.5942 52.8458 50.4873 49.33 47.9492 51.4751 53.3562 52.3977 56.1479 44.9901 47.7512 49.1986 51.1479 53.4029 55.3923 55.3085 53.0997 52.6884 52.0771 48.886 53.6797 50.8816 49.6621 51.3241 53.8436 
55.1982 52.9408 55.688 55.0879 54.5179 52.9956 55.4903 53.3325 54.48 54.2712 53.1518 56.414 48.2601 52.3476 54.6314 51.0519 50.6925 52.1142 53.1201 57.5598 52.6986 52.7087 51.0012 56.628 56.3534 49.2091 52.5632 52.7779 49.6646 52.4921 56.9815 50.8164 51.4625 55.9958 54.9363 59.9098 55.1013 55.8239 54.1305 52.3011 54.3999 55.2139 54.7663 51.6506 59.1353 53.2853 50.8877 53.9018 57.0774 55.4252 52.1802 58.4703 51.9339 60.0628 53.5879 55.2719 57.3784 49.9411 53.9025 52.1313 54.4908 52.8185 55.4282 51.8241 52.5148 57.5578 54.0386 53.7886 53.1914 53.011 52.0692 50.2108 52.0269 58.5704 53.565 52.8606 52.9725 52.1872 52.3674 52.9388 53.0129 54.1512 50.2033 59.9292 56.1836 56.1242 56.463 51.3445 55.456 52.5111 52.5346 55.0145 56.3083 49.1435 54.5763 54.7026 50.4558 49.4403 54.9761 52.5024 55.416 47.926 58.4329 53.7917 54.0284 54.0723 50.0231 54.6152 52.7495 55.8981 53.8059 53.79 55.6619 52.201 50.3778 54.5633 50.661 49.8622 51.9199 51.5662 58.5904 56.3787 50.8494 57.1739 51.0963 50.3828 53.8332 54.3517 52.3821 55.4107 56.8738 52.8146 54.4073 52.4334 56.9882 54.7197 54.3372 51.9657 57.5486 55.7998 54.2234 53.3456 57.7717 51.0043 55.649 50.445 53.1869 54.4985 53.2223 55.5728 55.7662 51.5623 50.7106 53.5576 50.3494 52.2575 54.8897 56.5124 51.9087 54.7655 55.1696 57.1884 49.6633 53.5474 52.3202 55.6935 54.7539 52.0209 51.3642 55.519 55.1195 51.7619 51.6466 50.7233 53.9374 53.7377 53.6964 47.8551 48.1961 49.6932 53.0579 54.5865 53.0317 55.1363 47.5275 49.2115 49.5482 49.4205 53.9223 54.8115 55.9827 54.1761 52.057 51.918 52.2493 56.212 55.6529 51.9165 48.5591 52.0537 
49.4409 48.4548 49.3867 50.1388 49.8231 47.0899 51.2011 47.3556 49.6073 50.7929 51.1317 51.5842 46.3266 47.4624 49.4026 50.4322 47.9413 47.8973 49.2031 51.1706 48.7493 48.7595 47.3658 50.6172 52.8942 46.7415 49.4479 49.6793 43.0189 47.779 52.8797 49.1239 45.882 52.881 50.6325 55.1816 49.9967 50.2532 47.583 50.7484 48.525 49.892 51.289 45.2291 53.3154 47.2212 46.284 50.4679 51.0275 50.4889 46.86 55.0983 44.9275 53.1892 49.076 50.3653 49.8275 48.4081 49.8232 49.7769 49.04 50.6656 51.5295 48.4245 50.0863 51.8684 47.3186 49.9756 46.9831 47.8909 48.1203 43.2227 46.9024 51.98 50.2484 50.3262 53.3344 49.4302 49.0961 48.8253 48.3825 51.5473 47.9673 51.6812 52.1585 51.6407 47.5731 45.6359 48.4757 49.309 48.6367 50.1316 51.3823 45.4004 47.8675 50.9897 47.9264 45.7078 51.2862 47.8843 52.0059 44.6017 51.0335 50.3857 50.3588 50.9548 46.5586 52.1496 50.9747 50.7044 52.785 51.2911 52.3599 46.1601 47.0664 50.7731 45.4169 46.4982 49.012 48.812 52.3235 51.1767 48.3586 51.5127 47.5449 48.0503 47.6618 49.8008 49.4914 53.2161 52.1845 51.2015 54.3245 48.3252 53.0966 50.4499 48.3605 48.3359 52.3064 52.0668 49.5807 52.4878 52.3353 47.7798 52.9005 46.6267 48.5034 52.0124 51.4268 49.6578 50.5226 47.7715 47.1273 47.7876 45.3223 49.4262 52.4311 50.9147 49.9034 50.4518 49.1223 53.8306 46.8773 52.9091 46.3259 51.2812 46.3248 47.66 47.3385 52.9149 50.547 46.9373 46.9848 47.0013 50.3587 51.7725 48.5358 47.975 45.5719 45.9507 49.3223 52.313 48.4171 51.7932 45.364 47.7896 47.1052 48.9267 48.5823 53.3383 51.9327 50.7861 47.8945 48.5952 48.5148 53.2708 50.3484 46.5337 46.425 49.2467 
55.3496 53.0229 55.3072 55.16 51.8829 51.3558 57.1551 51.5213 53.7888 54.6446 55.1905 58.1767 52.6898 53.4484 52.6049 54.4008 51.3757 52.582 50.9451 57.365 53.0734 53.602 50.6951 53.5097 56.8944 53.0897 52.7331 53.8646 48.1209 53.0197 57.9317 54.0822 51.4215 57.3916 56.6903 57.1714 55.2005 54.8769 54.7641 51.7855 51.9459 54.4798 54.7819 52.326 57.8963 52.1602 51.7753 55.5971 55.458 54.8466 52.6569 58.6949 50.8501 59.7807 53.7661 54.6794 56.3791 51.8726 55.6063 55.4127 53.1925 53.8401 56.2098 53.6966 53.6919 57.306 53.0887 54.3291 52.9644 52.4005 49.4631 50.7744 52.6419 56.2335 55.2479 51.9031 56.0638 51.7425 54.8512 53.6495 53.6224 58.0537 53.1352 56.7431 55.8065 56.0874 53.7941 49.9514 54.3036 55.1659 52.77 55.6803 56.0891 48.7092 52.9429 54.7148 50.5566 52.0605 53.1832 52.8884 59.1533 48.2247 57.6914 52.5846 53.4014 55.0251 52.1288 57.9009 54.4636 56.2886 53.2383 55.6238 55.5499 50.9229 50.2987 54.5574 50.9109 47.7386 53.631 52.4374 57.5963 54.4961 51.4727 55.1102 51.8849 54.3458 52.9298 55.9071 52.8613 57.3731 54.858 54.5993 58.6211 51.6414 55.7048 54.2663 55.4256 50.7201 57.3752 58.1149 55.898 56.736 59.7944 50.2896 58.9131 52.1018 54.7622 56.7851 51.998 53.931 55.9754 50.7354 51.2673 54.8834 49.0774 52.8303 58.0474 56.1547 53.6631 55.769 55.7216 59.4597 50.4312 54.1745 51.1341 56.9625 53.7028 53.2397 53.5488 54.9775 54.1758 49.7675 53.1798 50.7121 53.7273 55.234 53.2044 49.9785 50.9216 51.2401 52.705 55.1686 53.8397 56.2112 47.6793 50.4621 51.736 51.3968 55.5494 56.749 56.1292 56.6936 51.3893 53.6441 50.4971 57.0004 55.2062 53.1395 52.6049 52.4499 
53.3951 48.8739 50.2299 52.5479 54.0868 49.839 52.6625 48.8984 50.1568 52.0932 53.358 55.4643 47.7788 50.1225 48.7827 52.8393 50.8999 51.959 51.0202 55.5226 49.1726 51.6347 49.6453 51.4762 53.6525 48.4838 52.1271 52.3258 46.5568 52.0596 54.422 50.2303 48.8211 53.2338 53.4233 56.9377 54.4708 53.493 50.6617 51.3372 48.2437 52.9154 52.1252 48.2251 55.0438 49.3167 46.1175 52.622 53.0912 53.7395 48.74 54.9827 45.3267 57.3359 53.4951 51.5242 52.5204 48.7928 53.3273 49.596 50.816 52.4415 54.0968 50.3684 50.1422 56.156 52.2827 52.5131 52.5768 48.6789 50.359 46.0956 48.7639 54.1693 53.1142 52.0608 54.108 50.5075 53.7531 52.7407 51.1602 51.4799 51.0811 54.1385 53.2839 55.6603 52.0382 50.9344 52.5552 51.8964 51.1697 51.852 53.5991 47.5331 49.9094 53.038 49.4142 48.9169 52.2088 51.0797 54.1109 47.9569 54.1775 49.909 53.3844 51.5283 48.2914 53.0855 50.8311 51.5765 53.4923 50.9631 52.7919 51.0622 50.5812 52.1165 49.6525 47.1729 53.7249 49.7771 54.5535 54.0597 49.8371 54.9748 48.0057 53.8024 53.9163 52.1741 52.6814 53.0137 53.1483 52.711 53.885 51.0246 54.0266 52.5366 52.9723 50.3924 56.0889 52.5832 51.0378 54.486 56.6243 49.4582 53.255 48.3557 49.3403 54.5353 51.6665 52.6579 52.5348 49.0687 48.098 51.3478 49.2367 52.8182 54.5961 52.1444 49.6745 52.9826 53.1399 53.0873 51.4616 52.4073 50.5593 52.7056 50.1082 52.5092 50.0875 53.9322 54.0573 48.5662 51.5392 47.7829 51.8257 52.2403 49.8291 48.4824 47.1986 49.2923 51.5441 53.9752 50.8458 51.6984 46.9964 47.8531 48.0758 47.8534 52.1231 52.8893 52.9377 52.8205 50.3787 49.0994 50.7601 56.2544 52.069 50.7529 48.6678 50.6503 
47.8998 45.1762 45.1263 46.7799 47.7707 44.485 47.6045 43.2054 46.5055 44.8107 46.7992 48.8259 43.5625 46.0808 44.4791 45.2344 42.6567 46.1512 45.036 51.4873 44.6026 44.4701 45.3073 47.6809 49.6466 44.7636 44.2661 43.5056 42.4441 47.6559 48.8281 45.2651 42.1547 48.9775 48.125 50.7863 46.578 46.2792 47.38 47.2415 43.791 45.6989 44.5104 43.0668 49.2347 43.5353 45.7301 46.9952 48.6489 46.7135 44.561 51.5689 45.1674 48.889 45.2152 46.4896 47.3819 41.5235 47.6609 47.3209 45.886 48.662 48.7712 43.9743 45.0623 48.7315 46.4446 47.8661 44.5033 46.6318 42.7464 41.1844 43.0749 47.8436 47.3795 44.7309 48.6993 46.6026 46.7776 45.2612 44.1694 49.696 45.7391 49.9573 48.8189 48.5709 46.6994 42.7214 45.142 46.6952 45.5877 47.0876 47.9115 43.5099 43.5298 48.7155 43.4617 44.0824 47.7278 46.0446 46.5567 42.7943 46.5399 46.8144 45.9444 47.2031 42.5313 49.594 45.3012 45.843 46.2104 47.0603 49.4814 46.4957 42.4932 47.5495 42.9345 41.3671 47.1437 45.1499 49.6185 48.0685 44.1846 47.5494 44.1083 46.7896 45.9837 46.1271 46.2483 49.7831 48.285 46.4141 50.6403 44.6081 48.6363 48.6426 46.3836 45.2063 47.4403 49.8881 47.7106 48.2606 50.9083 44.3493 46.1517 46.9047 47.5746 48.7755 47.2573 46.7489 46.5766 41.9015 41.3344 45.9232 42.0662 46.8319 49.9912 50.1314 46.1147 47.8541 46.3283 47.5901 43.1506 46.1454 43.8625 48.7717 46.9776 47.6478 46.7873 48.0594 45.8972 42.5751 47.959 46.5481 46.3844 47.529 47.6504 45.7854 42.7652 44.5832 43.9873 50.1696 45.6701 47.7267 40.3498 44.3269 44.1566 45.0248 47.8194 49.6747 46.5347 47.5496 44.7781 47.8704 45.1032 49.2462 47.5041 45.131 46.5934 46.2693 
53.5671 49.2105 50.9035 53.2627 50.888 49.5577 53.8621 49.2632 50.6441 52.1584 49.9676 57.501 47.5132 48.54 49.7036 52.3648 50.9713 49.9795 48.0136 55.0549 46.3845 51.0025 49.8709 51.2692 52.5598 48.472 47.5011 51.7516 45.5932 49.1136 53.5172 49.1133 47.1841 52.4253 52.6729 54.3763 51.5299 50.3583 52.4949 49.1867 49.8128 51.5831 51.243 48.4682 56.2713 49.0539 47.3882 50.0658 50.7792 51.4676 50.2412 55.974 46.6545 53.4811 51.722 50.149 52.259 47.3976 50.248 49.5543 51.9106 49.2526 52.1857 50.2789 50.1311 51.5543 51.0836 51.5342 51.8599 50.2145 49.0989 46.8463 47.9052 55.0125 50.567 49.8331 53.9334 48.4443 52.6232 49.4353 49.0368 52.4035 47.3793 53.8528 54.9421 50.9436 49.9912 48.2675 53.6171 51.728 51.6302 51.6343 52.5246 46.0327 49.1205 50.5966 47.5857 46.5816 52.3973 49.7504 53.4063 47.0962 53.1516 50.3083 51.1793 48.9354 46.501 51.7226 51.0265 52.8612 53.2488 53.0389 51.3806 47.9056 47.6149 50.6678 47.3587 47.8255 50.9253 49.342 54.6499 51.4148 48.5937 51.408 49.5439 50.9115 48.6878 52.1803 49.291 50.3169 51.7958 52.2694 51.8847 48.2936 52.4899 50.8772 50.361 48.16 56.4674 52.2311 51.5453 53.6102 54.3661 49.9419 51.8662 47.3405 49.4042 54.5024 52.0444 51.5255 51.0529 48.2708 47.2859 51.8108 48.486 49.5304 50.6356 54.3191 49.159 51.8685 52.7347 54.4151 49.8462 53.6538 46.6766 51.0764 49.7333 51.7418 49.0186 52.4004 51.8529 47.9977 51.8976 47.77 49.2053 50.2434 50.0557 48.1873 45.406 48.248 48.074 52.6536 51.3353 53.1558 48.4431 49.5295 47.7649 47.2318 50.3848 52.5557 51.3149 54.2187 48.9104 49.289 48.1604 55.9905 49.6385 49.3025 49.9955 49.2506 
55.9434 53.21 53.7776 55.2646 54.5151 50.6806 52.6288 52.9035 51.1223 52.2058 51.4998 55.8717 48.9747 50.1711 52.4488 51.298 51.1076 51.7903 51.272 57.2653 50.4457 50.8038 51.6839 52.4367 56.1561 48.9244 50.9495 52.6831 46.6316 53.5446 54.8474 52.2173 49.3959 53.8193 56.256 58.3003 53.6821 53.8398 50.719 49.3091 50.2664 53.6038 52.6466 48.4898 55.7015 48.4816 50.5889 54.8308 54.9295 53.9601 51.6666 56.6329 48.4604 57.3636 53.8058 53.5243 55.8264 48.5788 56.0398 51.4201 52.5892 50.327 53.8815 50.1177 53.1204 55.941 52.2007 55.6639 49.8129 50.9866 52.2862 49.5263 49.2771 53.9646 55.4733 49.7222 54.9854 52.6954 53.4243 53.5772 52.0865 53.2357 52.9803 57.2674 53.8039 52.6408 54.4048 50.6602 52.7147 52.7188 51.4762 53.4845 55.0288 47.8925 52.5209 54.5664 50.7079 51.0297 53.9804 51.1105 55.9245 47.2454 55.5912 50.3916 53.9704 51.9388 50.9223 56.7454 51.8694 54.839 54.9419 54.1319 56.8499 52.3488 51.9015 54.0939 47.1148 48.7199 54.397 51.4249 55.5431 53.8502 50.7635 54.7179 50.2293 52.7741 51.377 52.9255 53.3122 53.5935 53.2889 52.7101 53.554 52.7992 54.769 52.3555 52.9739 51.2542 55.504 56.3834 51.7302 56.5243 56.1528 53.0241 56.157 50.4495 52.5301 56.364 54.4689 52.7528 54.8584 50.8512 48.8981 51.562 47.3366 51.8275 55.1299 53.4356 50.3818 54.0895 54.3052 56.321 51.0792 55.5658 50.1287 54.6363 50.342 51.3771 52.3544 52.0671 54.3836 49.8624 52.9857 49.7143 51.6858 52.1254 51.8647 50.2561 49.7071 48.5524 51.5598 54.3312 51.4637 54.9217 48.2842 50.2296 46.9 50.6761 52.6363 54.8565 54.2141 55.2192 52.4955 51.3042 51.1315 57.3967 53.8056 51.1241 53.4829 53.8559 
51.1468 49.9792 48.7288 48.1513 47.9614 46.6571 50.7153 46.2211 48.7399 50.6562 49.2606 49.8233 47.6204 45.7043 44.6718 48.0041 45.1413 47.2918 47.875 52.4826 46.3008 47.7029 47.0961 48.8562 48.5128 44.9392 48.0275 48.0718 43.6397 48.3789 51.925 47.9467 46.2504 47.0823 50.3656 50.8731 47.4856 49.2118 46.9545 47.0027 45.7872 48.2687 48.9014 45.3581 52.303 44.868 46.3854 47.3515 48.7308 50.1738 48.0647 53.1894 44.4377 53.2798 48.5464 47.6076 50.3083 42.0602 46.9941 47.9146 46.8812 46.2555 48.5394 50.831 47.2221 51.0086 47.3943 45.6553 47.4095 45.7399 49.3926 45.9233 45.9656 51.6174 47.3601 45.18 50.4238 46.5544 47.7775 49.6521 46.4331 49.2485 47.8084 49.435 50.2935 48.6154 47.8971 46.2111 47.6613 48.9997 48.0371 48.5183 50.2359 41.8223 45.9383 50.2767 44.0329 44.9735 47.8797 47.6876 50.305 44.5921 49.772 46.3791 48.4764 48.9119 45.8079 52.7624 46.9735 50.8078 49.6266 48.4591 50.038 44.5231 43.7958 48.1325 45.6316 44.5854 48.1725 48.2355 51.8064 48.5323 44.7306 48.4314 47.0066 47.4452 46.1584 48.8376 47.6015 49.8563 46.6204 48.2571 51.2709 46.123 49.3577 45.0627 46.3736 46.1188 47.9156 49.0085 46.3339 50.0913 53.6575 46.704 49.1522 45.0374 48.2127 48.7267 50.2325 47.6534 48.2276 46.2356 45.3527 49.3679 46.6565 47.4127 49.5487 51.0322 47.6839 46.5779 50.4755 51.0084 45.1182 50.4341 45.5934 48.8031 48.3279 48.4865 45.5459 48.196 51.3967 43.7717 48.2329 43.6255 45.8675 47.9557 46.966 43.7556 44.5449 46.6382 46.1783 50.5356 50.5101 48.5713 42.4399 45.2085 44.4995 43.9369 48.1492 50.5587 48.1781 49.4931 47.6212 45.9776 45.5797 50.944 48.5227 45.3018 47.2373 46.9479 
51.0679 48.4499 48.1228 49.9782 48.9291 46.2869 51.3963 46.4539 48.3581 48.3246 50.1734 50.6667 44.8455 46.1257 47.2246 47.3774 45.6585 44.1824 46.8151 52.9818 47.3389 50.6775 44.0988 47.6519 50.0526 46.0066 47.3485 50.2203 42.5654 45.9069 51.0519 47.3031 45.5487 52.2225 48.3016 52.1255 48.2077 49.3649 46.3959 47.1681 47.6614 48.0097 47.704 44.627 52.4495 46.3814 44.6677 48.6728 48.3192 51.1754 46.4752 52.1505 42.7246 53.8443 49.0531 49.4938 50.3189 45.025 47.8712 48.9835 47.9252 47.4955 48.7566 48.6893 48.3672 50.9892 48.0757 48.6819 47.8458 48.157 45.0942 44.2192 43.9918 51.0817 49.5087 46.7726 52.5448 47.7343 46.7131 47.8339 46.5164 49.6757 47.5572 53.0683 49.5159 48.6105 45.2037 46.2409 48.7375 47.1335 47.0933 47.5128 48.9997 41.8619 47.0191 50.199 44.1471 43.8179 48.679 47.3732 49.7741 43.2574 50.5965 48.5188 48.8985 49.2526 43.181 51.9304 48.5474 50.0034 48.9845 47.1595 50.7676 47.7453 46.0813 48.6028 46.0589 43.1683 48.4727 45.9966 49.7968 49.5843 45.9583 50.0278 46.7196 46.8353 48.9478 48.5389 47.1232 50.6555 49.226 48.2117 50.4907 45.4657 48.2432 48.9767 49.8137 44.2879 49.3355 50.9544 48.5105 50.478 51.8232 45.9103 49.3663 45.0951 49.1006 49.1612 48.8477 48.239 50.0948 46.8257 45.8267 48.736 44.6683 48.7115 51.9165 49.9823 48.4771 48.3065 50.396 49.6257 46.3725 49.1947 45.365 49.401 47.6146 48.7084 48.0984 48.5271 48.6237 43.4987 47.1805 44.3776 47.5186 48.2838 46.2292 44.444 47.2233 43.5603 45.7562 48.2385 49.2532 49.9676 42.9372 45.5584 43.7382 46.3204 47.98 51.0429 50.6914 48.8531 46.5101 49.5991 47.5014 51.4778 46.4557 47.6522 47.1768 50.6321 
51.3935 48.0041 48.8546 49.0887 49.8886 49.9681 51.2176 49.037 49.2951 50.9795 51.262 52.4615 49.594 49.192 50.0597 52.5273 49.8411 47.9488 49.3254 52.9032 46.1888 48.8291 50.5806 49.9344 53.2281 48.0076 47.8585 48.7344 43.3096 52.1388 52.0982 50.4691 47.1472 50.0473 53.8189 54.7852 54.5537 50.2295 49.0162 47.412 47.0064 49.5073 50.9797 47.1283 52.4312 48.3531 48.2067 50.1752 49.4128 52.2355 49.511 54.276 46.1493 54.6479 50.661 49.5089 49.0262 47.6941 48.4836 47.1461 49.7798 49.8533 52.3504 48.6685 49.0445 52.1364 47.1171 50.1576 47.0265 48.0761 47.8289 46.0786 46.1912 50.1809 48.2603 50.1188 52.3594 49.1038 50.3967 50.8518 49.433 51.2665 48.3355 52.8453 52.1894 49.8939 49.8045 45.5775 53.2729 47.8146 51.371 50.7208 51.653 45.1124 46.9649 51.3781 47.4776 49.6621 51.6 50.3631 52.0445 44.9897 52.3711 50.134 51.9247 50.7367 45.8231 52.6887 49.7235 52.0249 51.367 51.5993 50.754 50.0332 48.3357 51.6505 46.6591 47.1662 50.0393 46.2587 55.249 50.8612 48.7418 48.9906 47.4752 50.4253 49.1824 49.8839 50.5348 50.7033 51.2625 51.7525 51.0623 49.3716 51.0475 51.3984 48.4289 49.2987 52.3221 51.7898 49.607 53.4759 52.5637 46.9118 50.7533 48.504 49.316 51.9088 50.9985 50.0595 52.108 48.3451 46.1596 49.7326 47.7788 49.1719 53.3871 50.1195 48.5229 49.8963 49.0408 54.5576 49.5528 51.4081 45.538 49.062 49.6139 49.0656 48.1455 51.1453 50.8386 46.5667 51.377 46.2301 49.099 51.0716 48.618 48.5077 46.6927 48.354 47.9015 51.0471 50.4647 51.4372 44.7275 46.9469 46.0944 46.6172 51.9916 52.8565 51.8764 50.4541 51.933 49.1882 46.8814 52.4201 48.2603 48.1846 47.679 49.0849 
48.4049 46.4573 46.3041 46.1683 47.2643 46.1915 46.8082 44.4357 45.4375 45.4113 49.0417 48.7352 44.4955 45.3919 45.1727 46.7001 45.4393 46.1798 45.4963 49.4016 44.1247 47.9583 42.5952 47.3554 49.143 44.9605 45.7522 44.6517 42.3999 46.1196 50.1652 45.2823 44.4981 49.2005 47.0624 52.0389 46.2236 46.9068 45.6262 43.7295 44.9945 47.9423 46.587 43.5631 49.539 45.6731 45.1289 45.0687 49.667 48.9834 45.0493 50.5921 42.4375 49.5502 46.2954 46.5079 48.6081 42.1646 45.0199 43.4728 44.8519 45.1437 46.8839 44.8971 43.5549 49.0771 45.6809 47.3939 45.3727 45.9745 43.6227 43.2992 40.9662 48.4475 44.9038 47.2332 48.6346 47.6973 46.6301 47.6774 43.6333 47.9309 44.4048 48.7465 48.3231 47.1093 45.4882 44.4171 44.2591 45.2209 47.2095 46.6588 47.1425 43.3879 44.4239 47.824 42.754 40.5754 46.1536 45.533 49.5912 43.0347 48.9598 46.5632 46.6367 48.3231 42.1907 48.5292 46.9381 48.4311 48.4234 47.406 48.6198 43.9697 43.7812 45.5789 41.9433 42.3236 46.4465 44.1704 50.5095 46.3486 43.3137 48.2867 44.7619 47.3228 46.605 48.6249 44.7771 48.6774 48.0651 44.5682 46.671 44.9368 48.0832 46.4899 44.0565 44.1643 49.1788 47.6152 46.9745 47.3536 47.8895 42.5553 49.1023 43.2659 45.9781 49.6724 47.4818 46.5683 49.3015 45.5183 41.2129 46.0833 41.1825 44.2866 50.1696 46.7533 45.9254 47.0759 47.7271 47.0631 43.2207 48.7061 43.611 48.4043 45.585 45.3746 46.1663 46.273 47.4577 42.4933 45.1914 42.1279 46.2836 45.6022 46.041 45.9229 43.3275 44.9882 43.4065 46.7891 44.6358 49.0238 42.3205 43.0769 43.6369 44.5826 46.8191 49.4429 46.949 47.9321 47.6282 45.3979 46.4818 47.7138 46.7524 45.0966 46.3236 45.2454 
51.788 46.6977 47.1586 50.9079 51.7879 48.9292 54.893 48.1039 49.7524 50.0872 50.5268 53.6638 48.2207 51.1167 49.2653 49.7978 49.7093 49.9048 49.1576 55.158 45.2236 48.7093 49.5655 50.7949 53.5127 48.1315 49.0045 51.2884 47.0114 50.3055 53.447 50.1298 46.3876 52.0693 51.7822 55.6354 52.1845 51.9454 48.2475 50.3621 48.0226 51.668 52.085 49.2493 56.1415 47.1945 48.2342 51.9149 56.0217 52.8938 50.7829 53.195 49.1699 53.5041 49.4582 52.5986 51.6245 46.1183 51.0675 47.5494 52.115 50.9204 53.215 48.2566 48.3961 53.3015 48.3659 51.7646 49.1917 49.3948 49.284 46.704 47.9088 52.4555 50.6497 50.2071 50.7961 50.0107 49.7296 47.8196 51.3822 51.6911 50.8498 53.4464 52.5365 51.9495 51.2821 46.3552 51.2251 50.8499 52.5786 53.047 51.7244 46.7748 49.568 53.2104 50.0101 45.8855 51.4777 48.0191 53.371 44.8103 53.7325 50.1565 52.0386 52.569 49.0582 55.321 49.3393 52.8853 50.6407 49.5436 51.9627 48.9919 47.3456 47.8602 46.852 47.0858 51.8063 47.2101 56.0173 53.1015 47.4794 51.4227 50.7453 49.3241 48.7985 52.6675 47.9661 53.5409 50.6606 50.4579 54.3178 50.233 51.9656 51.4222 49.9537 50.4861 53.8931 52.761 53.3241 52.4198 52.4875 49.0951 53.1018 46.9965 47.6085 53.0772 51.2525 51.9406 52.8286 46.1574 46.7799 50.5319 47.4359 48.9135 53.3806 52.2809 49.9173 49.3952 49.3664 56.8982 47.3897 51.2337 47.6654 52.8603 50.0532 51.3303 47.8073 51.2749 51.8462 46.1612 52.0997 47.5506 51.6692 50.4644 49.7804 46.9486 44.9941 48.6629 51.0445 53.6272 48.1568 52.1494 47.3127 50.0372 48.2023 48.6379 48.0101 52.1441 53.2435 52.3109 50.0212 48.9273 50.6232 53.4476 52.2113 48.8554 50.2999 48.9457 
49.201 44.9543 47.1421 46.347 42.183 43.6356 45.14 44.8968 47.079 46.8946 43.8088 47.2466 42.7615 44.1776 44.4123 43.1081 43.7074 44.9322 44.5426 48.8619 43.4172 44.2391 45.0157 44.9148 47.4889 41.4679 45.9122 44.6606 40.4674 47.0624 47.5914 44.8408 42.579 46.1128 47.4575 49.155 44.719 45.893 43.8738 43.2019 43.1088 44.8694 44.8024 42.7399 49.1892 42.8352 44.4618 45.9111 46.0859 45.2688 42.7062 49.4137 43.3906 50.0851 46.9493 46.3854 48.0786 41.4945 46.1517 43.4436 42.8689 44.8521 45.6412 46.9718 41.3179 47.796 43.2243 45.9978 45.9739 44.4823 42.2558 42.1881 43.3467 46.0912 45.4161 43.551 43.4136 46.9761 48.4794 45.2632 43.1501 45.5883 43.4455 47.9294 45.9472 48.1183 44.6228 42.5807 44.4081 44.1539 46.525 44.5443 45.1106 40.1239 43.6435 49.4843 41.1881 43.9348 46.6905 45.5263 46.7775 42.5516 47.9065 43.0846 46.6443 42.9802 42.8195 48.7471 46.5983 47.5107 48.2907 47.0758 48.2831 43.0389 40.4073 45.0551 41.3673 39.7586 46.4959 45.2077 48.2999 44.2851 41.8773 45.2148 43.7612 44.5999 45.6342 44.5935 44.7421 44.5177 45.7599 46.6719 45.7559 45.4496 48.878 43.3201 46.9168 42.2918 47.728 45.741 43.523 46.6606 49.0698 44.827 46.3295 42.1959 45.8998 44.5065 46.5061 43.9251 45.9183 43.5004 41.1744 45.4869 43.027 44.4021 45.6737 46.8101 43.1034 45.1111 47.6687 46.7607 42.9454 46.2878 44.7775 46.3325 43.3714 44.2847 44.3121 46.1504 45.8536 43.1954 46.657 41.9572 42.9864 45.0771 45.3228 43.2107 40.4839 43.5691 44.3078 46.462 46.4093 47.7494 41.2232 44.4532 41.1279 42.3597 45.489 47.0247 45.9313 45.6764 43.5082 42.082 43.8876 48.5017 46.1152 44.201 43.3122 45.0139 
52.1002 49.9423 50.5941 51.5791 52.4196 50.7866 53.811 50.7216 50.8822 52.073 52.7379 53.9834 50.515 48.664 52.4865 51.2044 51.4443 50.5924 50.9529 53.8478 50.1932 50.113 51.6498 50.753 53.1322 49.3956 51.0053 50.5676 45.8805 51.8283 52.8443 51.3955 46.4956 50.4263 52.761 57.6006 54.5944 53.2265 48.1662 52.1271 48.8071 52.8996 53.2374 49.3048 54.1587 49.1029 46.172 53.4975 52.2336 49.8266 48.9231 53.7207 49.0529 55.2303 51.7315 52.7457 51.2864 48.0537 51.124 49.5575 52.2021 50.541 53.8351 50.9313 47.8063 53.9091 48.0445 49.3873 50.2685 50.7484 50.8078 46.7145 49.6079 54.6781 52.1989 51.7919 52.332 49.7069 52.0349 49.1359 53.2986 49.9626 48.3738 54.5801 54.4889 53.2507 53.5305 48.6591 53.0912 49.9495 49.7754 53.1523 51.3054 46.8921 48.8229 55.6727 50.138 48.7519 50.6646 50.5294 54.5838 47.7685 54.7707 51.3617 52.2286 51.7014 50.0818 53.9503 51.972 51.1861 52.7551 49.3764 54.9536 50.1398 47.2759 51.7921 47.0902 48.4464 51.2118 50.4361 54.6284 54.07 49.2818 51.1006 49.0358 48.7459 52.9649 51.5123 51.1928 51.8527 52.707 52.7613 54.0025 49.2267 52.7186 52.7973 50.5551 51.3117 52.4764 54.4855 51.2947 52.6717 54.2316 49.1461 52.8241 49.7307 52.1666 52.4283 53.2128 52.3074 53.5437 48.0553 48.6178 50.9276 47.3301 49.273 53.7537 51.6977 49.9577 50.8921 51.4111 54.0174 50.7258 51.5814 49.2349 49.145 52.3568 50.4014 50.1964 52.0942 53.6818 48.3086 50.0643 47.2448 50.2853 53.2056 50.8609 52.0037 44.2988 50.5362 51.6062 52.0064 50.1324 50.7573 44.0947 49.6121 48.9536 50.0618 52.3745 55.7007 53.1091 50.6677 47.2715 49.2394 47.694 53.8219 51.1125 49.9312 47.5889 49.4279 
55.2599 49.8076 52.0957 49.5534 51.9766 49.4892 53.3009 49.3798 50.3779 53.1299 52.8277 54.9588 47.5218 47.9939 50.0747 52.4266 48.7891 52.646 49.8981 53.1119 50.7323 48.6559 49.274 51.3651 53.0059 47.851 48.6521 51.0243 46.2889 53.887 52.4685 50.5316 47.363 53.243 52.555 57.0785 51.5164 54.817 50.8891 49.2893 48.2031 52.2608 51.3945 49.0229 56.6699 49.2988 47.9261 52.0343 54.1613 51.3129 49.7919 56.1406 50.7234 56.5492 50.8089 51.8552 55.5336 48.1084 51.9965 50.282 51.3451 50.0873 51.1641 50.0109 52.5943 52.601 50.6376 53.5274 52.1793 51.4416 50.234 45.1762 48.3861 51.7736 50.8631 47.3024 55.4448 48.8888 52.5148 49.7413 48.9007 50.7547 48.5288 56.7941 53.9335 54.2449 52.3845 46.7312 53.6869 51.7114 52.1764 51.1187 53.697 44.2403 49.3721 54.2736 49.8477 50.9984 51.9357 49.1534 52.771 45.6374 54.1303 48.5061 53.1645 51.5177 46.7023 53.836 52.2388 51.0666 52.1198 51.1124 52.02 50.0694 48.0012 52.6403 46.2994 46.1327 49.7909 51.9215 56.2029 53.3086 48.1925 53.7534 50.097 51.1976 52.1213 49.7093 48.3614 50.2912 51.5647 52.668 54.0482 51.8885 54.6482 51.5746 51.8998 48.1864 52.6755 51.7859 55.1958 54.2557 55.7277 49.2211 51.2772 48.1445 50.5979 52.6613 50.9393 51.1576 52.0826 47.4723 47.2283 51.3908 47.9097 50.4944 53.3974 52.4796 51.2304 53.9492 51.914 54.0464 50.7765 52.6926 50.29 52.7013 50.7408 52.0394 50.9269 53.0466 51.4628 47.5796 51.326 47.5159 52.3914 51.3936 51.3517 47.8828 47.9822 48.9264 49.8484 51.8417 51.9115 51.7845 45.2942 48.1937 45.151 47.4793 52.3777 52.3555 50.6669 51.3497 48.3287 45.6481 51.9474 52.2637 53.216 48.9887 51.2321 50.5035 
52.1256 50.1384 50.8759 49.25 49.3821 47.8277 51.817 47.1819 51.0452 54.9176 51.9208 53.8344 48.353 48.408 48.2469 51.3472 49.7801 49.2021 48.604 52.1316 51.7174 49.9625 49.7128 50.7005 52.6049 49.8665 50.5919 50.0475 44.5637 50.4565 52.5064 48.4513 47.8868 53.968 51.1021 56.667 52.6394 54.4098 52.0199 50.4361 49.7004 51.6603 49.8928 46.1382 53.8419 48.6731 47.9523 51.3016 49.7208 54.0124 51.1088 54.5743 48.9037 55.0535 51.4814 50.3626 53.2536 48.1754 51.5674 49.0261 50.7455 51.8887 52.3262 49.7043 49.1521 56.002 50.7787 49.4372 51.1846 49.1077 50.159 46.764 49.3514 51.1439 51.7633 49.7006 53.7889 50.52 50.8032 50.6349 49.0436 50.9757 47.4084 53.4192 53.706 53.459 50.3948 49.6667 52.0425 50.5777 50.4642 52.1173 53.0207 48.3055 47.1927 51.5532 48.6335 49.0476 51.0234 49.6788 51.2595 47.5562 53.6819 50.6156 51.0317 50.4583 48.8547 53.3336 51.8051 50.752 52.2304 53.5019 53.7461 49.1671 49.2207 51.8037 48.0578 44.8673 51.5786 47.0871 54.0058 51.5102 50.086 54.491 47.0639 52.6427 52.5279 50.3714 52.2997 53.5953 51.444 51.9045 52.3525 49.8338 51.8265 52.1159 49.3683 48.3996 53.3482 52.4958 50.2001 54.2046 53.915 49.4248 53.2176 47.1942 48.0461 54.5337 50.5502 50.3279 53.3239 46.2378 46.416 49.0128 46.1321 50.4704 51.8914 53.6511 51.3869 52.7064 52.1717 52.9595 50.2222 50.0828 48.8963 53.9013 49.7474 50.436 49.9522 50.8783 52.3936 47.8789 48.7882 47.2627 50.6873 52.0018 49.5275 46.612 48.6265 46.5333 51.6338 51.0174 51.3956 51.831 44.1231 46.4241 47.5272 47.9709 50.1615 53.3606 54.1519 53.4596 49.0544 48.1691 48.5264 52.7749 48.955 48.7956 47.3898 52.1503 
49.7822 48.0554 49.6252 50.0986 47.2536 48.7986 50.274 46.4997 50.0209 49.6685 48.8152 52.1364 46.6519 48.7384 48.1124 50.1717 46.4201 47.4722 48.0159 53.0314 47.6939 48.8032 48.9724 48.619 51.6246 47.8187 46.5416 49.1584 44.7498 48.4084 52.2801 48.7073 46.5227 50.3133 50.1475 54.2053 50.0831 48.806 47.6067 47.7368 47.8709 50.1414 50.0839 46.3952 53.0534 44.9419 47.5329 52.1565 51.8359 51.7752 47.7823 52.2026 45.764 52.2873 47.8096 49.1751 51.7215 44.2769 50.1632 49.2991 49.7928 47.856 51.7057 49.9046 49.0148 52.112 50.1248 49.9082 47.6315 48.2759 46.4666 45.4268 48.9204 52.4211 50.3375 47.637 51.2558 45.8972 49.9989 49.3823 50.4718 48.7995 47.2286 53.7872 49.8399 48.7191 50.1984 48.0634 49.7924 48.7405 48.8154 50.4147 51.2883 44.5851 47.7467 49.2647 47.5284 48.3595 51.0039 49.7075 51.0491 43.3421 53.0076 49.6735 48.5594 50.1536 46.1126 52.3949 51.3987 49.7793 48.9714 50.5037 52.0106 45.0488 45.5926 49.6422 47.1337 44.8657 49.3698 48.9981 53.578 51.1203 47.7778 50.7182 47.3012 48.6673 51.3319 48.4007 48.9671 51.0889 48.2792 52.517 51.1444 48.3081 51.8899 49.3446 49.4744 45.0269 51.753 51.7216 50.1598 50.3304 50.9826 47.3658 50.8775 45.8483 48.7575 50.9691 49.8278 51.379 50.5692 44.9957 45.5724 49.7662 48.4629 48.9569 48.5253 50.9804 47.6935 49.6089 50.2645 51.1827 47.7983 50.1833 46.6924 49.5732 47.1123 48.4035 48.0158 49.3049 50.1131 46.5864 49.152 47.8291 49.3954 48.881 47.7834 44.7247 44.3667 44.0977 48.5317 50.2609 47.7839 50.5527 44.8873 46.5559 46.0341 47.1014 50.3038 51.8557 51.477 50.0084 47.9897 46.4504 47.2766 52.6777 50.4254 48.9289 46.7139 47.3769 
53.9929 50.4305 52.7369 53.3012 49.9092 48.8576 51.9187 49.7087 50.6017 49.869 50.4994 55.2842 48.4343 48.7112 49.5447 52.6964 48.0648 50.2304 50.6986 55.4466 47.8743 51.0019 52.0353 51.1409 53.1482 48.8683 50.8152 51.4877 46.0818 51.088 54.1271 50.615 48.5386 53.4023 52.4558 57.4187 53.3112 52.8484 49.4505 49.265 51.2399 51.0516 51.9346 50.6111 54.6023 49.6923 47.6152 50.7009 52.768 51.6902 48.2317 57.0689 47.4014 56.9606 52.3888 50.4749 52.3758 47.4569 51.3711 48.1166 50.0105 48.943 51.643 51.324 49.9623 54.2704 51.5998 52.8553 50.9099 50.8995 45.5723 47.8132 48.0121 52.2453 51.7442 50.4865 55.1037 50.6948 49.6142 50.2347 50.0764 49.2902 49.9544 55.4012 53.0437 51.4134 49.8312 46.4523 51.5258 50.5387 51.2934 51.5073 50.9808 49.1438 52.0401 53.1574 48.8518 47.3428 53.3844 50.3675 53.9362 48.3071 52.4348 49.9738 53.7347 50.1599 47.3178 52.7278 48.9464 51.751 54.0695 53.294 55.008 50.0547 47.7534 52.2493 45.5742 50.1409 50.0489 48.3886 55.3357 53.5175 49.8248 51.5015 50.2164 52.3196 52.6501 51.9527 50.812 51.8576 51.9615 49.991 53.1716 48.7674 54.1488 52.4774 50.9416 47.7616 52.7845 55.1214 50.7612 52.9633 55.042 49.1137 52.2968 49.4809 50.3281 55.4946 52.5972 52.6236 55.0271 47.6986 49.7657 50.8657 46.489 51.6675 53.2817 52.5679 50.034 52.3189 52.6856 52.8644 50.0518 51.8854 48.6533 53.2564 49.912 52.4919 52.2725 51.1207 51.0453 48.3938 49.8879 48.8148 49.1818 52.1371 49.7276 48.2177 46.6874 47.8471 49.562 52.0864 50.0859 51.7202 45.9157 46.0381 46.886 48.7614 51.2931 53.4527 54.0465 52.8436 50.1201 49.5878 50.0962 54.5783 51.1226 50.8874 49.9192 49.053 
52.6356 46.4835 50.4448 49.1574 49.8569 49.4426 49.3763 45.8437 49.2202 51.0673 50.1654 53.5165 50.9335 49.0104 49.0469 51.8753 48.5148 48.4656 51.4741 53.1763 47.4873 50.5679 49.2349 51.1533 52.3418 48.9297 50.472 48.7774 45.5964 50.7509 51.212 50.0516 47.8204 51.8981 50.8778 56.1008 50.9842 50.6425 47.7443 49.2104 49.1005 51.117 50.0784 48.4714 53.2093 45.7558 48.2178 51.151 50.7301 51.0263 48.0554 56.0447 49.6907 55.2426 50.3411 48.8576 52.525 46.2858 50.0708 49.0157 49.0209 48.6537 51.2438 51.6398 51.4963 52.9178 48.7658 50.5898 50.8076 48.0169 47.641 46.6601 46.0438 49.6485 50.299 49.078 51.8587 48.3824 48.3911 50.6003 46.9155 49.1368 46.7057 52.8627 50.8967 50.8619 51.9419 48.9663 51.9245 50.2315 52.5473 49.9561 53.5777 45.6495 49.1407 51.9498 46.413 46.778 49.8393 50.963 53.8072 46.5748 52.8736 48.9767 50.0076 50.0111 47.6217 54.8755 52.6869 51.6951 50.7309 53.6303 51.8893 50.9374 47.5925 50.7952 46.3067 46.9637 49.7486 50.0253 56.095 52.6414 46.5781 49.584 50.5946 49.5263 50.8757 51.2713 50.4254 51.0702 51.261 49.8151 52.7965 49.8359 52.9579 49.4627 48.0367 48.2308 53.0101 50.4118 50.2065 52.4747 55.1289 48.43 50.5975 46.3005 50.5143 49.4835 51.861 50.3441 50.6413 46.3213 46.5448 50.0769 48.0863 48.7368 53.0439 51.5406 50.4549 52.6413 52.1863 53.4543 47.9218 52.1501 49.7998 51.96 49.6022 48.8594 48.5246 49.8722 51.5217 46.7329 50.7724 46.9736 49.4079 50.7831 51.2032 47.3399 45.2979 46.7241 49.9211 52.5602 51.205 50.1161 44.1097 46.6473 45.9098 46.7554 49.7751 53.0767 50.7439 49.2827 48.4752 46.7589 48.9559 52.6216 47.8263 49.7782 48.8194 47.7394 
50.6752 47.2155 48.6798 50.0548 49.8253 50.7539 48.5656 48.9886 48.9068 52.025 50.1728 53.3021 46.8161 50.426 49.1166 49.9357 47.8658 49.1793 48.2338 52.3425 47.2128 51.0614 48.7028 51.9954 54.4667 49.3281 49.4641 49.4092 45.5784 49.8544 53.322 49.0917 45.6289 52.977 51.0019 55.7302 50.7415 51.144 49.6097 48.8176 48.5379 51.7057 49.0787 46.3506 54.6967 47.657 48.5412 52.4976 51.3524 49.3843 49.682 55.3475 47.4193 54.9249 51.1609 49.8077 50.3872 47.3723 50.133 49.9178 50.9268 47.7429 52.6005 47.31 49.6503 53.7431 50.4825 49.0666 48.6021 48.6917 49.5893 46.9772 48.2572 52.5188 51.6164 49.7302 51.5281 49.3238 51.9954 51.0302 49.0164 50.7142 48.2279 52.9633 50.3472 53.0598 49.0059 46.9986 50.8152 48.6888 52.7369 51.0659 50.8207 47.1569 48.4104 53.5412 47.8565 47.3142 51.2124 48.6257 54.643 44.6979 51.4013 51.6604 51.9059 49.0579 48.9477 51.9551 50.5314 52.6532 52.7315 51.4731 53.5526 45.8063 50.6118 49.3544 46.7823 47.1767 48.8516 48.4862 54.1011 52.112 46.1747 50.6742 49.5027 51.442 50.7531 51.0533 48.9568 50.6868 53.1112 49.3766 50.7703 49.5425 52.7205 51.2265 51.3705 46.2247 52.1587 50.4894 49.6733 52.1167 55.0015 49.4097 52.8795 46.0195 49.4433 49.99 51.5538 50.6903 52.7715 45.5704 45.883 50.9898 46.2886 48.7435 53.4049 52.3513 48.5059 50.2477 50.6805 53.4138 47.0354 52.8391 47.9105 52.2887 48.225 49.2434 50.9596 51.204 51.4315 46.206 50.0643 49.307 49.0752 51.7383 49.3479 47.296 45.2225 46.6859 50.3475 49.3873 50.8952 49.2004 46.7511 48.2547 46.8406 49.0562 52.405 54.5888 53.0968 50.9806 46.9082 49.5856 45.84 52.7361 51.1931 48.4713 48.8224 49.1399 
52.4491 47.1194 51.3939 51.5072 51.4249 48.6604 51.4101 50.22 51.5466 51.4697 49.4177 50.8057 49.3716 50.3855 48.6877 49.4835 48.1668 51.1201 49.5369 52.7104 47.452 48.7479 50.5702 50.9077 54.0241 48.0797 49.5525 50.9553 44.7 48.548 54.1822 49.9356 47.3371 51.186 52.5933 54.0032 49.8255 51.0123 50.4706 47.1284 47.7556 53.5573 52.3914 47.2441 53.7041 47.9529 50.1809 53.5554 50.5535 49.6751 47.3995 54.4062 47.2837 56.8774 49.7403 48.3808 51.1945 47.1651 52.3031 49.2319 50.8509 47.6118 49.5775 50.7336 52.4536 54.3392 48.0413 50.7022 49.2314 47.6281 49.8779 46.4894 47.9926 49.6667 51.7269 48.7778 51.3621 52.6506 51.9514 49.0243 48.9766 49.7666 51.5213 51.4627 52.0528 49.6797 50.546 46.5861 51.7601 52.0327 48.5687 50.4446 51.7395 46.5134 48.9118 53.069 49.6335 50.0447 52.4262 48.562 49.4722 45.1648 52.4953 48.8318 50.8593 51.2443 50.744 51.4593 50.1624 52.5481 52.2042 50.3986 51.9267 50.0883 46.9045 50.8865 48.4174 44.4995 48.9502 49.5005 55.2647 49.3406 46.5147 51.5599 47.4118 49.7854 48.6199 51.4476 51.8721 51.9404 49.8061 51.1131 54.7035 51.328 51.0753 51.9608 48.5191 48.1384 51.6175 52.5785 50.5835 54.1204 55.1443 48.272 50.3963 48.4925 48.8085 51.3192 52.9411 50.7557 51.7176 46.6015 48.1066 50.6616 44.726 48.9444 52.9645 51.0191 49.6199 51.4733 49.5656 53.9867 47.7931 52.1998 49.4375 50.8575 48.8763 50.4972 50.2209 51.0341 49.5034 45.8664 47.8148 48.3596 51.5739 49.4718 48.6297 48.0162 45.2541 46.7844 49.7688 49.4297 49.9495 50.4884 43.9294 47.816 45.7882 46.7706 52.4003 52.4139 51.7872 50.5088 48.6261 46.9595 46.8803 53.9036 48.5741 48.8443 51.5958 50.3652 
53.3897 47.9 50.2613 49.8105 50.1784 50.6529 52.737 47.351 51.0364 50.9172 50.0115 52.9509 47.9303 47.1314 48.5115 49.5451 49.5387 50.2864 46.9938 54.8647 47.1545 50.2993 48.0017 48.3232 50.6502 49.1264 47.3777 51.0466 44.8034 48.9844 52.8923 48.8395 47.9494 52.6895 50.386 52.2264 50.3173 49.4872 48.7261 50.0175 47.86 50.2732 49.5604 46.9709 56.1302 46.6028 47.8987 50.5957 50.9426 51.0617 48.531 53.9012 44.1857 53.142 50.1819 48.482 53.4811 46.9095 50.0937 49.9875 47.2256 48.3051 51.4204 49.9501 49.2248 53.4257 48.618 51.1878 47.568 47.6789 47.319 46.7378 48.888 52.4477 49.6505 49.027 53.6803 46.2281 50.366 47.6262 47.7426 56.1893 46.4766 51.6629 51.1371 51.7799 50.1261 47.4345 50.1562 51.4877 50.4382 51.1825 51.2639 44.9522 46.1303 53.6743 46.452 47.1427 50.6654 51.254 52.8507 43.8036 52.0984 50.6566 50.5356 50.7075 45.3504 52.1126 50.9711 52.1713 49.1798 51.4093 50.562 45.6217 45.1391 51.1593 46.0226 45.7182 48.1549 51.768 54.3573 49.9595 46.8099 51.6809 46.1083 49.8686 48.7962 49.1301 48.4342 50.8277 50.7603 51.4639 52.1399 48.1119 52.2333 48.793 50.2855 47.1007 53.5969 51.7794 51.0358 50.7557 52.6689 46.6387 50.0163 46.1722 50.1565 51.184 51.5958 50.6279 49.7423 46.6098 46.9313 49.8 45.0409 49.0357 51.2111 52.3498 50.3699 50.4239 49.0801 53.2829 48.1197 49.9603 46.684 49.3212 50.8212 50.9929 49.0975 51.2226 50.4841 43.8676 50.5416 47.0004 50.2737 49.425 50.3902 44.0818 45.5058 46.7152 48.0949 50.4808 50.5933 51.9332 46.8287 47.6529 45.5057 46.5051 50.5471 51.2915 50.4572 51.6671 48.2262 48.1287 47.9725 53.9005 48.9966 47.3403 46.8447 51.3437 
52.1811 47.3992 51.1289 52.6154 50.6646 48.3165 53.8706 51.8675 50.1341 50.7774 50.8852 54.3874 48.3297 50.8256 48.6184 51.8695 49.1472 49.9449 49.4357 52.6764 48.6372 50.8967 51.8106 52.1186 52.0879 47.2566 51.2014 51.6016 45.1975 51.1069 55.0563 50.534 47.0878 50.2398 51.6709 55.9069 52.2394 52.1884 48.8985 49.6661 52.2512 51.6115 50.3473 47.5911 53.7535 47.9969 48.0076 50.3011 51.9033 52.2011 49.9482 55.4643 45.8159 54.5994 51.2304 49.9232 51.6429 47.0574 52.3441 49.3919 51.3605 48.6402 53.0848 49.8994 48.33 51.8596 50.0673 51.1485 47.7992 49.6579 48.1041 47.3698 46.9531 52.0955 52.03 47.0891 51.9542 51.8277 51.1176 52.1672 47.963 49.6323 51.191 52.7414 53.0704 51.4539 51.5196 47.9691 51.4618 49.2585 50.6091 51.1842 50.3456 45.113 50.754 52.1966 49.1013 47.594 52.4879 50.8954 53.5469 46.1634 53.5224 49.6307 50.1554 50.4146 49.3797 53.9979 52.058 51.2256 52.8181 52.2437 53.28 47.6469 48.0818 50.438 46.2915 46.7991 51.9376 48.2118 55.452 51.9031 48.3401 50.8064 47.2966 51.2467 50.7818 52.3495 51.7423 52.2527 50.8617 51.1049 50.9876 51.2598 51.7846 50.4642 51.5408 47.955 52.261 54.1037 49.9945 53.9803 53.2291 47.6661 53.5971 45.5818 49.4518 53.4579 51.3129 50.4819 51.9552 48.6855 44.0247 50.8403 46.5809 50.9051 50.4018 49.9921 50.6427 50.116 50.1491 55.0368 51.9742 52.4136 47.8177 51.441 49.0753 50.4719 46.941 50.0972 51.4747 46.9633 50.1032 46.9016 50.2873 48.4942 50.1868 48.8516 45.3605 48.7399 49.9929 52.8742 49.9754 49.8709 44.4798 46.1814 47.6389 49.7805 52.424 54.1427 53.1938 51.822 48.5583 49.7167 47.8324 52.7912 52.1033 50.0931 52.433 51.6942 
53.9868 49.7226 52.3081 54.0389 50.8457 48.2546 52.7939 48.3607 49.6954 51.1043 50.8326 53.8097 47.2224 47.7275 52.1861 52.153 47.9317 50.4389 49.5266 54.7159 48.3202 50.2002 49.3775 51.4989 53.0127 47.5975 49.089 51.4098 45.3889 51.8702 53.9952 48.0865 45.2199 52.6787 51.7159 54.9096 51.9715 51.6365 49.6549 50.0645 48.5846 53.2185 52.723 49.4597 53.8414 49.6149 48.3841 50.8866 54.9212 51.2226 50.869 55.5748 49.6579 57.0325 50.0927 52.2825 52.9226 45.4114 52.7532 49.3436 52.4325 49.3382 52.2055 49.2103 52.0798 54.6511 51.3947 50.5105 51.1793 49.0683 48.4592 46.9381 50.301 53.5954 50.6862 49.1356 50.8589 50.7531 49.3226 50.6137 48.818 51.5571 47.4416 53.9957 52.563 48.8277 47.8309 46.5287 51.255 51.6554 48.9061 48.9942 51.6187 45.8652 49.2863 53.1151 48.2208 46.772 50.8919 49.3259 52.2008 45.1254 52.1225 50.9966 52.1504 52.1736 47.596 52.8363 50.2885 52.2695 49.5894 49.9446 52.489 50.8971 48.6542 51.6674 48.1633 47.403 50.8414 49.941 56.1512 53.3743 48.5842 52.1617 48.143 51.8907 50.2695 49.9789 50.3926 53.9551 53.3885 53.4753 52.8466 50.9171 53.761 51.3347 51.1163 49.004 53.778 53.5437 50.7698 51.4835 54.6013 49.3913 52.1068 50.1754 52.2628 52.2656 52.8649 51.9087 52.3556 48.212 47.499 50.3111 46.5437 48.9376 53.2445 52.058 47.8374 51.594 53.2479 52.7677 50.1912 51 49.2318 50.205 50.4281 50.0693 49.6834 51.092 50.3028 47.6712 50.8799 48.1908 49.9901 49.2504 50.4526 49.4816 47.6876 45.8501 48.4581 52.7712 50.3923 52.9234 47.5592 48.6531 47.5097 47.2475 49.165 53.1608 54.2646 51.1359 50.3133 48.0726 48.6804 53.0667 49.6654 48.9868 47.3268 50.9933 
47.9571 45.4693 46.1312 47.7886 47.6096 44.8168 48.8322 46.1305 46.7248 47.1615 46.5219 49.9117 44.4808 44.0393 44.5743 47.0208 45.8018 48.8036 45.2594 49.8881 43.5501 45.8766 47.733 50.5363 49.5286 42.7604 42.716 46.7692 42.0675 47.3371 47.6112 45.1465 44.2763 45.0356 49.3952 50.0534 47.816 47.423 47.0318 46.299 47.1941 47.5481 50.0381 41.9899 51.4065 40.6567 46.2206 47.2342 48.3805 47.5607 46.022 49.9931 43.2547 51.276 46.3209 44.9649 48.2116 43.8453 47.6519 44.0894 46.5529 46.4235 48.1161 47.1401 44.5097 48.7395 44.1833 48.0883 45.3653 46.362 42.8397 44.5359 45.6264 44.7247 44.4042 46.2438 47.4434 46.6332 48.0063 47.0467 44.5212 47.1783 46.4267 48.5111 48.9308 46.6278 47.7915 44.1791 47.8613 45.4898 46.9205 47.3214 49.4128 40.1039 43.9864 48.2069 42.7666 42.2721 46.7705 46.251 51.3634 42.9611 48.1575 44.7985 45.9551 45.496 44.5173 49.9659 46.0775 48.444 48.9474 45.5162 49.5934 46.2511 43.4807 45.5105 42.5628 42.0456 47.5498 44.8656 50.9765 48.1184 43.0399 49.5696 44.4934 43.5791 44.9431 48.0942 47.6678 47.0028 47.1129 47.141 47.5487 46.1885 49.3984 47.7777 44.1875 46.5501 49.8613 46.065 46.879 49.4584 48.1298 43.391 49.0457 44.1388 46.6439 49.6352 50.7405 48.8663 47.3704 44.0504 43.5975 47.6823 44.4736 44.3169 46.5855 48.5565 45.0722 47.2064 48.1043 49.8875 46.3437 49.0261 43.4954 48.1518 45.3686 45.459 46.0589 44.9795 48.2375 45.3766 46.2808 45.2178 47.2909 46.9612 45.4705 45.0116 39.8087 44.7073 44.0786 48.5845 48.6238 47.5484 42.6246 45.3584 44.1654 45.2204 47.6897 48.2845 49.1603 46.9951 45.1095 47.5619 44.2357 50.7325 46.9684 45.5393 45.6699 45.3675 
48.8866 48.1977 46.6192 48.0389 46.5566 48.4897 50.4427 45.5028 48.4684 47.884 47.5976 49.3456 43.2837 45.726 46.9034 47.9733 48.0301 47.1473 45.3723 51.587 48.3759 47.8692 45.8385 49.5798 47.6876 46.8321 46.8598 46.3164 41.9251 48.8587 49.5405 47.0783 46.5118 49.7711 47.9521 52.5069 49.3531 49.9534 47.7616 48.3938 46.9696 48.4312 48.8588 42.3133 53.0469 47.0685 44.5501 51.0452 48.7645 47.7777 49.0893 51.0437 45.1661 51.5567 47.7465 47.0146 50.3347 46.3224 50.4186 46.9335 47.4697 47.4124 48.9013 48.2918 48.1006 51.2637 46.3156 49.5131 46.3601 47.5185 46.9723 45.6953 45.897 49.4718 48.4399 48.1877 50.8236 49.3474 47.0634 48.022 48.6171 50.1702 45.613 51.8207 50.0794 49.8828 49.9645 43.603 51.1762 48.0035 47.5593 47.8223 49.2774 43.6489 44.3861 50.6753 44.5956 45.3115 49.7102 47.336 49.5145 43.9899 52.0754 50.1971 47.5631 46.6243 45.4754 49.2068 48.792 52.6331 48.2208 51.0583 49.7575 44.8936 44.2904 49.6538 43.435 45.522 47.1884 46.7501 52.0427 50.3987 46.0062 49.4512 43.9197 47.0271 48.2735 48.1201 47.5198 47.8961 51.3197 47.9393 49.9452 47.0114 50.5049 47.7075 45.5414 44.0602 52.5211 49.1838 49.1541 49.8668 49.1766 45.793 49.8319 44.2491 47.663 47.5341 49.6445 47.7848 49.4989 43.6553 46.6553 47.8786 43.6877 46.9387 49.7686 48.8282 46.3593 49.8648 51.5538 52.6971 47.4444 52.3039 46.4612 50.0857 47.0801 47.1306 46.926 47.7267 48.7247 45.3377 48.3096 44.8424 47.2617 49.6881 47.7356 44.733 45.47 45.585 47.8572 48.059 48.4395 51.4151 44.8621 45.3451 43.7105 45.5641 47.6828 49.8417 49.7619 47.8303 46.387 48.0863 45.3844 52.2621 47.1949 47.7144 44.9688 47.2566 
56.9993 53.2223 55.3646 56.2379 54.3084 54.4041 56.7104 51.3543 53.5574 54.3949 56.5982 56.7008 52.9714 54.055 52.6124 55.9842 52.3396 52.7993 52.7756 57.3039 50.7684 52.9905 52.9898 55.8913 58.8734 51.5404 54.7841 53.9765 49.7129 56.7798 56.574 53.3847 50.8278 56.026 57.0208 60.8602 54.6592 56.8016 52.5292 52.2069 52.7851 55.9768 53.8277 52.2475 58.7749 54.2727 52.0868 55.4607 55.0182 52.8576 51.2783 58.8667 51.6676 58.6507 56.3402 52.9449 55.9375 49.5323 55.23 54.2339 54.7174 53.6261 58.2053 52.5998 55.6152 57.3084 55.4278 54.1035 52.112 52.1208 51.4971 50.2338 55.5565 55.2778 54.498 53.6997 55.6408 53.2005 53.0256 53.1345 49.4875 54.968 51.6268 57.495 55.2657 55.501 53.8207 51.328 55.8413 53.8686 55.5523 57.1993 55.9577 49.378 55.0036 55.9588 51.3643 52.5959 55.885 51.8879 55.8595 50.06 57.0156 54.9789 55.2078 51.9765 51.425 55.4499 54.7123 54.0984 55.628 54.6974 58.3599 52.5334 51.363 55.9977 50.2826 50.336 53.7273 53.3184 58.2133 55.2387 52.9195 57.6116 50.9161 54.7349 53.0843 54.8441 52.6545 56.0507 56.9459 56.3915 57.9144 53.204 57.3285 54.5377 53.7251 52.9092 58.5633 55.837 55.924 55.3354 59.0842 52.5129 55.6133 53.3647 53.8626 56.8054 53.8635 54.5427 55.9436 50.6018 50.4275 53.208 49.9134 53.5004 56.9454 55.7622 50.9543 55.2127 55.8981 60.158 51.9969 55.1556 51.5167 52.7903 53.0897 55.0349 53.8867 54.5871 53.1452 50.7802 55.8043 51.8049 55.037 53.0251 54.6973 51.0817 48.8521 48.0375 54.5257 57.723 52.7025 56.6853 51.7575 52.5884 50.0139 51.9235 54.7649 54.4425 54.5768 53.621 54.2834 51.549 51.3997 56.3756 55.2407 54.0668 53.2057 54.1835 
54.6841 53.0306 54.8258 51.0191 52.759 50.8916 54.3315 51.5644 52.089 53.4681 55.3635 55.3816 51.2455 48.9263 51.8751 51.1054 49.0577 53.6569 50.6936 56.5735 51.1488 52.6414 50.3241 52.8586 55.6221 49.9531 52.0586 51.6941 47.4315 52.5342 55.7171 52.4699 49.8657 54.3507 53.952 59.3489 52.9993 55.262 53.5023 53.9331 50.3309 51.8029 56.8781 48.2439 56.3618 49.2024 48.9227 53.3099 53.0365 53.311 50.757 58.0317 47.595 56.2026 52.8164 54.3308 55.4203 48.6315 52.1707 51.3999 50.9585 52.7308 54.5331 53.5516 49.7289 56.6381 53.2836 52.9562 53.5812 54.7488 51.9957 50.1126 49.4357 54.3712 50.1652 51.5676 56.7542 51.1264 53.5938 53.4631 51.947 54.3942 52.4984 55.3172 54.6141 53.5064 53.257 47.9783 53.3534 50.9359 54.3533 55.9405 52.8937 47.4507 51.068 52.7503 49.7299 50.9259 52.8979 52.1173 54.0893 48.1155 53.8251 51.3566 53.6107 53.5956 48.6061 53.6899 52.6445 55.1527 53.8231 53.4818 55.5094 49.1267 47.8013 53.3381 47.2291 48.056 51.5874 51.9296 53.8281 51.3995 52.1881 54.4909 49.9157 50.548 50.874 51.9364 54.7487 52.2867 52.2879 52.3413 54.6546 51.4079 55.5559 51.8395 51.6931 46.9882 55.1569 56.2992 52.5896 52.9224 54.5556 50.1447 51.4588 48.5619 52.2561 54.6241 55.0988 53.0134 56.2897 50.8279 50.0604 49.9743 47.2023 52.8916 53.1555 52.8539 51.6213 52.5148 52.9458 54.469 50.311 52.7421 49.3712 52.1131 51.9778 52.8863 52.9723 52.6135 55.3543 50.3563 49.6049 48.8224 51.6435 52.0848 51.1336 49.3838 48.0171 48.9233 50.5639 54.1472 50.5752 53.4811 45.0097 48.6435 49.9434 49.7516 53.9704 53.5631 55.2723 53.7435 51.4432 51.0027 53.4914 57.194 53.307 49.158 50.5656 49.8721 
54.4184 52.9679 53.8023 53.1605 51.3914 52.8171 56.0275 51.5575 51.5832 51.1244 52.5397 54.9671 50.4896 51.5476 51.4943 52.1482 52.0422 54.2158 49.5331 59.9012 50.3642 51.8218 51.7833 55.7491 54.0209 51.9926 49.856 52.5229 49.1166 53.3131 56.2316 50.759 48.9008 54.9212 55.6571 57.7429 52.6818 55.7522 50.0569 51.6081 50.0759 53.184 53.8441 51.444 56.6769 50.6506 49.6587 53.8766 57.8386 52.5926 53.5851 59.5268 49.4919 59.6811 52.7071 54.2865 53.5589 49.007 53.8746 52.0274 51.9136 52.0862 55.274 51.0534 51.6094 57.3713 51.832 54.7543 49.2787 50.2265 51.0231 48.7751 49.2252 53.613 53.2752 51.1582 54.1581 52.5042 50.3715 51.7883 50.5017 55.0792 51.8777 54.4791 53.0246 54.6002 52.0481 50.6925 54.0863 55.7146 52.3489 54.7571 53.9898 50.0979 51.7699 53.0115 50.0702 49.7283 52.7587 53.4532 55.7688 48.0562 57.6659 51.0536 53.9067 54.0622 51.0421 56.4937 51.747 55.9794 54.9812 52.1206 54.4982 50.7397 48.1543 53.2617 47.8079 49.097 53.1515 51.8186 57.2931 53.385 49.8564 54.2735 49.7658 53.5311 51.1219 53.337 53.3095 56.1224 54.8691 54.6616 55.8692 52.0111 54.1487 54.4527 54.5881 50.1435 55.478 54.3937 53.9461 56.5421 57.3628 50.4874 54.1457 51.727 52.9286 54.9214 52.852 50.8629 55.5705 48.8573 48.3033 51.8927 48.8453 53.8606 56.8961 54.4486 50.4989 53.9469 53.402 56.9881 52.0853 54.1001 52.209 53.7589 54.8479 52.389 52.9644 51.3026 54.2239 50.3687 52.3299 50.4181 52.9705 53.5067 51.4806 52.2947 48.8807 51.7975 52.5958 54.8871 50.6303 54.9907 46.208 48.7639 49.7983 49.7905 52.9937 54.6278 53.9674 55.1153 52.8203 50.4843 51.7365 55.9954 53.0068 50.3346 51.4926 51.2965 
49.4386 46.2675 45.9805 47.8146 49.1459 46.6523 48.2283 45.516 47.8482 47.2736 49.0385 49.0274 46.3652 46.7578 47.2853 45.9629 45.0193 45.5478 45.1511 48.6886 47.1498 47.1329 46.5087 49.1505 49.1531 45.7556 46.6547 46.9398 44.5027 47.6468 49.0999 46.3858 43.5604 49.6478 51.2935 50.874 49.1203 49.2376 47.3014 47.5397 45.9407 48.3132 49.2073 44.5305 50.2476 45.1155 45.8165 48.8011 49.3561 46.7163 46.7613 51.9785 44.3621 51.1021 48.2334 48.6559 50.0005 45.2514 46.5114 46.0537 49.645 49.0066 48.0047 47.3958 46.1509 51.7954 47.8142 49.7009 46.2347 46.811 44.8506 44.3367 44.6162 48.4648 49.494 45.0937 52.3898 48.7822 49.2452 47.5087 47.2479 48.1196 45.6337 49.329 49.3025 50.0816 46.9119 47.1852 52.1546 45.7752 50.0927 49.4612 48.2259 43.224 45.4662 50.0945 45.1772 47.1773 49.3547 49.0201 49.3069 43.0404 52.7156 46.8247 48.0073 49.7484 45.3591 51.8561 47.9204 49.0023 48.1292 47.8472 49.9132 47.5829 44.1376 49.0375 41.9599 44.3051 48.383 44.9366 50.7324 49.6636 48.1119 49.0005 45.925 48.0338 48.2314 44.1747 43.7077 48.559 48.4457 48.1275 49.2228 46.9209 50.1853 49.1995 48.0309 45.975 50.5211 49.2413 48.3748 48.6359 49.4807 46.554 48.1475 45.1715 45.2857 49.6352 46.7175 46.5163 51.5457 43.2407 42.1292 46.3705 43.2624 47.5741 49.2881 48.6442 46.9501 47.7553 46.1169 50.4713 47.1229 48.4578 44.7106 49.3572 45.7391 47.5776 47.5592 45.9684 47.6368 43.0071 47.6684 46.0428 47.4367 47.984 45.7695 48.2432 44.7469 44.9486 45.3919 46.9324 44.8002 49.3642 44.7508 44.6557 43.109 45.7895 48.5431 47.6226 48.8109 47.5562 46.5306 44.4746 43.8872 50.858 49.7692 47.1235 43.5346 48.5283 
53.9653 47.3977 50.7808 52.0579 48.9339 49.6968 51.4842 49.9189 49.687 50.9503 50.332 55.6085 50.3801 51.4007 47.4178 50.9783 49.4608 50.1259 48.724 54.9987 49.9969 50.1651 50.4878 52.4953 53.1651 49.3533 50.6269 49.5437 47.146 51.302 51.9998 50.0397 47.1288 52.5181 52.7657 56.2495 51.2619 52.311 51.0867 50.703 48.896 51.5172 51.9845 48.9529 53.619 50.8464 48.5569 50.0605 53.0118 48.6394 49.3489 57.2769 48.4055 54.9374 50.2845 48.6124 53.2723 47.836 53.4429 51.2374 51.1113 50.0721 52.6866 50.813 51.1652 54.0091 50.9264 51.8312 49.0344 50.0964 47.1281 45.3735 48.0103 53.2233 50.9099 50.1916 54.0524 51.4365 50.1605 50.5677 47.6115 52.8825 49.4702 53.0286 51.765 53.3722 48.1221 46.8769 53.1393 51.2477 50.0433 53.6042 53.7916 47.1414 49.3798 51.4316 47.8466 48.3188 51.9668 47.207 54.7857 45.9356 53.689 48.1561 51.8599 50.6472 50.2359 53.9836 49.6306 51.4997 51.2528 50.3331 52.3387 49.8281 48.3428 52.0312 46.8392 48.4365 49.435 50.2874 54.1811 50.9633 48.2535 53.6591 49.3824 50.6249 50.9819 51.2649 49.5488 52.6216 52.0612 49.4768 53.5093 51.0293 52.2282 50.1699 50.8769 50.0957 53.1674 53.1457 52.4637 53.651 55.2228 48.8449 50.8741 50.7692 49.2141 51.9487 51.2423 50.6785 53.2255 45.6618 46.9086 50.0659 46.7497 50.8167 53.9787 53.5936 49.787 51.7412 50.7285 56.1903 48.9181 52.4451 48.3701 52.5231 52.954 51.3632 50.5181 48.8564 52.2731 45.3145 50.0458 48.7105 51.8689 50.3882 49.2931 47.9537 47.2699 48.8644 49.7884 53.0021 50.84 52.7709 45.9742 47.239 48.2391 48.2469 52.8145 52.7753 52.7417 51.1589 49.9498 48.5354 49.2455 54.4968 51.9176 47.5349 49.7478 50.7868 
53.4879 49.58 51.601 51.482 52.554 50.0024 52.9432 51.2602 51.0896 51.7994 50.9079 52.4802 48.94 49.5446 49.2939 53.6589 51.2624 49.7954 49.7377 55.0312 49.9505 51.4169 51.541 50.404 51.6082 50.1202 50.2808 52.0398 47.6346 52.1091 52.9279 48.6019 48.3301 53.4145 53.6271 58.2678 52.0412 51.8581 50.5661 48.6544 51.9954 53.0552 53.7767 47.3516 55.3043 49.9454 48.8002 53.0075 54.1794 52.0644 53.4707 55.959 46.7054 54.8029 52.2136 50.268 53.4232 48.2158 51.3085 49.6148 51.7097 50.5068 53.309 51.4121 51.4604 53.7647 49.9538 52.3153 49.4582 49.9291 51.0302 48.8311 49.9285 54.0084 51.6727 49.6581 54.0715 50.1346 49.6951 52.3067 49.4875 51.9965 51.0116 54.1475 52.1404 53.6046 52.1557 47.928 53.3252 52.3024 49.8956 53.7119 51.1494 47.7832 51.7161 52.0434 47.2898 49.8894 53.9619 50.9712 53.9112 47.8277 54.869 51.0491 54.8141 51.7099 48.713 52.7723 50.8142 55.5576 52.7788 54.1205 54.0577 48.1582 47.6425 50.6997 46.1985 45.2097 51.0294 48.794 57.443 50.0331 50.669 52.9322 50.0202 51.2506 51.6649 53.1166 51.1222 51.7229 53.5433 50.5076 54.1405 50.9308 54.1234 51.7973 52.9307 49.3135 55.3059 53.1089 51.1374 52.1281 53.9473 50.3173 52.802 49.2013 48.0733 54.3034 52.1258 53.7827 54.9579 48.58 46.4484 51.2781 47.8991 48.6951 55.6721 52.6233 48.4767 50.8657 53.1364 54.8711 49.5054 54.0485 48.1547 51.7476 51.0037 51.1803 50.2474 51.6677 52.4774 48.8213 50.0753 48.0853 52.8523 49.5912 49.5104 48.4344 49.1051 49.1187 50.542 51.5266 50.7645 53.7009 47.9336 48.0302 48.3735 48.1006 49.5368 54.2279 53.2641 52.8462 50.0997 49.423 49.5841 55.3789 52.3578 50.8271 48.6519 50.3304 
54.8339 47.1312 51.5039 50.8692 49.8671 49.1482 51.7165 48.4053 51.0511 49.9842 50.8336 52.6681 46.7896 48.9985 49.5216 50.1508 49.2824 47.7981 48.8132 55.7628 46.8516 49.9571 48.6397 51.0063 53.9149 46.9284 49.4844 48.5499 44.8823 49.7224 52.4674 49.0273 45.2501 51.108 49.9826 55.6161 50.1289 53.7903 49.2036 50.8405 46.2816 52.4785 51.2 47.6543 55.2555 48.7924 47.4908 53.2817 51.6897 51.7944 48.0539 56.0378 47.3617 54.6844 50.3306 50.1837 52.0336 45.5789 51.2388 49.637 50.2001 50.3016 51.5506 48.9423 49.5203 53.9544 50.433 51.1073 48.5856 48.9944 48.9294 47.5269 46.0951 53.2274 47.7723 50.8371 50.228 50.5009 50.0377 51.3138 48.876 51.4214 46.2258 53.8235 52.3339 52.6724 49.2287 47.2704 51.2097 49.2303 47.7511 51.324 51.2535 45.2896 47.999 51.8301 48.2759 46.0994 50.26 48.0649 51.7271 44.759 52.535 49.5447 52.686 53.7597 47.5788 51.8744 52.5497 53.2226 52.9059 50.9031 49.9941 49.5581 48.9745 49.9173 48.2532 45.8844 50.5858 49.7584 53.8138 51.0715 46.6179 52.5224 46.2603 48.599 49.8022 49.4257 52.9894 52.1594 52.1107 54.0694 51.489 50.8362 54.8965 50.1057 50.0577 49.5911 52.8335 52.4359 50.3759 49.8728 52.3317 48.6998 50.5191 46.6183 49.78 50.5219 53.1458 51.1253 52.6119 47.7609 46.385 50.1729 46.3466 49.0256 52.8 50.8149 50.7735 52.949 51.4212 52.3246 46.8813 49.805 48.5337 52.2241 51.202 51.5641 49.8317 52.8985 52.2149 47.0571 49.2149 46.2571 49.0849 52.555 50.5186 48.6516 46.2157 48.1279 47.7089 50.3778 49.9629 50.7733 43.896 49.19 44.1725 47.2977 52.3998 54.6568 51.6792 52.7166 48.1004 49.8704 48.7388 52.5004 47.4466 48.7281 46.608 47.6732 
53.2454 48.966 52.2617 49.9728 49.4985 48.3453 52.1563 48.2362 49.0179 50.5583 51.8422 56.2007 49.1176 49.7373 47.832 49.8291 50.2648 48.9831 49.6667 54.1341 46.0473 49.3699 47.1793 49.4207 52.0396 50.8892 50.2157 51.853 44.5997 49.3197 52.3531 47.4138 48.6925 51.5046 51.9511 56.1216 51.5724 49.7697 50.1741 50.3394 49.7422 51.7124 53.9947 46.1671 53.0119 47.794 48.8833 52.5377 52.1186 51.0128 50.0404 52.374 46.5143 55.0234 49.8525 50.3981 52.6895 47.2983 53.2127 51.9725 49.8123 50.0098 53.6057 51.8845 50.6244 53.8151 48.6815 49.7907 50.3337 50.743 48.9749 48.2504 45.1827 51.1991 49.21 49.4458 52.7698 48.7307 49.3157 49.8281 45.2036 51.7411 48.344 53.2295 50.0982 51.3568 48.4635 46.7454 53.2838 48.6683 51.2793 54.6657 52.9439 44.201 49.703 51.2898 48.0516 50.0489 49.439 50.7117 54.2546 45.6006 51.12 47.8786 52.2593 52.2728 46.2095 54.5241 50.4257 52.3438 50.9012 50.5839 53.0031 49.5598 47.9717 49.6136 47.2351 45.5609 51.4473 50.9866 55.396 49.4236 47.1265 51.596 46.172 50.1905 49.256 52.626 49.7805 52.4087 52.9652 49.7637 55.7547 50.8016 53.6657 50.9117 50.6203 47.9462 53.814 50.3173 48.8158 53.2622 52.6867 47.6957 52.4862 49.148 49.087 52.2059 53.2217 53.6027 50.3349 46.2461 48.5106 49.452 45.881 46.8078 53.5945 50.5627 50.1628 50.0967 51.7362 53.9208 47.1681 52.7463 45.9383 50.8662 50.5319 48.0568 50.5147 48.5009 53.972 46.4525 49.9074 45.5503 50.1746 52.697 48.3516 46.4162 46.1855 45.1511 52.3381 48.4134 49.1438 51.3082 46.1186 48.3415 48.3008 47.1257 49.4613 51.6558 52.5822 52.4989 46.5242 46.682 49.9682 53.6165 51.9418 48.3101 50.4099 51.1642 
54.4161 51.02 54.8712 53.4438 50.4389 51.453 53.8766 49.6128 51.755 53.1459 52.9307 56.8872 49.9625 49.6508 50.3058 51.2344 52.1588 54.3194 49.6311 57.9559 50.7508 52.7989 51.9191 53.2325 52.5143 48.2618 50.0601 52.2155 46.5569 52.1738 56.4257 52.3504 49.3008 54.788 55.3954 56.0618 54.9154 54.6864 51.524 50.0301 51.4378 53.2959 54.3524 49.1509 55.1495 49.0118 49.0985 52.8717 54.627 52.9916 50.8835 55.7252 49.9535 55.8454 53.9939 52.4307 53.3684 49.7238 52.7432 52.9989 52.3827 51.899 54.2714 52.3891 49.7702 55.5412 51.8512 52.8952 52.8779 52.8252 50.2295 49.9755 50.6469 54.8394 52.0966 51.8198 55.5942 50.2628 52.4167 51.1709 49.6826 52.7023 50.126 54.8833 52.9635 54.8086 51.7496 50.6861 52.2461 50.9712 52.3135 52.2868 54.5515 46.8806 48.5955 52.8395 49.7905 49.6534 53.0099 50.3645 57.0846 49.8274 54.2688 52.2855 53.6807 52.8054 48.1047 52.6841 52.6246 54.4628 54.2895 53.3751 55.0574 50.3457 49.7179 52.2752 47.2742 48.5359 52.0395 51.939 57.6276 51.4859 50.5941 54.1872 47.5279 52.4518 51.776 50.7112 52.7328 55.596 54.6265 53.6805 53.9172 50.7331 57.0256 53.7848 53.907 48.7128 56.2158 55.4804 52.79 55.0294 57.5772 51.5468 55.359 48.9486 52.2133 54.737 54.7578 52.4084 54.6736 49.981 50.1288 51.55 49.7935 51.3221 53.9462 53.234 51.6041 55.0736 53.9155 56.0592 51.3597 52.64 50.9486 52.5962 50.6771 51.1402 51.5177 54.86 54.7358 50.3009 52.5894 49.1364 51.7632 54.0248 52.1199 49.2921 47.7017 47.9136 52.0915 53.2574 52.7148 53.766 46.2319 48.6168 49.2385 50.4779 51.7776 54.9266 54.2368 52.2326 50.908 51.5093 50.569 54.6323 52.291 49.8962 50.036 50.4704 
55.2259 49.7716 51.4973 50.7291 52.2959 51.6885 54.1624 49.6585 51.884 51.312 52.8886 57.4347 50.6572 50.5528 50.2262 53.5785 50.0901 50.7762 53.0098 54.9156 49.2604 52.6544 49.2919 53.3587 52.9349 50.4653 51.1186 53.4491 46.6548 53.369 57.1132 51.7917 47.2159 52.4267 52.9475 59.2145 51.6143 52.6728 52.8418 50.9504 49.9135 52.2058 53.9915 49.5134 56.0607 53.1579 48.4722 52.7504 52.5972 54.4026 50.0999 56.9151 48.5929 57.2054 53.9531 51.1736 54.3177 48.5861 51.5098 51.0782 52.9139 50.8085 52.8439 51.3294 50.542 56.0678 51.5504 52.9774 52.731 50.3248 51.8919 48.64 48.8558 53.3222 54.2038 50.8451 56.2218 51.8145 50.9406 53.1072 51.7251 52.0977 51.3258 58.2726 54.118 51.7818 52.9457 49.3121 56.4448 50.8238 51.0117 54.3701 52.7425 48.7521 49.2255 54.8096 47.3568 49.2926 54.5629 52.5005 53.0933 47.8698 53.9921 53.4698 53.2643 52.9264 49.895 53.4091 49.6984 53.9671 53.0156 53.9832 54.9024 50.9067 48.5411 53.5797 47.5411 50.7125 52.6913 49.2647 53.4103 55.6101 50.9776 54.5941 51.1212 53.2697 53.1546 52.1325 52.7262 53.3467 53.216 52.6337 53.2782 51.7363 53.7401 53.3675 47.9235 48.5812 54.3972 52.8917 52.7859 54.2115 56.1513 50.4647 54.7802 47.4126 51.3944 53.8948 54.6817 51.1197 51.9711 50.2944 49.2237 51.9037 47.9771 52.8624 55.093 52.184 52.0648 53.0505 53.5622 57.3089 50.7707 52.9803 49.8579 54.4237 51.6985 53.7141 50.706 53.2301 53.825 49.911 52.5531 49.6038 54.3207 53.7307 49.8434 48.4785 45.5932 49.7458 52.5255 52.5127 52.0632 53.2957 46.0161 51.2175 47.9406 49.8073 53.3619 55.0664 54.4638 51.6269 50.7697 49.2462 49.4667 55.9569 52.19 52.0792 53.026 50.8841 
52.6676 47.7838 52.9475 52.3421 51.0833 48.5525 53.6278 46.8479 51.4341 51.4182 51.4411 53.4657 48.3404 49.7584 50.1068 51.8761 49.2232 50.2692 49.9124 55.194 49.2733 50.374 48.6543 51.2211 53.4354 48.7496 48.7684 49.9151 46.2774 51.4893 55.7895 50.0458 46.8795 52.7617 53.2691 54.2921 53.1056 49.8658 48.9806 51.4995 49.5869 52.6074 51.2574 46.5874 53.4355 47.8801 51.0763 51.0962 50.754 52.6482 49.698 52.599 49.4324 56.1894 51.3594 50.2941 53.2976 46.9338 53.4028 49.273 51.4972 50.1035 50.554 50.5461 49.5162 54.0374 48.4993 53.3157 48.7124 48.2317 48.7771 46.3923 47.9383 53.9887 52.8054 48.993 52.9121 49.37 50.1067 52.4816 47.324 52.3863 49.8538 53.8255 51.2332 51.5134 50.5272 46.1787 52.7675 51.9448 49.6817 52.2013 52.0064 46.2206 49.9353 50.6717 48.5708 47.8831 52.2624 51.0388 52.164 45.6518 54.3689 49.2925 50.6323 50.6743 47.4017 54.6802 50.4101 52.4143 51.0623 51.5112 53.329 47.6525 46.1394 49.885 46.8397 46.4052 49.9962 49.9027 54.7387 54.1479 50.4265 51.7302 48.3671 49.2831 51.2634 50.9523 50.1171 50.33 52.612 52.8613 53.3008 49.8 52.8207 52.8754 50.8248 48.2981 53.7895 53.5752 50.7962 53.5997 54.2969 49.0051 50.2577 48.2523 48.4158 52.1021 53.9788 51.7912 50.2655 45.4867 47.463 51.4718 44.9219 51.0007 55.1203 54.4643 49.0448 50.2454 51.7274 55.7348 47.2417 50.6528 48.0651 51.1233 50.4778 50.1028 48.8386 51.3355 51.7643 46.5198 50.0707 47.7736 49.9036 53.4123 50.2318 47.9076 46.7254 48.1028 48.529 52.3691 50.5039 50.3603 45.6317 48.7901 46.8907 49.1458 51.5092 53.7555 51.2626 49.8423 48.6228 49.229 47.5106 54.5988 50.3057 50.8477 47.4332 48.9193 
53.998 50.3462 48.2307 50.0492 51.6087 52.4686 50.5642 46.0094 50.2084 52.3531 50.6773 53.9705 49.7267 48.1203 48.7836 51.7801 51.5658 49.3051 50.4508 53.8662 48.5922 52.8111 50.3885 49.555 51.5538 48.5237 50.1977 49.5383 46.6948 50.2908 51.7215 48.2518 45.4206 51.2377 52.1446 56.4769 51.8502 52.6977 48.2755 48.608 47.4817 52.4907 51.6008 49.4132 54.5254 46.5716 49.4077 50.7959 53.9792 53.984 51.7119 52.8983 49.5159 55.1664 51.1705 50.6107 51.5624 45.5135 49.7123 50.1152 51.5025 51.6556 52.0836 48.4996 48.8291 54.5934 51.3573 52.0006 49.1201 49.3184 51.2764 46.4145 47.7625 51.5101 51.1871 49.5938 52.5943 51.0241 49.1134 51.6515 49.2428 50.7399 47.064 54.1768 53.1681 48.8847 50.611 49.4996 52.5265 50.1512 48.4136 52.4596 51.7236 48.9573 48.4116 52.5784 46.727 48.0984 52.961 50.5351 53.4078 45.0548 52.1614 49.858 51.6281 53.9937 47.7485 54.9673 50.0779 54.1247 51.6256 51.8156 51.6004 50.8067 49.0485 51.8436 47.5171 47.3193 50.3941 47.587 56.9165 52.5289 47.0572 54.6391 50.1081 50.052 51.8407 52.6904 51.1245 54.8362 52.5834 51.1338 52.1304 51.9509 52.0134 52.2831 52.2959 48.7038 53.9751 50.6668 51.2354 50.7758 53.7876 48.9962 53.7186 48.2379 51.6949 53.5059 51.9731 52.6859 51.9393 47.5015 46.8263 50.8083 45.5443 50.9557 52.8833 51.1059 49.3841 50.4235 51.0701 54.64 49.2791 51.3405 47.9118 53.8115 50.34 49.8414 50.0257 50.4525 51.879 49.0069 50.6343 48.0749 53.3457 49.7866 49.8375 46.7428 46.9188 47.5008 48.6895 49.9 50.2859 52.4362 44.9935 46.1713 48.9915 47.4565 48.6832 52.6917 53.2222 52.8486 50.7661 50.0408 50.501 53.2923 52.4314 48.5607 50.6873 50.9495 
52.1563 46.2541 48.8972 49.5723 49.6141 47.1439 47.433 48.3408 47.4237 49.2301 47.3848 51.9896 47.068 49.4235 49.5581 49.8276 47.6346 47.2154 48.3104 51.7678 47.809 48.7374 46.8484 49.9025 48.9679 46.3514 50.78 48.5991 45.8955 48.7365 51.6816 50.3931 45.458 51.4528 50.0227 54.5659 50.6826 50.0642 47.8709 45.6077 48.2294 50.224 48.4662 45.4803 52.3203 46.3655 46.061 48.2107 49.9546 49.4078 47.6156 54.2526 45.1065 54.8211 49.555 50.9954 50.2508 45.4175 49.2436 47.0775 50.4816 47.1846 51.6952 48.0377 46.2734 51.8655 48.6561 50.1876 49.7722 47.706 46.6506 44.3374 46.4069 49.6719 48.818 48.0202 49.4951 46.9939 49.4922 48.6004 47.1957 47.6995 47.0907 50.7818 49.3769 50.5876 50.1059 46.2366 50.7927 49.9705 49.1433 49.1626 51.5655 45.3678 47.891 49.3108 45.8657 48.0995 50.3358 46.677 52.4266 45.8357 52.1787 47.9858 50.4143 48.1351 48.5835 50.9354 48.0259 48.8368 51.3553 51.3965 51.1531 46.3813 45.1214 49.2735 44.5074 44.5359 47.8402 45.4873 53.5645 49.3531 47.5849 48.2374 48.4432 50.8753 51.7915 50.8107 46.5028 54.0888 50.7049 49.4971 50.1039 48.3177 52.4025 46.8673 49.5822 46.9541 53.5684 50.9608 51.1066 50.0606 51.6337 45.6218 52.4623 46.3628 47.9917 50.3308 49.3808 48.9296 50.3355 44.2824 44.5512 50.3624 45.3075 47.3342 49.8831 49.1339 46.1306 52.0346 48.3848 53.4299 47.5564 51.4744 48.3018 49.5361 47.9466 48.3028 50.6073 48.9348 50.4038 45.8033 47.8968 46.2728 50.5158 49.3819 49.0318 46.5685 44.9285 44.7131 48.9103 49.3115 48.2293 51.4594 44.2752 44.8425 46.267 46.0404 50.489 51.2974 49.8969 48.5407 49.9722 46.0573 48.3794 50.8435 50.8996 46.6866 50.1336 46.2896 
53.5474 48.3962 51.5852 52.5478 52.5181 50.4297 54.3427 50.1868 52.2497 52.8815 51.5166 55.3582 51.8347 51.2425 49.5795 54.6183 49.4889 52.4504 49.9869 55.0575 49.8568 53.1331 52.691 54.3653 53.5986 49.8351 54.0139 50.4658 47.1779 52.4802 54.2259 51.5159 47.1063 53.3929 53.4188 57.5686 51.5592 53.5359 51.0773 50.8192 50.6642 52.6021 53.4007 49.0015 55.0524 48.2038 50.3715 52.8049 51.6635 54.7876 50.6636 58.0291 49.796 56.047 53.0298 49.5939 54.813 49.7526 52.8808 50.9984 52.0701 51.3166 53.0971 53.3955 50.183 55.0026 52.2018 54.3928 52.0804 53.2317 49.2234 48.1053 49.8014 54.1729 52.2111 49.1096 54.9583 52.3448 48.9656 50.8182 48.7105 51.7447 51.8938 54.9618 54.0983 54.1103 52.4011 50.4157 52.9867 52.2036 53.7999 53.7841 53.4805 47.9025 50.0512 52.3257 49.7263 49.4062 55.5609 52.3093 53.3668 49.2491 53.814 51.2018 53.37 51.53 48.0089 53.424 52.4145 50.9409 51.1279 52.4461 54.2918 50.3887 48.2018 53.1501 48.9805 48.526 51.7599 48.6786 57.8608 54.8532 50.2895 54.6684 51.2581 54.0447 54.84 51.7456 53.2258 54.7843 50.7778 52.4698 56.0046 53.0418 53.7808 52.1549 53.0948 49.6039 55.8991 54.9427 54.5543 56.3736 56.6503 49.8461 52.665 51.2092 50.7816 55.6792 53.1775 50.9613 54.2025 50.1597 48.7007 51.5531 49.0708 54.3333 53.3583 55.6723 50.7205 54.0441 53.2691 55.1587 51.7405 54.884 51.9613 54.0766 53.4879 54.3504 51.76 54.0075 55.4607 46.9126 51.5964 50.8685 52.6107 53.2464 49.1223 48.2757 48.3961 52.0365 52.3421 55.1349 52.8559 53.1087 48.6318 48.1745 50.0975 48.8191 53.3525 54.3857 54.4331 54.4652 50.9087 48.3748 49.4939 54.9286 50.6223 50.8635 52.3112 51.1655 
56.6696 51.1166 52.4799 53.6302 52.2998 50.2188 56.7577 52.068 51.9239 54.5858 54.6164 55.4506 48.7445 51.6226 50.9645 55.3433 51.2408 52.7479 52.1415 58.1187 52.676 54.2884 52.5305 53.9939 55.5698 51.5269 51.9564 53.6902 47.5246 56.0967 56.0077 52.2331 49.4657 54.8252 54.9227 58.3701 55.4008 54.9239 52.1066 51.684 51.7306 53.1653 54.5465 50.5591 58.8812 50.076 50.2651 54.3534 55.6949 53.9803 53.2568 56.9982 51.0228 58.5856 52.9629 51.8122 54.3578 50.1633 55.352 51.8392 52.5182 52.4315 55.4844 51.957 51.9202 57.3405 52.7076 53.9271 51.3675 50.567 52.7545 49.6396 51.5344 54.4191 53.8333 54.1591 55.6399 52.7892 54.59 51.6246 51.7855 55.3343 51.8334 56.7538 55.0518 55.6317 52.1874 48.5626 54.5912 55.3868 52.2611 54.5251 54.8235 47.6132 51.864 56.4568 49.9261 50.0358 55.6652 53.7098 56.2436 45.9062 57.3211 52.1267 53.8044 52.3737 51.543 56.0406 53.3791 56.7866 56.6935 55.0896 54.6636 51.0058 49.361 54.023 49.8759 50.1559 53.0822 50.3748 58.3815 55.0953 52.7836 57.6464 49.6733 53.9285 52.7623 51.8047 49.8845 56.891 54.059 54.6151 54.725 53.6108 53.0581 53.3157 52.425 50.0786 54.7594 55.896 53.0973 56.1119 56.4177 51.9298 55.0995 51.1283 52.5797 54.0235 53.0789 53.2535 52.7361 50.219 48.8179 54.1146 50.1806 51.1909 58.2594 54.2671 51.5867 53.8841 54.9155 58.2736 53.1015 55.6905 51.0744 55.2356 54.6445 52.0979 53.9979 51.8258 54.4338 51.0722 53.8736 49.5868 54.4785 54.6048 52.3416 49.2126 50.453 49.0563 53.6658 54.6149 52.8627 56.3915 48.0423 50.6845 47.5784 51.1764 53.7559 56.277 54.9515 54.365 50.1939 51.9599 50.3185 56.443 53.1201 51.5507 52.8983 53.3024 
52.418 50.424 49.6124 50.3897 49.9122 49.1118 53.1138 49.9947 51.42 51.5377 52.621 51.9485 49.0344 48.3944 48.8785 51.767 47.0891 48.1326 50.4543 52.5576 48.7815 49.9558 51.4481 50.6294 52.346 48.698 49.9389 52.546 45.3378 50.7632 53.143 51.1547 45.9497 54.1758 53.6168 57.5369 52.5247 53.2803 50.9204 49.4827 49.7121 49.4714 51.4422 47.0888 55.2713 48.8582 47.9641 52.2236 53.5373 51.8238 49.7287 55.8521 47.0051 55.8009 51.4534 50.592 52.0132 46.2972 51.6261 50.4051 49.4308 48.3518 52.8505 49.5748 50.9508 53.157 49.2331 51.9012 49.3691 49.8476 47.411 47.1624 47.3781 51.5187 49.8436 49.7124 53.0626 48.1064 50.1775 51.7812 51.7551 51.1267 48.5665 55.5136 52.9444 51.4061 50.4006 48.3179 54.2403 51.1989 52.7145 53.204 52.75 46.3445 50.5466 53.0624 46.8681 48.586 49.5254 51.4475 54.9379 48.2019 52.8642 49.4383 51.1903 51.566 47.8078 54.446 49.0882 51.2814 50.8493 51.9853 54.2001 49.3718 47.7832 51.4172 45.7673 46.5317 52.5989 49.4787 53.404 52.1781 48.3806 52.5488 49.3738 51.1561 52.1731 50.6701 50.8048 54.5423 50.0658 52.5059 52.2035 52.7524 52.0122 51.2319 49.1441 48.6296 52.4009 52.7756 53.1043 51.8238 55.4754 46.9054 52.3013 47.5636 53.1406 52.5321 52.5312 50.5974 50.6678 47.1852 47.6646 50.4517 46.6531 50.0345 53.1175 54.0264 49.4487 51.7231 53.0246 52.6802 50.2208 52.9769 48.3308 50.9309 50.792 51.4405 50.9239 50.4742 50.5159 46.7482 51.3988 48.3327 51.3106 51.8216 49.4439 48.4335 49.1369 48.2465 49.4735 52.964 50.0895 53.2361 45.9986 48.0818 48.7948 49.2999 52.3386 54.9457 52.1774 52.2879 48.3703 49.126 50.902 55.0051 50.7861 48.4853 51.4483 49.0413 
54.5782 51.4883 49.8013 49.816 50.7486 49.3153 55.3047 50.2354 50.7497 52.6714 53.0065 54.7548 48.6223 49.146 49.7759 53.0597 49.8588 51.8181 49.7178 55.5752 48.496 53.1229 48.8787 54.7293 51.975 49.2343 50.4428 54.8192 45.1605 52.8495 56.2935 52.5624 48.945 54.9317 53.829 57.2688 51.1622 55.201 49.8486 51.6416 50.8833 53.1378 52.6909 48.6403 57.7101 50.1569 48.0302 52.9486 52.9817 54.8942 50.9546 56.2961 49.9428 57.0715 51.4877 51.9229 54.4622 48.8143 53.2267 51.8364 51.3704 50.9662 55.352 52.0637 50.8345 54.3158 54.7686 52.6469 51.0876 50.8678 49.6628 46.6208 48.4337 53.4585 50.448 51.3051 57.2412 50.5236 49.7928 51.3261 50.9769 53.8653 49.6225 55.1765 55.3902 53.9136 51.1143 47.4836 53.6269 54.3756 54.261 53.4179 52.3096 45.9265 50.3663 53.7882 48.8688 49.0705 53.1922 51.6828 55.1376 48.4193 53.6069 52.3102 53.2888 52.4419 47.7908 54.2542 50.2299 55.5209 53.7165 53.2412 55.4738 50.279 47.9654 52.2531 48.076 48.2207 53.6288 49.8872 56.4092 54.5833 48.1629 53.4409 49.2969 52.6198 52.8846 52.8228 48.6616 52.7997 54.0474 51.508 54.0018 52.1657 56.1275 52.0956 51.8235 47.72 55.8345 51.9852 54.756 54.1735 55.0861 49.4101 54.0145 49.7738 52.2606 54.1371 51.2118 52.7226 53.1595 47.6247 48.7431 53.1404 47.733 51.8487 53.521 53.2252 51.1293 54.0764 53.3614 53.5935 54.2676 54.0238 50.2583 51.7634 51.6722 52.8891 50.3711 51.4652 52.0063 50.4896 53.861 48.5663 51.6677 53.8255 51.4871 48.6077 49.527 50.7664 52.6626 53.1882 51.4166 55.4981 46.59 47.647 49.2077 49.005 51.4702 57.4245 54.7061 52.4293 49.3182 52.338 51.1524 55.4538 51.5814 50.1635 52.6038 52.9174 
53.0668 47.2768 48.1417 49.9834 50.7731 47.5129 49.8183 48.2921 47.3058 49.7207 50.9925 52.1063 44.2231 46.1134 47.9337 49.1249 47.3751 46.1301 47.4183 51.909 48.617 49.4283 47.01 48.6147 50.8707 45.7213 47.3249 50.2061 41.0992 47.2832 49.5058 47.2468 45.318 53.3323 49.8993 54.8361 52.4141 51.4051 45.6326 47.0413 46.8677 46.9217 47.28 45.2887 52.1384 48.7471 42.7645 49.591 50.9208 46.9525 46.9476 52.1522 45.6624 53.5945 48.8763 48.1359 50.3704 47.3617 48.8807 47.0994 50.4924 47.7778 50.0885 47.2718 48.7411 50.3425 46.596 51.2874 49.9182 48.7157 46.0138 44.405 47.3543 49.8567 48.9452 47.3394 54.596 45.626 49.1354 48.5093 47.2746 48.3152 43.8689 53.028 50.7128 51.8199 50.5009 47.3667 49.5893 48.8007 47.7126 50.017 48.8054 45.8812 47.8729 51.6114 46.847 44.9786 49.91 48.3261 52.7611 44.1881 51.6872 47.4777 51.6444 48.995 42.6494 50.6403 49.1052 51.2548 48.22 50.3451 50.4113 48.5417 46.1404 50.2356 46.9545 45.1082 47.3997 47.4656 52.5323 50.5888 48.2449 51.3936 47.5398 46.8173 49.2931 48.1237 47.434 51.0153 49.5131 51.0653 51.4206 47.9825 51.6734 48.7215 49.8747 48.0816 51.8148 53.3178 49.218 51.589 50.107 47.8866 51.0208 46.9067 49.2029 51.0771 48.926 49.8929 47.6981 48.6209 44.9803 47.4798 44.8261 48.4461 52.7206 51.4088 45.7088 48.5336 48.8927 51.1874 47.4158 49.6642 44.052 50.1538 47.892 48.2334 48.9176 50.3368 50.2515 44.7737 48.6308 46.9928 49.8986 48.2769 49.824 45.9839 44.2287 47.2144 49.223 51.8302 47.6372 48.9222 43.5633 45.2179 45.9162 47.2501 48.814 49.5932 49.9744 50.0172 46.1692 46.212 45.0638 53.6999 49.5716 49.1374 45.9536 50.2657 
52.8905 48.4693 52.2071 53.546 50.2852 47.4715 51.7518 49.5041 49.3118 52.4892 52.4878 54.1606 48.0493 50.6829 51.4669 53.6262 49.4782 52.621 51.1538 51.6404 50.1188 49.2068 49.6433 49.6217 53.7823 48.7248 51.305 52.3132 45.3773 51.8732 53.017 49.4248 49.6482 51.4341 52.6658 55.9767 51.5514 50.929 50.0081 48.9661 49.8214 51.6318 52.0241 50.3192 54.5269 47.5402 49.0039 50.0014 53.5605 50.7603 46.2774 56.5162 47.6967 57.8201 48.9343 51.5945 51.8427 47.0342 50.1259 46.3403 50.3224 49.5933 51.497 49.506 49.9592 55.1918 51.5682 53.0164 49.0534 49.6625 48.533 47.524 45.6105 51.5339 53.1064 48.846 51.7598 50.1442 49.7017 49.7473 48.1024 50.531 50.2725 51.8642 54.0976 53.0799 50.4575 47.4676 49.9962 50.94 52.9725 52.3726 50.792 48.3242 52.0519 53.0409 50.0734 47.9529 52.0921 50.1052 52.242 47.7879 52.1385 48.4077 51.3833 49.429 48.4797 54.0754 49.9363 52.3304 51.5914 51.926 54.038 48.7133 48.0607 51.2863 46.4336 48.3149 50.5558 49.0984 54.9438 51.5468 48.8985 52.423 49.5318 50.5503 48.86 50.948 49.0584 53.5945 48.478 49.2687 52.7785 54.4429 53.8117 50.8669 50.7664 48.0009 52.8521 53.0035 49.0364 52.1625 53.4026 50.8838 53.6834 47.3796 51.2708 53.7204 50.1254 51.3461 52.1388 46.4626 47.2089 48.5192 46.5567 51.578 54.3873 52.8351 48.9095 50.8359 52.4942 52.9884 49.8577 52.8624 49.3034 51.6494 49.5412 50.1134 50.7334 49.338 53.1672 49.1107 48.0071 48.0044 52.9533 51.0681 48.1606 47.8508 45.6374 48.7628 50.3351 51.8656 50.4378 51.4763 46.1567 46.7876 46.4426 47.9886 51.2925 52.7191 53.7741 52.6518 46.7542 46.3469 48.0377 53.2619 52.4505 49.6176 48.5778 48.6686 
49.6201 48.1336 48.5951 48.4071 48.5527 46.3163 48.7177 45.8406 47.3518 48.6283 50.1318 50.9296 47.631 48.9251 47.05 47.9823 46.9115 46.8023 45.5389 52.2492 47.2494 49.4603 48.1474 50.5911 50.1885 45.2649 51.0681 49.1482 43.0485 48.1255 51.9414 48.7946 47.184 49.1175 51.8862 52.0606 49.5825 50.0238 45.991 50.2118 48.9418 49.3638 50.3847 44.5786 51.3967 46.9214 47.5038 50.1837 47.8234 48.1418 47.1497 51.7305 44.8293 51.5882 47.1932 50.2293 51.9805 41.7952 49.2032 47.166 50.2156 49.7836 50.6379 47.0213 48.4317 53.5909 50.7148 51.3437 47.5362 48.0572 48.3165 45.4484 45.1825 49.5345 52.0274 48.0554 50.9362 46.073 48.3106 46.891 46.998 48.811 47.3541 52.9545 49.9025 49.6247 49.8373 46.6413 50.8547 47.2472 49.667 51.4981 50.364 42.0217 48.5439 50.843 46.5347 44.9867 49.3718 49.3778 51.4336 43.1641 53.7224 46.9279 49.2207 48.2862 47.4665 52.1007 49.4232 47.2841 48.9166 49.3868 53.3503 47.404 46.0283 48.8752 45.0452 44.8175 51.0235 47.9895 50.8812 49.6848 47.1383 50.2934 44.6091 47.1966 47.3147 50.0317 47.2938 49.749 49.4135 49.0181 51.3347 47.5847 50.82 51.8564 47.1191 47.1152 51.1641 48.0847 50.0209 51.0591 50.9207 47.4108 52.7704 46.4275 47.2403 49.3422 48.312 47.7682 50.7135 44.0182 43.2648 48.6446 42.6324 49.5105 51.656 50.4024 47.6573 50.3314 51.3403 51.0531 48.386 49.8319 45.7963 48.416 50.1312 47.5827 47.5707 48.1523 49.855 45.9792 49.6405 44.8428 47.3084 49.1706 47.4224 43.2524 44.6938 45.5055 47.4228 51.4172 45.4386 48.9694 43.5888 45.5586 47.264 44.4631 49.5029 50.1858 49.786 48.7493 46.3181 48.9778 48.6681 51.0003 49.7668 47.212 45.901 48.6948 
56.9934 52.1437 52.5037 55.0628 53.3348 52.0055 54.7251 50.4725 53.7768 53.1693 52.9151 56.3731 50.8248 51.1927 50.6496 54.1312 49.8656 52.7961 49.4273 55.5151 50.6416 51.9484 49.4918 52.8857 55.2203 52.6176 52.7234 52.8417 46.594 53.5111 56.4646 53.4946 46.7102 54.8992 53.6441 58.6086 54.211 55.6854 50.3983 52.2377 50.8033 51.5325 53.6206 51.3684 57.9917 49.081 48.555 55.1799 54.2637 54.8665 51.357 56.271 52.1292 57.9852 50.946 55.4517 55.0498 48.5753 55.0584 52.6816 51.1805 48.9505 53.3845 55.0484 52.149 57.1116 52.5619 55.0956 50.0088 51.476 51.6175 51.5124 50.5407 54.9192 55.6458 53.4075 55.9416 50.6294 53.3988 52.5266 52.3274 54.547 51.4362 54.7247 53.4837 56.0374 53.5875 51.7622 53.6469 52.5584 55.0923 54.7675 52.7145 45.8506 51.8826 57.8374 51.2376 48.9506 53.2695 52.6264 56.6395 48.3364 57.0201 52.1306 53.0903 56.0555 51.0237 56.3889 54.9315 55.8054 54.8383 53.9431 55.2861 48.9553 49.0865 52.4114 46.9661 50.6983 53.6842 52.2605 56.8962 56.5346 53.3608 56.1781 51.8981 52.3224 53.4442 54.1158 52.3518 53.8848 54.3373 53.5935 56.0211 52.1054 55.7925 54.0115 53.17 51.8187 56.5034 54.6077 51.6645 56.9301 57.3243 53.2814 54.8581 49.2595 49.2716 57.4074 54.0164 51.4446 55.3883 50.1028 50.0358 52.8797 48.0929 52.4512 55.6011 54.7096 51.1008 53.8653 55.3449 57.1292 51.3107 53.5407 51.1466 54.1162 52.2451 52.3892 51.453 52.2918 55.0898 50.6934 54.5907 49.4814 50.7077 52.1873 51.1717 52.0308 48.5563 51.1599 55.9661 55.8074 51.2441 55.8978 46.8686 50.0993 50.4308 51.1993 54.0041 54.8327 53.9778 56.2063 50.3218 49.8796 51.9265 58.1186 53.7353 50.1056 51.7009 49.7391 
53.2489 50.6993 52.2474 51.9709 50.7417 49.973 53.7917 52.1793 53.1256 50.5414 53.3373 55.9092 50.0856 50.457 51.7037 52.4681 50.8814 51.6088 51.9597 55.1115 50.1922 51.9287 49.9727 50.4041 53.9296 49.6917 51.8268 53.0487 45.9423 54.0313 57.24 52.0798 48.6138 52.7033 55.0988 56.6333 54.1616 52.5803 51.5987 51.2774 50.4476 52.5097 55.1414 47.3623 56.617 49.826 50.2993 52.1152 55.5941 52.6321 52.9825 55.7683 48.1876 57.4332 53.3495 52.1641 54.5305 49.076 53.5733 50.5437 53.2522 51.1359 54.7255 52.0326 51.7 54.8917 51.2197 52.0571 52.2336 51.5197 51.1524 46.7311 48.1982 54.5865 53.2876 48.8415 56.0475 51.207 53.2068 52.2712 52.9588 53.3772 52.2479 55.6941 55.06 52.6017 51.6513 48.7629 53.5181 52.198 53.0135 54.3909 54.998 46.6475 52.2502 53.9546 49.8064 49.9683 52.2451 51.9383 55.1852 47.6464 55.2325 52.103 53.7508 53.8276 49.8275 55.0848 52.0575 55.1625 52.6404 52.8136 55.2146 49.822 49.0822 50.7164 47.7522 49.9235 49.9626 50.0739 57.3372 52.4716 51.7009 52.3439 49.3831 52.5072 51.8843 53.6136 50.7908 54.6041 54.1043 54.7792 54.1619 51.6612 54.2226 52.7081 51.5144 50.628 53.527 53.4381 51.8224 54.3682 58.9095 49.758 54.5275 48.3322 51.5993 53.4784 53.0859 52.1849 53.8763 50.14 48.4143 52.7875 48.8896 50.9912 56.2721 53.5225 49.512 52.4761 52.869 54.5095 49.643 52.2928 48.9886 54.5071 52.4302 50.8696 49.1097 50.6738 52.6163 48.0196 51.6297 46.3841 53.2183 51.414 50.7593 50.4298 48.5527 50.0983 50.8276 53.4874 51.8455 55.2084 48.4954 50.122 49.4299 51.2491 51.3451 55.8032 52.9122 52.4296 50.1878 50.127 49.7313 55.2808 52.4483 49.4931 48.9418 48.999 
50.3124 49.0131 51.7464 49.7364 49.4557 49.2841 50.2458 47.9802 47.1336 49.5751 51.931 51.8272 47.4666 48.2745 48.578 49.4567 46.0823 47.7348 48.3033 52.4536 46.8192 50.2503 46.0599 50.2978 53.2395 49.488 48.4242 50.1827 45.6142 50.4989 50.9541 48.6489 44.7968 52.2016 49.9066 53.1056 50.9316 49.7585 48.4862 47.5266 47.6375 48.9475 51.2774 46.0827 53.0187 45.5405 47.4768 49.3605 51.4352 51.4793 46.5212 52.9995 47.3794 53.6026 48.6299 50.625 50.4715 46.3418 48.4266 49.2241 49.5936 47.9415 50.0834 48.0833 48.0833 51.9438 48.8258 50.1608 50.1615 47.0128 46.6171 47.9946 46.8524 49.8465 48.1638 45.5688 51.0357 48.3538 49.808 49.3466 45.0853 49.6095 46.4859 52.072 52.1395 49.8089 48.7512 47.7799 50.1676 50.2122 50.6151 50.5844 51.1809 42.6866 46.8282 51.143 46.8769 46.6921 51.5813 49.8269 54.1306 45.3375 52.7824 48.7447 49.0067 50.1417 45.4241 51.6436 49.6665 50.6037 48.3524 49.6378 52.3929 46.8182 46.7044 50.6213 44.5051 46.5885 49.5585 49.1815 55.389 51.9152 48.912 49.8726 48.9801 47.5945 49.1884 48.2728 48.4577 50.8263 48.8128 49.0656 52.2471 48.7553 52.6859 50.0574 47.3053 45.5778 50.875 50.4127 49.6752 49.5262 50.8572 45.7929 51.078 47.4806 48.9539 50.506 50.5057 50.2313 49.9393 44.6121 46.3457 48.2813 46.26 49.3741 51.862 51.5494 49.2904 50.2945 49.4353 52.9632 47.9398 49.9272 46.6662 49.2608 49.7772 48.5786 48.6254 49.7456 51.471 46.3111 49.6093 46.5541 46.9085 51.5169 49.2778 47.7205 43.7871 46.1235 47.2044 51.036 49.1933 50.8878 45.5265 47.0462 46.4691 48.0856 51.6401 50.1602 51.0839 51.4098 47.3942 47.2439 46.7706 51.5847 50.4625 47.1419 46.1244 47.0727 
48.89 46.4236 48.8269 47.8121 45.6787 43.9206 50.5404 45.7383 46.5789 48.3872 47.5415 50.3303 45.4489 45.7726 44.3346 45.7994 45.7772 48.0675 45.5462 51.6117 45.7256 45.2574 46.6563 49.6294 50.0038 44.6035 45.8976 46.2781 42.6141 48.898 48.6519 44.2086 44.7561 49.5574 48.3252 51.8216 47.3273 49.3382 46.114 46.9918 46.3113 47.1552 46.3172 45.2994 50.613 45.5842 45.2655 46.5844 49.6807 48.0748 45.8978 50.9705 44.071 51.0257 48.2074 47.6508 49.2231 43.047 48.5103 44.5498 47.2962 45.016 47.3406 46.542 46.2341 50.03 45.6173 48.645 46.4772 46.0159 45.5333 43.3059 46.1079 47.3735 46.272 45.6044 50.1243 46.7869 47.1152 46.8668 45.8902 48.4933 44.476 49.2376 48.652 49.5807 45.5663 43.0196 47.3036 48.5958 47.533 49.4229 49.4597 43.6342 45.5013 48.2538 43.0946 44.0904 47.752 45.4913 48.5452 43.577 49.6287 46.0736 48.2306 47.1595 45.2923 47.9495 46.6957 48.2819 48.1756 47.4436 50.1798 45.2548 44.8522 46.6962 44.0824 44.9693 47.1394 45.9301 50.8991 48.1832 45.7486 48.2994 44.7803 46.7928 47.8856 46.4002 48.3654 50.4223 49.0219 48.0264 49.1726 46.9315 47.3087 47.2222 44.6178 46.0292 50.3124 49.5562 49.5412 47.9429 49.141 46.3316 46.3002 45.388 46.7173 48.3433 48.9352 46.6349 48.228 43.6928 42.6046 46.0216 41.9923 47.4155 49.5538 48.8247 47.2533 49.1292 49.1937 51.6255 44.5397 47.5636 44.8378 48.2237 47.4118 48.7573 45.7719 47.5142 47.4166 44.0904 46.6474 46.4794 48.7448 47.8016 46.4474 43.9089 42.5541 44.0219 44.9944 50.0479 46.4867 47.4764 42.2277 45.1583 42.9662 46.3727 48.3217 47.3669 49.4002 46.9433 45.534 45.8895 44.9893 51.758 46.4943 45.9163 44.4993 45.775 
55.0316 48.4131 49.0031 50.5345 51.566 47.9618 48.9231 46.6255 48.6917 49.6402 49.7702 53.6319 47.0082 47.9764 46.4864 50.5732 48.3399 48.2618 49.2536 52.7617 51.1468 48.7391 46.8653 51.9872 50.103 45.5709 48.13 50.6618 43.8447 49.7004 53.1736 47.9405 45.8753 54.6009 49.451 52.8401 51.1786 50.9208 49.4755 47.2795 46.8559 51.5028 49.5225 45.7968 52.954 49.4244 46.6151 51.52 49.9213 51.6366 47.9765 53.8068 47.9938 54.4951 48.9716 48.9617 51.4609 45.4984 50.3146 47.9244 52.0066 49.0035 50.1317 47.0359 47.5419 54.4511 48.2541 48.5916 49.8702 49.6777 48.4783 46.5959 47.7203 52.0443 51.108 50.9283 51.5692 46.6771 51.5583 49.1216 48.8463 51.5762 48.2008 52.3984 51.9311 50.112 49.9533 46.6902 50.7404 49.9704 50.1113 52.0586 48.9254 46.5133 46.2386 52.6751 47.1727 44.9587 52.1687 49.6635 51.7798 46.422 54.5658 51.2143 50.0916 49.9839 46.6167 53.3481 49.8932 52.1904 49.5447 51.9008 51.5399 48.0932 46.7062 50.8147 47.1063 45.6715 50.1726 47.532 54.7074 50.6203 49.0945 52.8026 47.7231 51.0989 50.2425 48.0123 49.4669 55.3082 51.8027 51.6842 51.9639 48.2321 53.707 49.8392 48.3648 47.7399 54.4378 52.875 51.6983 52.6701 51.2587 49.1558 51.2075 45.6041 50.674 51.4056 49.5675 48.7631 49.6497 45.497 45.6763 50.8236 44.7672 49.4582 53.0028 51.9884 49.4882 51.9476 50.843 53.4837 46.4599 49.7422 48.3676 51.4608 50.1868 50.0998 46.9702 49.162 51.9215 46.5103 49.9667 45.6215 51.6397 51.5103 49.7147 45.4887 45.6962 46.7555 47.7343 52.3579 48.3094 50.9022 44.7992 47.4203 46.5142 48.1005 48.6927 51.9532 50.2594 51.5196 47.1323 48.0004 46.6887 54.494 50.0003 46.616 47.1934 49.0783 
55.5188 51.925 54.3834 55.9364 53.3499 51.3672 56.533 51.9911 54.6346 53.741 54.2001 55.9637 51.0531 53.852 50.7631 56.6354 52.0354 52.6936 52.8549 56.7357 52.0751 53.8582 53.5556 51.8585 55.1712 51.8525 53.7688 54.9163 48.2129 55.6369 57.2347 53.7024 50.0682 54.7424 57.6276 60.1533 55.2182 55.8576 53.2998 53.3429 51.442 55.0074 54.0871 51.9678 58.7048 50.9248 53.492 54.2937 56.3269 55.5926 53.0925 57.4028 52.4137 60.8739 54.8983 53.3568 56.0286 49.2503 53.0398 51.4857 53.4301 53.4954 57.4943 53.5479 52.2243 55.9131 53.6885 56.2273 54.6216 50.9716 49.9629 49.5729 51.6819 54.255 54.4092 51.7486 56.1171 55.0616 54.5207 52.1426 52.0232 54.0979 52.9505 57.1481 55.4252 57.5324 51.8588 52.3355 54.94 51.3115 53.9919 54.024 55.419 50.9026 51.5572 55.5221 51.0792 52.2217 55.9941 56.5465 55.4569 48.5673 56.5655 53.5143 55.1094 54.4595 49.6372 57.0158 53.8995 54.9999 54.7256 55.8045 56.0759 52.4683 49.4755 55.9778 49.7318 48.119 54.2298 51.0513 59.1627 56.2501 54.6311 55.781 50.1848 54.719 54.0771 50.7488 50.1854 57.5508 53.6371 54.9626 55.9097 55.5447 55.5655 53.5905 52.6186 49.6989 55.3954 55.7029 53.1207 56.8512 55.2825 52.335 54.9777 50.7238 50.8866 58.5968 54.0861 53.9069 56.4547 51.2731 50.2567 53.2007 51.0453 54.5416 55.4329 56.4722 54.528 53.3722 54.1762 56.5613 53.3571 56.7659 50.0202 55.3215 54.3854 52.9925 54.7363 54.4559 53.7884 49.9193 52.7769 51.1253 52.0469 54.4972 52.3856 50.8385 51.0532 49.4341 50.9273 55.249 53.3517 55.73 48.3532 51.5861 49.4259 50.7112 56.5271 55.0997 56.0083 57.1321 53.5751 52.1442 51.6526 57.9705 53.1486 53.6726 50.243 54.2458 
53.459 48.8313 51.9353 51.4166 50.8673 50.4262 52.7452 52.1576 50.5235 51.3417 52.1843 54.1987 49.2557 48.7943 49.0734 52.6709 48.3839 49.685 50.0251 53.1025 48.7835 50.2709 52.7685 50.148 53.8483 47.1172 52.159 50.889 47.0925 52.4933 55.2079 51.7555 47.0866 53.1822 55.395 57.0909 52.8379 53.5385 50.2236 49.6271 50.5491 52.8893 52.2371 46.4177 55.4549 49.4027 46.9903 52.3373 53.48 50.617 47.424 54.8053 50.2625 56.4259 51.9552 50.7588 51.5667 47.1894 50.648 48.1426 51.3125 47.606 50.5927 49.4409 50.9329 54.156 48.0738 53.1401 50.2967 48.678 51.8194 46.7499 49.2486 52.8407 49.5606 50.748 54.7113 48.6456 51.6237 49.6636 50.8692 51.9937 49.074 55.2378 52.2594 55.0705 51.9434 50.0262 52.8976 51.4911 52.5819 52.3893 54.1816 45.101 49.9874 53.2258 49.4938 50.0575 50.8983 50.8697 53.6216 47.3541 52.1897 48.5595 51.4034 53.3518 48.9093 54.4655 52.9911 51.6467 52.422 53.2652 51.3346 49.95 48.1822 49.2747 46.4718 48.3386 50.2666 51.2263 55.2291 52.4769 50.3643 52.551 48.7974 48.8677 51.6451 51.589 49.1592 52.8086 48.5703 52.3691 51.5832 53.134 53.8577 51.041 48.6123 51.8104 54.3705 52.7072 49.7799 54.1218 50.9389 50.3662 54.5764 48.3375 50.3178 52.9967 53.0024 51.526 52.1093 48.6849 47.9849 49.5371 46.7995 50.0439 53.7749 52.8149 50.5343 51.5672 52.1278 55.3655 50.4831 54.088 49.3165 51.7565 50.8011 55.0399 50.4308 51.0714 51.4993 47.3949 47.411 47.3256 51.7651 52.6177 49.6811 46.6482 48.4094 46.7079 51.3923 53.3002 49.7372 54.1063 46.7286 49.46 46.508 48.2409 51.3044 53.0836 55.0286 55.6253 48.6428 47.6159 49.9227 56.5843 49.354 46.9792 49.3077 50.4498 
52.5425 48.2101 48.8277 50.5515 49.822 49.2891 55.2948 49.9005 50.8038 51.0782 52.4126 53.2797 50.2859 49.3367 48.7268 52.132 49.609 49.5589 49.4359 53.1312 48.483 50.1888 49.5107 51.3544 53.3779 48.4574 49.5369 50.1858 43.9306 51.3588 52.8275 50.5261 46.1585 51.3969 52.0748 56.0587 50.8234 51.1436 51.0405 50.5982 46.4905 52.3986 53.0733 48.0488 55.2953 48.7571 46.822 52.9421 51.4471 53.1035 49.3114 56.0334 47.7066 56.324 49.3397 50.576 51.2112 47.2849 52.5354 50.2464 50.6972 48.2822 53.5006 50.3939 49.9142 52.1714 48.8039 49.0808 48.8786 48.6845 49.0634 47.8759 49.1784 48.072 52.3108 49.6555 52.5289 50.9707 52.298 48.7242 48.2996 52.4819 48.3033 52.2131 53.4655 50.3228 52.2608 44.9976 54.1029 50.9626 52.7834 53.9217 50.2702 45.5455 49.4961 51.7746 47.134 48.7982 51.1775 51.6102 52.0322 46.3049 53.5003 49.2009 51.1459 51.446 48.3617 54.0366 52.6051 52.4217 51.4101 50.8635 53.9817 47.1292 47.2212 51.0025 46.6504 47.3526 50.8833 48.1263 55.5103 50.4551 45.8328 49.8849 49.9302 51.6119 49.258 50.9244 47.9976 54.2105 52.9729 50.4258 53.1088 51.035 54.906 50.5571 50.5756 48.9322 53.7141 51.7584 50.5326 53.6973 54.7201 48.2208 52.1223 46.5084 49.6228 49.6264 51.1556 52.126 53.9692 48.1683 48.8575 50.3824 48.1006 49.7631 54.5654 49.0764 47.5687 52.0197 51.2846 54.3654 50.6097 51.9291 45.2326 50.8714 50.1769 49.3301 51.2343 49.7621 50.5302 48.2229 52.8583 47.6059 50.6579 50.0094 50.9759 48.1972 47.1749 46.0255 52.5487 51.7536 49.7838 53.0225 45.8376 46.973 47.9544 48.4843 51.5909 52.2323 54.1105 51.7037 49.7787 47.6853 48.2488 53.6646 50.3123 47.7257 50.7814 49.5591 
50.6606 47.1782 49.3122 50.5554 48.8922 48.5691 52.0665 49.6046 50.9407 51.1653 51.1672 52.8709 46.9216 49.3984 48.7152 49.7702 48.8468 48.4385 48.0664 51.6816 48.0022 49.8639 50.2551 50.177 52.964 49.6246 48.8022 50.978 45.5206 51.9553 52.3957 47.4532 45.1967 52.5224 52.0295 56.9224 51.3215 51.8047 49.9277 49.8027 47.8108 49.6693 52.0676 46.9551 53.8822 49.0825 47.5468 51.1749 52.9451 51.0195 48.9242 53.5178 47.8411 53.9122 49.2498 49.2931 52.0318 47.6158 53.7409 49.3601 48.5791 48.2208 53.0483 49.3235 48.9065 54.4183 49.3951 49.5294 49.5766 48.9456 46.2016 48.0482 49.1647 51.6417 51.5559 49.416 52.4859 49.7816 51.2093 51.2492 50.3925 55.1372 47.4277 53.2259 52.7222 51.9741 51.2052 46.2758 50.5218 51.5802 50.7187 51.1473 50.9109 44.8014 47.9846 54.0976 47.2534 48.0571 50.0982 50.0771 52.057 47.0021 52.217 49.5473 50.383 52.0243 46.5221 52.6751 50.611 53.2235 49.6386 51.8756 50.7717 49.7428 46.6543 49.8093 46.0033 47.6255 49.7746 48.8166 54.3031 51.8061 49.7654 52.3294 48.2989 49.05 50.5802 54.2391 51.4345 49.8898 52.163 51.1714 53.5241 49.0086 50.8836 51.8636 49.8865 48.5887 52.0241 53.3224 49.3201 52.4652 55.8182 45.9469 51.0085 49.4159 50.8913 51.0811 51.5892 53.4837 51.9115 45.5316 46.1513 48.3337 48.3975 46.725 53.2015 52.1397 47.3916 49.3136 52.5153 53.0867 50.4387 50.9356 46.7573 49.0346 51.7402 50.5567 49.9131 49.8522 51.2705 46.402 50.4577 47.1911 48.2189 49.1929 49.768 47.0355 47.8494 48.8285 49.1061 54.8498 50.5093 51.6554 46.0023 46.1711 47.6206 48.0101 50.1518 53.3833 52.1692 50.2405 48.4205 51.976 47.7842 55.0215 49.6813 46.6819 49.0597 49.915 
51.7315 46.2975 48.5086 50.27 50.5954 46.8028 51.6634 47.2871 48.58 48.6472 51.5483 52.3433 46.2938 47.4196 47.6703 50.559 47.7281 47.6764 49.6966 51.2637 47.5791 50.9749 49.0678 52.9229 51.1581 48.2371 48.2583 49.8175 44.8075 51.3785 50.6974 48.8254 44.8484 51.6212 49.9974 53.3521 52.7529 50.1714 50.73 50.2295 49.624 52.3169 48.9489 47.2755 52.8742 49.1468 45.8403 50.2447 50.9912 50.8488 50.7461 53.8942 46.5437 54.1695 51.6869 50.0473 49.8256 46.4009 53.725 48.6162 49.696 48.0401 50.2015 49.4665 49.0726 53.0894 48.938 49.0443 49.4008 47.0429 48.2104 45.675 47.6195 51.5206 49.2831 50.0154 51.9654 50.7166 48.6501 49.2598 48.2236 50.7821 47.3613 54.3618 51.7957 49.8118 49.9998 45.8652 51.727 49.7241 49.541 49.494 50.3313 42.5335 48.5042 51.3692 44.3284 47.2173 51.8247 50.2164 53.047 43.6429 53.9048 50.1768 51.6488 50.0636 47.9396 51.6294 49.2552 53.1098 49.4901 52.7223 51.4674 49.6463 47.9262 48.7214 44.4544 46.5702 51.1233 47.5403 53.8373 50.3191 47.44 53.289 47.1753 49.034 49.7775 49.4769 48.4393 50.4916 52.5893 49.453 51.4847 50.3692 52.3241 50.7119 47.9462 46.1522 53.6471 51.5373 49.8265 51.8318 50.7856 46.6986 51.212 46.6738 50.1326 49.5963 50.5005 49.9973 49.4457 47.8385 43.145 51.4416 44.5035 48.246 52.9341 51.5562 49.1677 52.0218 49.436 51.2777 48.8538 52.0415 45.8055 50.3274 51.0333 50.5219 50.0601 49.3954 48.1922 47.0407 49.8748 45.6112 49.0143 50.9755 49.2428 45.2217 46.2572 45.3155 49.2378 50.8501 50.4325 50.3252 45.3145 48.1882 46.9129 48.5089 49.3901 53.3178 51.4932 50.8495 47.5046 48.6276 47.4251 53.2121 50.1432 46.8961 48.91 49.7004 
48.3238 45.4063 46.8527 48.4134 46.5313 44.615 49.79 45.2863 45.2502 49.175 48.4187 51.0776 44.1682 44.8259 44.7045 47.7827 46.1546 46.1816 45.9694 48.5012 46.3159 48.0426 48.2095 46.8203 46.1136 45.7727 45.6994 48.4484 43.1697 46.5483 49.7883 44.9014 42.2975 47.355 48.5933 48.9566 46.6367 49.0201 43.8872 47.1825 45.0004 49.1243 48.619 45.8156 49.3376 46.1756 42.3267 47.0499 48.8529 47.289 42.9831 50.3531 45.2756 51.3666 46.3666 47.228 49.5932 44.276 45.5495 43.225 45.7707 41.2325 45.679 45.1584 46.15 48.4606 46.0674 48.6001 46.6371 43.2814 45.5947 41.1527 45.4881 47.6495 45.5602 45.2411 48.9526 48.5468 45.5492 44.675 48.2724 49.3137 43.1911 47.4153 49.3868 50.9311 47.5386 43.6246 48.6158 47.7355 48.2175 47.1312 46.169 42.9724 45.6523 49.4291 43.9891 44.8095 49.8326 43.3281 46.3457 41.9439 48.6314 47.6867 47.4128 46.2604 42.9505 49.9755 47.8789 49.0651 47.8405 47.4571 49.5127 44.9087 43.1257 47.6964 43.0475 46.2697 44.3258 43.302 49.3626 47.257 46.4863 49.8864 47.3761 47.1835 47.223 47.6435 43.677 46.2219 46.6218 44.6663 47.6694 45.3965 48.5019 48.7003 45.0465 44.1625 49.9636 49.3874 46.9342 48.6783 48.9014 44.9958 47.0401 43.2115 44.4249 47.2939 47.7765 46.0268 47.9878 42.6305 42.992 44.8294 43.4143 45.2209 48.7978 47.8053 45.1421 46.9539 48.3719 50.2605 43.8808 47.7164 45.1919 46.5586 45.161 49.0428 45.4446 48.1609 47.0899 45.3728 45.0911 43.0177 46.4656 48.0756 46.8693 44.9562 43.2535 44.4065 46.1299 49.9535 47.0109 49.0858 42.4423 42.7652 44.4055 43.9769 45.1732 48.8306 48.5094 49.8895 46.1021 43.1833 45.9855 50.7669 46.8681 45.1565 46.3045 47.0535 
50.5365 46.5737 48.9774 50.8494 50.0218 46.8052 47.6108 46.7531 48.9562 47.6818 49.3532 49.7644 46.3203 45.3402 47.7174 46.5926 47.3681 48.0144 45.9573 52.493 46.7189 47.4556 49.0855 46.5805 50.5134 45.5499 47.4193 47.9025 44.081 47.1658 51.6512 45.3931 46.7866 50.5201 50.5456 49.6339 48.4378 48.8369 47.5668 48.0187 46.8618 48.3939 48.8648 45.111 50.441 46.0228 46.231 48.4366 47.2863 47.1465 45.8299 52.9793 44.4184 52.8982 47.8065 48.6176 49.5977 42.9687 48.2346 46.058 46.1512 48.8628 49.5708 47.0243 48.6332 49.8435 46.8078 50.826 48.1323 47.4585 44.8513 43.473 43.8124 48.2164 47.6712 47.4605 49.3915 46.8451 49.0514 48.4796 47.1135 47.3873 46.6596 49.8871 48.9807 49.7984 46.9146 43.6214 46.6334 47.8949 47.9194 45.1774 49.4862 44.5163 46.201 50.9906 44.7199 46.0182 47.3347 47.428 49.6702 43.2462 48.2703 48.2766 50.3262 48.8222 44.7836 51.7666 47.9425 48.6081 48.6977 50.4208 48.4547 48.3914 44.5983 48.3321 44.653 42.4339 48.8051 47.446 50.8457 48.0553 45.7416 47.2506 43.8153 47.2299 47.9189 49.8591 48.2935 49.347 47.806 49.3949 50.1928 48.9641 50.4191 47.882 47.4992 45.2556 50.3728 50.0199 48.5441 48.8091 51.2228 46.842 49.4147 47.7083 48.5419 50.4997 49.2402 49.5008 48.4908 43.9688 43.1458 46.6093 42.3641 47.1013 50.7033 50.2566 45.4375 49.3533 47.8492 48.9954 45.0826 48.2678 45.9342 48.8049 46.4291 48.8962 47.129 50.3926 46.1323 44.413 47.8498 46.5166 45.0492 47.6009 45.5535 47.1996 43.0543 44.6106 44.8954 48.8694 46.833 50.5114 43.6488 45.9818 44.7604 45.9048 46.4967 51.346 49.4716 50.0545 47.8082 46.5986 44.8232 51.363 47.6493 47.6329 45.0818 48.6412 
53.6332 51.9008 51.4186 51.4214 51.4249 51.1417 51.773 48.3863 51.2075 53.4276 52.1975 55.0545 49.3169 51.4051 48.4439 51.4221 50.6323 51.2324 50.8368 55.0796 49.8432 52.1816 49.1556 51.1779 53.6008 49.9098 51.4635 53.0076 46.8135 51.2681 54.504 51.6859 49.7452 53.0605 53.2843 57.0532 52.8124 51.2346 49.1232 50.8093 48.5583 53.3141 52.3684 47.3904 53.6474 48.9639 49.9184 53.3696 51.946 52.617 50.2666 55.7676 49.976 59.1619 51.0458 52.8309 54.5662 48.1016 51.7223 50.4293 52.4357 49.0193 52.5736 48.8261 51.0519 53.5237 50.7554 50.6465 51.7276 49.2933 49.4695 47.0996 46.916 51.538 52.844 49.7982 54.185 49.2307 49.9653 50.5533 49.9456 51.919 51.1021 53.7973 52.9457 53.1151 50.9025 49.5456 52.2432 51.5504 51.28 53.9195 53.9412 47.2251 49.5085 53.5784 49.6774 47.8036 51.9354 53.5762 53.8121 46.0268 54.4834 50.446 53.4462 52.4711 50.2761 53.8633 53.2939 52.4814 51.8207 51.947 55.6787 49.8376 50.7428 52.4229 47.1406 46.1435 51.7336 48.342 55.3533 52.7527 48.4816 52.5331 47.8997 52.8389 52.6481 52.8461 52.0321 53.3192 51.9975 51.9731 53.4507 50.7778 54.5142 52.1703 50.5966 47.8379 51.7057 52.3984 50.5328 56.0779 56.2683 49.0974 52.6685 48.8102 50.4623 52.8775 51.5712 50.9157 51.8563 48.6156 47.8624 51.9404 46.7654 51.2883 54.7456 53.4599 48.3672 53.5738 54.2208 57.0038 49.9922 54.5742 49.4968 52.2459 50.0236 50.825 52.0555 52.1341 52.6345 48.9092 50.1049 47.7291 52.5212 53.3501 47.5399 48.398 47.0205 47.7809 51.9838 52.331 50.7698 52.8818 46.437 50.5253 48.306 49.7491 50.1491 52.4514 51.4695 52.4893 49.0036 48.2455 50.0443 54.5284 50.7251 50.1138 50.6507 46.8164 
52.0071 49.6359 51.1975 52.0153 51.3202 48.7623 50.5695 46.9054 51.1783 50.4093 50.582 54.1155 45.7415 48.3543 50.0291 49.9522 47.8691 47.049 48.949 53.7623 47.953 50.9368 47.6057 49.0445 52.4535 50.5333 49.4541 49.7803 43.7612 51.8903 52.4136 48.91 45.1509 53.8883 52.9754 53.8438 50.6503 49.816 47.5785 48.078 48.554 48.7889 50.7844 47.6482 54.4443 45.265 46.2739 49.5389 50.9569 50.9113 50.2355 53.3092 46.9687 57.0501 50.684 50.9513 51.3902 48.8636 49.9098 49.9415 50.8718 49.651 53.2312 47.8114 51.4632 53.5469 50.6267 49.5401 50.3219 50.3083 46.6251 48.5112 47.4684 52.1975 49.7172 49.4099 52.6426 48.7568 48.7069 50.6576 48.9091 50.3263 46.9029 54.6912 51.5374 50.4242 49.3776 48.6155 47.9172 50.3447 49.5519 48.6204 50.5725 44.6272 46.2715 51.7973 47.4897 48.6996 51.4706 48.9435 51.8459 45.1628 52.4715 52.7255 50.0236 49.1274 46.3678 50.2272 50.9504 53.4951 51.9604 50.9275 51.8791 48.2286 46.622 51.9157 46.6488 46.2932 49.5531 47.3265 53.5887 50.6201 48.2979 50.8518 48.06 49.5928 49.9196 50.0743 50.3406 52.644 51.235 51.1708 52.2799 48.6531 52.7051 50.602 50.1698 47.0209 50.6953 53.0355 48.9247 50.5898 54.698 47.2434 51.7173 47.2598 50.4075 51.9587 50.1042 50.8246 51.185 49.4543 47.2368 49.8158 45.6364 47.8844 51.833 52.4272 49.4655 53.436 51.7851 52.4208 48.8583 50.7715 48.9887 52.1095 47.7696 49.6779 49.8915 50.413 49.4511 46.5207 47.1423 47.9088 49.6339 50.8853 47.1984 47.0203 49.0066 44.2596 49.7251 51.6567 51.7082 51.6413 44.7353 50.1758 44.7381 48.1377 49.539 52.3211 53.0368 50.8024 50.1499 49.1922 47.458 51.2778 47.2135 48.0096 46.8184 50.0958 
57.42 55.5564 58.3589 55.1221 56.3156 53.0326 59.66 53.3332 53.8525 55.9998 56.857 59.606 51.7631 52.247 57.5272 55.6157 53.2428 54.6204 53.443 58.9339 54.5979 53.4504 52.7527 53.618 58.8893 51.4233 53.7059 55.2176 50.6861 56.2246 58.2295 53.6912 51.2984 55.1404 56.5447 60.0974 55.6495 55.6246 54.3825 55.733 53.5132 57.7017 58.4737 53.4125 59.0689 52.4114 52.048 56.6 54.9444 55.4228 52.1667 58.4045 52.4177 59.3111 54.645 56.5027 57.5239 50.7962 54.7823 55.0518 58.0466 53.5837 58.0477 54.445 53.0324 57.7813 53.4242 57.7706 54.228 53.9128 52.2253 51.0411 51.509 58.711 55.8203 53.3204 57.3325 53.8487 54.9749 54.0378 53.8008 58.102 52.8156 59.2997 58.2761 56.5124 56.3398 52.0623 56.6648 54.5921 54.371 57.1937 55.6924 47.308 56.0611 57.0023 52.5462 53.6427 57.9555 54.6304 58.0562 50.0862 58.3311 53.5328 55.2251 56.2126 51.7134 60.0072 55.3157 55.2351 58.0808 56.392 56.6295 53.2052 51.6543 57.3892 49.2225 49.328 55.3994 54.8059 59.0892 58.1179 52.2795 56.396 52.8544 54.8416 56.1439 55.991 54.3408 56.9884 55.5479 56.836 58.4836 53.957 57.2934 56.8634 54.8073 52.4765 58.102 59.0311 56.9347 58.8371 58.9267 51.4209 59.0991 52.1563 54.4633 57.8434 57.6067 57.3815 53.4949 52.1048 52.3373 55.411 51.235 55.292 58.1315 57.887 53.3817 53.5656 60.0152 58.6061 53.8766 56.7735 52.1355 56.0679 53.8805 54.3636 51.5907 55.5918 57.4219 50.5593 54.9626 51.1235 53.8996 57.8716 54.004 52.5888 52.1913 50.43 53.222 58.1275 54.6077 56.7982 49.2414 55.3385 51.2705 50.3398 56.1181 58.5455 54.9853 56.8834 52.9967 52.0477 53.0182 57.5471 57.485 55.2272 55.2492 55.709 
52.8946 50.6227 52.4565 50.4064 48.897 48.467 50.8681 46.405 50.4814 49.677 54.2429 51.713 47.2302 50.0137 48.9031 52.9213 49.6655 48.6359 50.6585 51.4881 49.6926 50.8963 50.6305 51.2621 51.59 49.9312 49.1912 50.6135 45.1997 51.2683 52.8324 48.7183 50.3552 54.1741 50.3716 56.081 50.9599 53.0013 48.0111 48.4137 49.4001 50.5485 51.2303 48.9987 53.606 48.1263 48.4415 49.0201 50.1785 52.0414 48.2399 55.2889 48.644 56.8395 50.6434 48.3372 52.7541 46.8932 50.2831 49.2147 49.1877 49.3642 50.4087 51.3032 49.7897 54.7683 50.9958 51.8282 48.692 49.4032 47.6234 45.3188 48.5215 50.7224 50.433 48.1085 54.328 50.2543 50.2492 49.903 49.7411 50.5204 47.1044 53.2314 52.6126 51.7633 48.3323 45.8845 51.351 49.3187 49.334 50.9731 50.976 47.1867 49.6179 50.9756 48.5353 47.645 52.4506 50.2966 53.311 46.5656 52.9565 49.7944 50.369 50.1884 46.6799 51.2698 51.978 52.3628 52.049 53.0954 52.1472 49.5597 45.934 51.6164 47.5678 47.1846 48.5174 48.583 54.3764 51.2272 50.0637 51.9305 47.1848 50.0081 53.9278 51.8595 49.8693 52.0286 51.5668 50.3039 50.7517 48.7667 49.9869 49.9719 48.1749 45.4162 52.4301 55.4888 50.9837 51.3104 52.8405 47.9391 52.5995 48.5212 51.1857 52.45 50.8159 49.0321 54.0285 47.915 46.2688 50.4094 47.4323 50.901 52.2226 52.2593 49.0781 52.1394 52.4756 53.3896 50.3203 50.809 48.3845 52.4274 50.0372 51.076 50.0812 49.6147 51.8309 46.2438 50.456 45.2783 51.027 50.8394 49.9339 47.6387 47.3725 48.4673 49.0377 52.1614 49.5924 52.2523 46.4648 45.187 45.7342 50.3043 49.916 53.4332 53.0279 51.6789 50.0627 50.209 47.6905 53.3727 50.791 50.5107 51.6965 49.0775 
51.7349 49.4621 50.0055 49.6802 51.3909 49.0365 51.2612 46.9354 47.8521 50.1815 50.5449 51.4533 47.5184 49.0054 48.865 49.3797 46.8223 51.0892 47.2145 53.8706 47.2316 48.2413 45.8084 50.5894 51.3914 47.9076 51.2512 49.9861 44.6307 51.231 52.5272 50.0493 45.6427 51.2174 52.6459 54.5169 49.6251 50.8044 47.3516 49.5944 48.7384 48.8771 49.9472 44.3076 53.4809 45.3269 49.3519 52.5293 49.9855 49.8655 49.3926 51.0502 46.6166 55.67 51.4987 49.109 54.4605 47.7936 50.7571 48.2355 47.8895 49.526 50.1174 48.0061 46.816 52.7792 51.489 50.3639 47.4715 48.0552 48.0281 46.4973 46.6221 51.4724 49.3785 48.1801 51.1264 48.4509 49.667 50.6659 46.8024 50.5259 50.3996 50.7702 51.4404 50.6619 49.497 46.5365 49.8367 49.3181 48.4792 51.6529 51.6541 43.2878 45.937 50.806 47.3713 46.7541 50.0022 47.2988 50.7809 42.7786 50.7674 48.9019 49.601 48.4942 45.6568 53.1697 50.9778 50.0057 50.815 49.865 51.6936 47.1257 45.3284 52.8516 46.5114 44.2007 49.8688 49.4926 54.0639 49.4963 46.8173 51.5887 46.02 48.1747 47.8752 50.1101 48.1956 51.3987 48.9261 50.1668 51.0283 48.3298 49.765 50.3815 48.0891 47.489 49.324 51.4068 50.2033 53.3209 52.6603 47.9099 50.296 47.2586 49.3616 50.8638 50.6901 50.0408 48.1599 44.3663 45.9994 50.2207 43.9677 48.5285 52.9362 49.0919 49.4859 50.9269 50.599 55.3186 47.8244 52.8593 47.0713 48.3302 47.8582 48.833 48.0565 50.1435 50.6572 46.432 49.7742 43.9969 48.0849 49.8946 46.525 45.9691 45.607 45.7413 46.238 51.2868 48.4049 50.2085 43.1731 46.1679 46.4949 45.0816 50.3665 50.9597 49.9001 51.2913 48.2428 48.9649 48.6778 52.465 48.9236 50.3452 47.6318 47.4744 
54.6691 53.5434 52.3388 54.2816 55.1438 51.1299 55.522 52.5193 54.8198 56.9489 52.7401 55.1486 51.8484 53.1471 52.9265 53.8501 48.8046 52.64 51.1672 55.439 51.0781 53.1973 51.2753 51.6241 55.4347 50.899 52.7849 53.3393 49.1611 51.5831 55.7163 53.2376 47.8972 52.8936 55.6825 56.4784 55.4951 53.6659 53.0753 51.568 52.0852 55.0827 56.0135 51.2789 56.3851 47.6039 50.1126 53.1262 54.567 53.6935 53.1994 57.8786 49.5116 56.7858 54.5331 56.0085 54.4883 47.8384 53.7141 52.7761 54.6361 52.5412 57.2857 53.8483 52.1927 57.7197 52.6718 52.8559 51.9158 52.3569 51.3044 48.4608 50.1069 56.0601 53.6941 51.0169 54.7532 54.542 53.1322 51.7801 53.6798 55.1767 51.982 56.5487 57.4052 54.8562 53.2326 50.0104 53.9565 55.2479 55.6849 53.6369 55.1549 48.061 52.6787 55.933 49.3566 51.1528 54.2753 52.3244 55.0325 46.2332 56.064 51.9812 56.0677 57.6289 52.896 54.973 53.426 53.4068 54.6304 54.8771 56.1707 51.6612 50.1007 53.8028 50.6731 47.5095 54.533 47.5974 54.6483 55.4562 51.2974 56.8028 51.2236 51.3935 52.6789 54.7241 55.0863 58.2516 52.9333 51.4056 56.57 53.5709 55.927 52.5708 52.087 50.7259 55.763 55.1338 53.3557 55.6892 57.1841 47.8521 55.3589 52.0053 52.0411 57.2619 54.3429 52.9002 54.4499 50.1583 50.2456 54.0542 48.557 53.9412 53.8965 55.9643 51.9937 53.8958 54.3184 57.5749 49.1617 54.7518 53.0128 53.5251 52.2734 54.2356 52.2105 53.7981 55.0031 48.6983 51.7241 51.2538 51.5585 54.3419 51.67 52.0819 47.8519 53.4724 50.7911 54.9119 53.3554 56.0499 46.3846 49.8709 50.5631 50.7285 53.534 57.527 56.0394 53.5277 51.9555 50.9603 50.037 58.4176 53.7925 51.8171 51.0441 53.4822 
54.2294 51.8661 53.3698 53.9505 52.4892 51.7585 53.9782 52.3867 52.9309 52.0241 51.1661 54.3505 50.3839 51.7807 52.3078 51.656 49.6441 50.7778 49.7582 55.3059 49.6049 51.9743 50.8039 51.9919 53.8337 47.6584 50.9328 51.8893 48.9451 51.542 52.002 51.0373 49.2755 53.8427 51.8965 57.4015 52.7451 53.2302 50.7578 51.4613 50.5601 54.1096 53.9512 48.2644 55.4889 50.7027 49.432 52.8138 55.0107 51.5635 50.6562 56.2779 50.5203 58.1445 52.4734 53.9165 54.6842 47.9436 52.2681 49.7152 54.4118 49.6547 53.4955 52.325 51.259 52.8219 52.459 52.9257 50.411 51.6671 49.5232 49.2258 49.5308 53.6329 51.6953 49.8631 53.8068 51.6586 52.099 51.932 51.1073 52.2239 51.3252 52.5452 54.0944 53.7285 52.1081 49.3538 52.8504 52.2025 51.6454 52.4507 54.8023 48.0011 51.5458 53.8352 51.0369 49.3833 54.0183 51.2761 54.3961 46.9027 56.1087 51.314 51.0123 54.0417 48.3995 55.3246 52.4709 54.6954 53.2792 52.5266 52.8072 50.8344 48.8601 51.9595 49.129 47.5586 50.6987 49.6129 58.205 53.1653 47.9569 54.6663 51.1276 50.7461 51.8256 51.7629 51.2092 55.8316 53.0236 52.1206 55.9147 53.3413 55.2935 53.7564 50.8892 52.181 55.7923 56.0315 51.1311 54.0744 53.9153 49.7969 51.5387 48.3372 53.021 54.783 52.7362 52.4779 51.1559 48.8732 47.1499 52.7422 48.3912 51.8908 53.9798 53.5238 48.9543 53.3455 53.7286 55.0388 49.1076 54.3269 50.0539 53.9547 51.4418 52.1191 48.1465 50.9352 53.7327 47.1665 50.9993 49.2285 52.5448 51.9505 52.0774 49.2088 46.853 51.1514 50.3469 53.5262 51.5174 53.4385 45.7196 50.3002 48.5659 48.67 52.6925 53.0424 53.2867 53.5603 50.2545 52.1278 47.6132 56.2028 53.4717 51.328 49.8941 49.5583 
52.2555 47.2074 47.5989 48.3508 49.1245 46.2187 48.5112 47.4965 48.6986 49.6907 51.1296 50.0385 44.6065 46.5067 47.7851 48.9099 49.7493 49.1212 47.2268 53.2752 46.1173 48.224 47.1055 49.8466 49.6062 46.8772 46.9405 50.5504 42.2597 46.8323 50.3634 47.4432 46.0494 49.1895 50.7951 52.7166 49.5659 49.9107 46.3018 48.9932 47.1199 50.261 49.0666 45.7062 53.3992 44.6319 46.227 50.6302 51.3847 49.2175 49.1115 52.5564 45.2612 53.7603 49.4669 48.8125 50.3692 46.145 48.8301 47.5899 46.7994 46.9969 50.4227 47.1379 46.0647 51.8996 48.5819 47.2928 45.7078 47.0868 45.6068 44.4326 43.9596 50.3952 45.7749 47.5574 49.8876 48.3095 46.7917 49.1271 45.7842 49.5659 45.2902 48.7015 51.2745 52.1209 47.5537 45.9285 48.2851 50.6236 49.2665 48.5523 50.8251 43.4131 45.1828 51.8414 46.7721 45.2001 48.0189 47.9363 52.7985 43.5258 51.5341 48.7113 50.5908 50.8354 44.2019 54.2763 48.0961 50.082 49.6078 48.2563 51.9859 47.2787 45.6301 50.1481 46.3829 45.5613 47.0249 47.009 54.3899 48.0889 44.8451 51.0984 45.9651 47.3625 49.2826 47.6869 48.3061 51.6826 48.9811 48.3199 50.8282 48.9265 51.2685 47.3309 47.8961 44.8199 50.1481 49.3004 48.8299 50.3605 51.49 46.3941 50.2086 46.2133 49.5731 50.0601 50.0808 49.3057 49.7177 46.3681 44.8321 49.9924 47.2986 45.5425 51.5009 49.2274 48.6148 51.1773 48.5195 51.0696 45.0263 49.2929 46.2313 50.4992 49.8007 47.1631 48.2684 48.0487 51.3389 45.3536 48.2126 45.2622 47.0874 51.1122 48.5143 46.4019 43.4659 47.6763 46.905 49.533 48.9293 49.7198 43.7794 45.8457 44.8615 49.053 47.5282 52.7984 49.0309 50.9693 46.1712 45.9843 46.1693 51.8831 48.3487 49.6935 47.49 49.2643 
49.7975 47.3286 47.5797 47.315 46.8549 46.2147 49.4689 43.3366 47.2359 49.7443 49.8747 47.7424 44.6205 46.7519 46.7155 49.7758 46.8744 44.6348 44.9834 52.7062 46.8752 47.8015 46.7767 47.2966 49.7465 44.8059 46.8382 48.1922 41.5537 46.2245 49.4831 45.0475 41.8416 47.8966 46.18 50.5161 49.9557 48.7836 47.0251 48.34 45.9073 47.5621 48.5248 44.0076 51.4018 44.6445 45.5718 49.2595 47.3053 46.8798 44.6315 51.5302 46.4742 51.7092 46.6762 48.9509 50.0423 43.0685 47.971 48.1488 45.6328 46.0551 47.3657 46.0978 47.1581 49.2975 49.2359 47.7334 44.7622 46.1591 45.7773 42.399 44.7349 49.022 49.1567 45.8074 49.7812 48.1851 46.0038 47.0014 45.5414 50.1616 42.3656 51.2447 48.0375 49.5555 46.0314 44.8646 47.6921 48.0748 45.084 48.6393 49.0963 41.2082 46.4797 50.9925 45.5379 44.6105 49.9048 45.3969 46.9346 42.6022 50.9592 46.5329 48.103 47.4589 44.0428 52.0832 47.5598 48.3479 46.8782 49.6092 47.3421 46.6896 45.3152 49.5668 44.6922 42.5876 47.3347 46.2168 50.2223 47.0712 43.6249 51.7079 44.3616 44.7802 46.8021 47.8474 46.7996 50.2655 49.1483 49.3252 50.1464 45.9933 49.7992 50.5147 47.7132 46.2366 49.182 50.0305 46.7597 50.8166 52.5267 44.8724 48.2788 45.3831 48.1012 48.8914 46.5274 47.2006 47.6545 41.9718 42.8067 46.217 43.8362 46.4375 51.093 49.0969 45.8468 48.9371 47.8635 49.938 46.0091 47.8183 45.2289 50.2273 46.9461 48.5705 46.0566 49.875 48.2036 45.2703 46.6634 46.0589 46.7383 47.4402 47.2003 43.8598 45.2535 44.1213 44.5916 48.759 47.6789 47.8841 41.4539 43.5434 44.2597 44.0267 45.8858 51.197 47.5529 48.0195 46.8116 46.9275 43.8396 50.1351 48.9665 48.4267 44.9191 46.21 
51.2758 47.6663 48.1497 48.0251 49.0755 47.4656 49.167 47.2565 45.8857 49.0308 48.7312 49.3853 46.8209 46.3506 46.564 49.2318 46.3222 44.8034 46.6081 51.1217 45.7383 47.7988 46.1023 48.814 49.6102 45.6412 50.0679 48.3009 41.0567 48.659 51.9998 47.0775 46.606 50.1234 47.6 53.3397 48.8339 48.9731 48.0797 47.671 47.9154 50.0781 46.8041 43.9491 51.6176 46.3489 47.0022 45.9846 49.9163 50.5897 48.306 51.9543 47.6526 53.0654 48.5671 47.3185 49.9101 42.9598 49.3414 46.7976 47.6871 47.2067 50.394 47.9186 46.7686 51.2329 47.2262 47.5624 47.8457 46.9252 47.929 44.8371 45.0556 49.8577 48.9827 46.5311 50.994 48.4941 47.6122 46.9191 46.3483 48.2033 45.9281 52.3647 49.5157 48.2578 48.3298 45.3467 49.7291 47.4752 49.8784 49.3787 46.6464 43.5353 47.6495 51.2161 45.7187 44.4335 50.7372 45.6573 49.3695 41.0642 48.5177 48.9272 50.92 48.5757 46.2361 48.8326 48.6328 49.9181 47.744 50.8714 49.4426 46.4449 46.3939 48.6499 45.2816 44.5704 49.2215 47.0397 52.0726 50.0254 45.2324 48.3659 44.0494 47.5087 47.9035 48.4763 46.986 48.339 49.6899 49.257 47.8724 49.3961 52.1298 46.6186 48.2801 44.7777 48.6454 49.4861 46.7166 48.4704 50.5292 47.6542 48.0532 46.6712 46.2723 48.8398 46.777 49.2619 48.1498 43.5742 43.8872 47.4454 45.0418 46.6383 51.0174 48.8036 46.0482 47.9132 49.336 52.6554 47.8888 51.3585 45.7708 48.4992 46.704 47.2776 45.1259 48.3627 49.7511 45.4985 47.6491 46.4131 48.278 48.6013 48.4313 44.0827 41.9645 45.7249 46.7418 48.6574 47.3373 49.0447 43.7274 44.4292 44.5399 43.8437 47.5646 49.5928 48.5322 48.7695 44.3534 45.9155 45.609 51.5489 49.5738 44.4205 46.5371 48.2509 
55.5454 53.4394 53.287 54.3903 51.8492 52.3088 55.8513 51.4146 52.6612 53.0267 54.97 56.1719 53.2019 51.6 54.907 54.9161 50.3966 51.5917 51.1234 56.9136 52.4604 55.3066 53.0021 53.4854 56.7036 50.6389 51.9859 52.9461 46.1203 53.8742 57.5444 54.5992 50.2081 54.2979 56.3374 58.0655 54.379 55.3234 49.9862 52.7368 50.9828 53.4309 56.606 50.1851 58.3846 49.2324 47.9301 55.7638 52.2928 55.6931 48.914 57.6903 49.9646 57.5545 53.0141 54.2026 54.7379 48.5501 52.7177 51.3242 54.3544 53.1134 53.4214 53.9095 51.9459 56.5258 51.6047 55.261 49.5233 52.1629 52.4964 50.3939 50.0119 54.0619 52.7718 52.2165 55.8622 51.4812 54.2861 54.1851 53.5433 54.8496 51.9029 57.1189 55.1876 54.5689 55.1317 50.0558 54.7714 52.2474 52.4354 54.4616 55.1574 47.9769 50.9584 56.8643 52.2454 52.0343 53.2729 52.9404 56.1031 50.2407 57.0212 53.2841 54.4694 53.7053 52.2233 56.4603 54.5363 54.3282 55.2519 53.5672 57.3852 51.906 50.6124 53.8314 49.0747 47.5299 52.6562 53.3835 57.2756 53.8365 50.2713 54.267 50.2526 52.1805 54.3846 53.2406 54.0841 56.5167 53.9112 56.4099 56.727 52.3097 54.8657 53.4987 51.5419 53.5318 56.2851 56.9614 53.5418 54.1891 55.585 50.6151 55.6014 50.3124 51.9163 56.4611 55.3847 52.7808 55.1965 50.3682 52.3869 53.1676 49.8501 54.6357 55.1665 53.6766 53.3537 55.2868 54.849 56.0452 53.9645 54.3354 51.3739 53.8977 52.9613 53.5784 51.5129 54.3095 55.3341 48.8344 53.2627 50.3878 53.2519 53.9559 53.5093 49.8379 50.2919 49.4983 52.4006 54.3777 52.2014 53.6594 48.7503 50.7057 49.2686 49.7183 54.9815 55.747 58.1403 54.0185 52.4662 51.5646 52.5797 55.7779 52.5762 51.9874 51.4568 54.1541 
53.7337 51.876 52.0422 52.3247 53.244 52.0177 51.6887 50.1867 52.7019 51.7847 54.8441 54.1611 51.1434 51.0091 53.1225 51.532 52.1267 49.5615 50.6644 56.9161 47.2499 52.2284 50.985 52.7121 57.217 49.0951 51.6013 51.8639 47.4763 51.8551 54.4625 50.4505 49.5271 53.2476 53.3448 57.0778 53.2718 52.3244 49.7243 50.1254 49.8144 52.9184 53.4263 48.3564 56.3508 47.7501 49.966 50.6513 53.7395 53.4652 48.5947 56.9436 50.2961 56.7433 52.7555 53.3611 52.818 44.9917 51.0116 52.3771 52.4271 51.0385 51.0884 51.5273 52.4793 55.8499 50.4545 52.4332 50.0775 51.4817 49.5663 49.9617 46.9 53.4276 52.0626 52.007 52.7615 51.8768 53.1097 51.3957 50.3406 52.5162 49.5136 55.0171 51.0154 53.3535 50.7262 49.8126 52.313 51.8783 52.01 53.046 52.7759 47.4387 49.3163 55.4018 49.0608 48.5726 51.4627 50.3939 53.4808 47.2452 54.1896 52.5443 54.5933 54.182 47.7682 53.2309 53.1267 51.5088 54.0193 54.0804 56.4897 49.7416 50.2788 53.7536 49.8776 50.9159 52.0107 49.7728 55.9286 53.1401 49.9524 53.1717 48.4871 49.2083 52.4948 53.1208 54.3602 54.0305 51.6104 53.0287 52.4281 50.5716 54.3388 53.0006 50.4645 50.832 53.9817 52.7343 50.4949 52.9797 54.8765 50.8588 54.8133 50.6196 53.7191 55.0731 55.3606 52.3411 53.6657 48.5807 47.316 51.1842 48.4275 53.563 54.4772 51.7 50.9227 53.0083 52.9984 55.0973 47.6068 52.61 50.7084 53.6009 51.3185 51.7101 50.5046 53.598 55.3733 49.8719 51.9759 49.6681 52.6962 53.9152 51.1726 50.2711 45.4409 48.5065 51.4761 52.2395 52.0741 52.909 45.924 50.218 49.3935 50.6028 53.8885 54.9625 52.759 52.538 51.8087 48.5818 48.855 54.5356 50.7468 51.6825 51.2752 49.7309 
53.3213 47.5749 49.0788 49.5965 48.2808 48.5527 53.5001 46.9279 48.8796 50.052 51.9373 51.1479 45.2537 48.4015 47.7059 48.5767 47.9923 46.3744 49.303 53.6176 49.3469 48.7621 50.5358 50.8954 51.8045 44.3389 51.2451 46.8235 45.3837 50.1954 51.9091 47.1949 45.8933 51.2174 52.8919 52.3629 50.4386 51.1586 47.7558 48.2723 48.5167 48.0594 47.562 45.2261 52.1979 47.7628 46.6306 50.2454 50.0282 48.9136 47.7977 53.3452 46.7102 55.9337 50.2943 50.1773 51.8309 47.1319 49.1059 47.2946 48.6504 48.2803 49.4558 48.9837 47.7186 51.1862 47.9059 49.7405 48.4543 47.7247 47.4711 45.3913 46.4836 52.1458 50.1903 46.8327 51.0829 50.3681 47.9132 48.0595 45.6383 50.2051 45.6472 52.6315 50.2418 51.0686 50.6028 43.7776 51.0135 48.4478 49.8092 50.1389 50.1986 44.3872 48.5222 50.7581 44.9849 47.161 50.622 47.8964 50.3819 47.3152 49.7523 48.4062 51.8442 47.7643 44.7487 50.8663 48.6968 49.9622 49.954 49.1406 50.8068 47.6895 45.4584 49.3186 44.336 43.6674 49.5496 46.1501 51.764 49.1151 46.2223 49.9753 46.3126 50.114 49.7826 48.9537 48.1159 52.9183 50.3897 50.6478 51.7087 47.1313 51.5865 48.0475 50.3931 48.1069 52.415 49.6246 49.6314 51.3252 51.5606 46.6628 49.5788 47.837 48.6024 49.1759 49.1226 49.1597 50.2032 46.5083 44.0737 49.2304 44.1098 47.9492 51.5342 49.5574 47.4519 50.0519 50.7394 53.5369 48.87 51.3804 46.7086 50.2576 49.0828 49.0189 48.4954 50.8052 49.6554 45.2508 50.9568 47.0558 49.0981 50.578 48.9684 46.3684 47.8453 47.1205 49.8515 50.777 47.8686 50.1661 46.2883 46.4345 47.1577 47.3403 47.9778 51.2729 49.4029 48.0527 49.4594 47.7863 49.1081 54.5449 50.5838 48.6187 48.2606 49.6742 
